{
  "correct_idxs": [
    0,
    1,
    3,
    5,
    6,
    7,
    10,
    11,
    13,
    14,
    16,
    17,
    19,
    20,
    21,
    24,
    25,
    28,
    29,
    31,
    33,
    35,
    36,
    38,
    39,
    40,
    42,
    43,
    46,
    47,
    48,
    49,
    50,
    51,
    53,
    55,
    57,
    58,
    59,
    60,
    63,
    66,
    67,
    69,
    70,
    74,
    75,
    76,
    77,
    78,
    79,
    80,
    82,
    83,
    86,
    87,
    89,
    90,
    91,
    92,
    94,
    95,
    96,
    97,
    98,
    100,
    103,
    104,
    105,
    107,
    109,
    110,
    111,
    112,
    113,
    114,
    115,
    117,
    118,
    119,
    120,
    121,
    122,
    125,
    127,
    128,
    130,
    132,
    133,
    134,
    135,
    136,
    137,
    138,
    141,
    142,
    145,
    147,
    148,
    150,
    151,
    152,
    154,
    155,
    156,
    157,
    158,
    159,
    160,
    162,
    163,
    164,
    165,
    166,
    167,
    168,
    169,
    170,
    171,
    172,
    173,
    174,
    175,
    176,
    177,
    178,
    179,
    180,
    181,
    182,
    183,
    184,
    186,
    187,
    188,
    189,
    190,
    191,
    194,
    195,
    198
  ],
  "correct_rate": 70.5,
  "negative_samples_avg_ppl": 0.547407831462775,
  "positive_samples_avg_ppl": 0.2357265333305971
}