{
  "correct_idxs": [
    1,
    2,
    3,
    5,
    7,
    8,
    10,
    13,
    15,
    22,
    24,
    27,
    30,
    32,
    33,
    35,
    37,
    38,
    39,
    41,
    43,
    44,
    45,
    47,
    48,
    50,
    52,
    53,
    55,
    57,
    61,
    63,
    64,
    68,
    69,
    72,
    75,
    76,
    77,
    78,
    79,
    81,
    82,
    85,
    86,
    87,
    90,
    91,
    92,
    95,
    96,
    97,
    98,
    99,
    103,
    104,
    108,
    110,
    111,
    114,
    118,
    122,
    124,
    125,
    126,
    127,
    128,
    130,
    131,
    132,
    133,
    134,
    138,
    139,
    140,
    141,
    143,
    144,
    145,
    146,
    148,
    153,
    154,
    156,
    161,
    166,
    167,
    173,
    176,
    179,
    182,
    186,
    187,
    188,
    193,
    194,
    195,
    198
  ],
  "correct_rate": 49.0,
  "negative_samples_avg_ppl": 1516.6775528743206,
  "positive_samples_avg_ppl": 1510.6615753917742
}