{
  "correct_idxs": [
    1,
    2,
    3,
    5,
    6,
    7,
    10,
    13,
    16,
    22,
    23,
    24,
    25,
    30,
    32,
    35,
    36,
    37,
    39,
    41,
    43,
    44,
    45,
    46,
    47,
    49,
    50,
    52,
    53,
    55,
    57,
    58,
    59,
    61,
    63,
    64,
    65,
    69,
    71,
    75,
    76,
    77,
    79,
    81,
    82,
    85,
    86,
    87,
    88,
    90,
    91,
    92,
    95,
    96,
    97,
    98,
    99,
    103,
    104,
    107,
    108,
    110,
    112,
    114,
    115,
    119,
    122,
    124,
    125,
    126,
    127,
    128,
    130,
    133,
    136,
    138,
    139,
    140,
    143,
    144,
    145,
    148,
    154,
    155,
    159,
    161,
    166,
    167,
    169,
    172,
    173,
    176,
    177,
    179,
    180,
    182,
    188,
    190,
    192,
    193,
    194,
    195,
    196
  ],
  "correct_rate": 51.5,
  "negative_samples_avg_ppl": 1998.7817710567329,
  "positive_samples_avg_ppl": 1973.701582786503
}