{
  "correct_idxs": [
    0,
    1,
    6,
    8,
    10,
    11,
    13,
    14,
    15,
    17,
    18,
    21,
    22,
    23,
    24,
    26,
    28,
    29,
    30,
    31,
    32,
    33,
    34,
    36,
    37,
    39,
    40,
    41,
    42,
    43,
    44,
    45,
    46,
    47,
    48,
    51,
    53,
    54,
    57,
    59,
    60,
    61,
    64,
    67,
    70,
    73,
    74,
    76,
    77,
    79,
    80,
    81,
    83,
    84,
    86,
    89,
    90,
    92,
    93,
    94,
    95,
    99,
    100,
    101,
    102,
    103,
    105,
    107,
    109,
    110,
    111,
    112,
    113,
    114,
    116,
    117,
    118,
    120,
    121,
    122,
    123,
    125,
    127,
    131,
    132,
    134,
    135,
    137,
    138,
    139,
    140,
    141,
    142,
    143,
    145,
    146,
    151,
    152,
    154,
    155,
    156,
    157,
    158,
    162,
    163,
    164,
    166,
    167,
    168,
    169,
    170,
    172,
    173,
    174,
    175,
    176,
    177,
    179,
    180,
    182,
    186,
    188,
    190,
    192,
    193,
    194,
    196,
    198
  ],
  "correct_rate": 64.0,
  "negative_samples_avg_ppl": 105.3450952472522,
  "positive_samples_avg_ppl": 75.2013695698413
}