{
  "correct_idxs": [
    4,
    5,
    6,
    10,
    11,
    12,
    13,
    14,
    15,
    17,
    18,
    19,
    20,
    21,
    22,
    28,
    30,
    33,
    34,
    35,
    37,
    39,
    40,
    41,
    42,
    43,
    44,
    46,
    50,
    51,
    52,
    53,
    54,
    55,
    56,
    57,
    60,
    62,
    65,
    67,
    69,
    70,
    71,
    72,
    77,
    79,
    80,
    82,
    83,
    85,
    87,
    89,
    90,
    91,
    93,
    94,
    95,
    96,
    97,
    98,
    101,
    102,
    103,
    104,
    106,
    108,
    112,
    114,
    115,
    116,
    119,
    122,
    123,
    126,
    127,
    128,
    130,
    132,
    135,
    137,
    139,
    141,
    145,
    146,
    148,
    150,
    152,
    153,
    154,
    155,
    156,
    157,
    158,
    163,
    164,
    165,
    167,
    169,
    170,
    173,
    174,
    175,
    177,
    179,
    181,
    182,
    183,
    184,
    186,
    187,
    192,
    197,
    199
  ],
  "correct_rate": 56.5,
  "negative_samples_avg_ppl": 14.759450897674485,
  "positive_samples_avg_ppl": 13.412027255575955
}