{
  "correct_idxs": [
    0,
    3,
    4,
    5,
    6,
    7,
    8,
    9,
    10,
    11,
    12,
    13,
    14,
    15,
    16,
    17,
    19,
    24,
    25,
    26,
    27,
    30,
    31,
    32,
    35,
    36,
    37,
    38,
    40,
    41,
    43,
    44,
    47,
    48,
    49,
    50,
    52,
    53,
    54,
    56,
    58,
    59,
    60,
    62,
    63,
    64,
    65,
    66,
    68,
    70,
    73,
    75,
    76,
    77,
    78,
    83,
    84,
    85,
    87,
    91,
    92,
    95,
    97,
    100,
    102,
    104,
    108,
    109,
    110,
    111,
    112,
    113,
    114,
    115,
    117,
    118,
    120,
    121,
    122,
    124,
    125,
    129,
    131,
    133,
    134,
    135,
    136,
    138,
    141,
    144,
    145,
    146,
    147,
    150,
    153,
    155,
    156,
    157,
    159,
    162,
    163,
    165,
    168,
    172,
    173,
    174,
    175,
    176,
    178,
    184,
    186,
    187,
    189,
    190,
    192,
    193,
    194,
    195,
    196,
    197,
    198,
    199
  ],
  "correct_rate": 61.0,
  "negative_samples_avg_ppl": 224.96333282592943,
  "positive_samples_avg_ppl": 142.1024411363608
}