{
  "correct_idxs": [
    0,
    1,
    2,
    3,
    5,
    6,
    7,
    8,
    9,
    11,
    13,
    14,
    15,
    16,
    17,
    19,
    20,
    22,
    23,
    24,
    25,
    26,
    27,
    29,
    31,
    35,
    36,
    38,
    39,
    40,
    41,
    42,
    43,
    44,
    45,
    46,
    48,
    49,
    50,
    51,
    52,
    53,
    54,
    55,
    57,
    58,
    59,
    60,
    63,
    64,
    65,
    66,
    67,
    69,
    70,
    71,
    73,
    74,
    75,
    76,
    77,
    78,
    79,
    80,
    81,
    82,
    83,
    86,
    89,
    90,
    91,
    93,
    94,
    95,
    96,
    97,
    98,
    99,
    100,
    103,
    104,
    105,
    107,
    108,
    109,
    110,
    111,
    112,
    113,
    114,
    115,
    116,
    117,
    118,
    119,
    120,
    121,
    123,
    125,
    128,
    129,
    130,
    132,
    133,
    134,
    135,
    137,
    138,
    139,
    140,
    141,
    142,
    143,
    145,
    146,
    147,
    148,
    150,
    151,
    152,
    154,
    155,
    156,
    157,
    158,
    159,
    160,
    162,
    163,
    164,
    165,
    166,
    167,
    168,
    169,
    170,
    171,
    172,
    173,
    174,
    175,
    176,
    177,
    178,
    179,
    180,
    183,
    184,
    185,
    186,
    187,
    189,
    190,
    191,
    192,
    193,
    194,
    195,
    198,
    199
  ],
  "correct_rate": 80.0,
  "negative_samples_avg_ppl": 0.9587707113475249,
  "positive_samples_avg_ppl": 0.3570076942792367
}