{
  "correct_idxs": [
    0,
    2,
    5,
    6,
    9,
    10,
    13,
    14,
    15,
    16,
    17,
    18,
    19,
    20,
    21,
    22,
    23,
    25,
    26,
    28,
    29,
    30,
    31,
    32,
    34,
    35,
    36,
    37,
    38,
    40,
    42,
    43,
    44,
    45,
    46,
    48,
    50,
    52,
    53,
    54,
    56,
    58,
    59,
    60,
    61,
    62,
    64,
    66,
    67,
    69,
    70,
    72,
    73,
    74,
    75,
    76,
    77,
    78,
    79,
    81,
    82,
    83,
    87,
    88,
    89,
    90,
    91,
    92,
    93,
    94,
    95,
    96,
    97,
    98,
    99,
    102,
    103,
    104,
    106,
    107,
    108,
    110,
    111,
    113,
    114,
    115,
    116,
    117,
    121,
    122,
    123,
    124,
    126,
    127,
    128,
    129,
    131,
    132,
    133,
    134,
    135,
    136,
    137,
    138,
    139,
    140,
    141,
    142,
    144,
    145,
    148,
    149,
    152,
    153,
    155,
    156,
    158,
    159,
    160,
    161,
    162,
    163,
    164,
    165,
    166,
    167,
    168,
    169,
    170,
    171,
    172,
    173,
    175,
    180,
    181,
    182,
    183,
    184,
    185,
    186,
    187,
    188,
    189,
    190,
    191,
    193,
    194,
    195,
    197,
    198,
    199
  ],
  "correct_rate": 75.5,
  "negative_samples_avg_ppl": 0.6255759122569853,
  "positive_samples_avg_ppl": 0.09874915483670768
}