{
  "correct_idxs": [
    0,
    1,
    2,
    3,
    4,
    5,
    6,
    7,
    8,
    9,
    10,
    11,
    12,
    13,
    14,
    16,
    18,
    19,
    20,
    21,
    22,
    23,
    25,
    26,
    27,
    29,
    30,
    31,
    32,
    33,
    34,
    35,
    36,
    37,
    39,
    40,
    43,
    44,
    45,
    46,
    47,
    48,
    49,
    50,
    51,
    53,
    54,
    55,
    56,
    57,
    58,
    59,
    60,
    61,
    62,
    63,
    64,
    65,
    66,
    67,
    69,
    70,
    71,
    73,
    74,
    76,
    77,
    78,
    80,
    81,
    82,
    83,
    86,
    87,
    88,
    90,
    91,
    92,
    93,
    94,
    95,
    96,
    97,
    98,
    99,
    102,
    103,
    104,
    105,
    106,
    107,
    108,
    109,
    110,
    112,
    113,
    114,
    116,
    117,
    118,
    119,
    120,
    121,
    122,
    123,
    124,
    125,
    126,
    127,
    128,
    129,
    130,
    131,
    132,
    133,
    135,
    139,
    141,
    143,
    146,
    147,
    148,
    149,
    150,
    152,
    153,
    154,
    155,
    156,
    157,
    158,
    159,
    160,
    161,
    163,
    164,
    165,
    166,
    167,
    168,
    171,
    172,
    174,
    175,
    176,
    177,
    178,
    179,
    182,
    185,
    186,
    187,
    188,
    189,
    191,
    194,
    195,
    197,
    199
  ],
  "correct_rate": 79.5,
  "negative_samples_avg_ppl": 93.95645412059109,
  "positive_samples_avg_ppl": 62.05142910785362
}