{
  "correct_idxs": [
    0,
    4,
    5,
    6,
    7,
    9,
    10,
    11,
    15,
    16,
    17,
    18,
    19,
    21,
    23,
    24,
    25,
    28,
    30,
    31,
    32,
    34,
    35,
    36,
    37,
    38,
    39,
    40,
    43,
    45,
    46,
    48,
    53,
    56,
    57,
    58,
    60,
    63,
    64,
    68,
    69,
    70,
    72,
    73,
    74,
    76,
    77,
    78,
    80,
    81,
    83,
    84,
    85,
    87,
    90,
    94,
    95,
    97,
    100,
    102,
    103,
    104,
    105,
    107,
    110,
    112,
    113,
    116,
    119,
    120,
    121,
    122,
    123,
    125,
    126,
    127,
    128,
    133,
    134,
    135,
    136,
    138,
    142,
    143,
    145,
    146,
    148,
    149,
    150,
    152,
    156,
    160,
    161,
    163,
    164,
    165,
    169,
    171,
    175,
    178,
    182,
    184,
    185,
    189,
    192,
    193,
    194,
    195,
    196,
    197,
    199
  ],
  "correct_rate": 55.75,
  "negative_samples_avg_ppl": 6.733181500309753,
  "positive_samples_avg_ppl": 6.398407243628613
}