{
  "correct_idxs": [
    0,
    2,
    3,
    4,
    6,
    7,
    8,
    9,
    10,
    11,
    12,
    13,
    14,
    16,
    19,
    21,
    22,
    23,
    25,
    27,
    29,
    30,
    33,
    34,
    35,
    36,
    37,
    38,
    39,
    40,
    41,
    42,
    43,
    44,
    53,
    54,
    55,
    56,
    58,
    59,
    60,
    61,
    62,
    63,
    64,
    65,
    66,
    67,
    68,
    69,
    71,
    73,
    74,
    76,
    77,
    83,
    85,
    86,
    88,
    89,
    91,
    94,
    95,
    96,
    99,
    101,
    103,
    104,
    105,
    106,
    107,
    108,
    110,
    113,
    114,
    115,
    117,
    118,
    120,
    122,
    124,
    125,
    126,
    127,
    128,
    129,
    130,
    131,
    133,
    134,
    135,
    138,
    139,
    140,
    141,
    142,
    145,
    146,
    147,
    148,
    149,
    151,
    152,
    153,
    154,
    157,
    160,
    162,
    163,
    165,
    168,
    169,
    170,
    171,
    172,
    175,
    176,
    178,
    179,
    181,
    182,
    185,
    187,
    189,
    190,
    192,
    193,
    196,
    197,
    199
  ],
  "correct_rate": 65.0,
  "negative_samples_avg_ppl": 0.3353680564563829,
  "positive_samples_avg_ppl": 0.15902636480502055
}