{
  "correct_idxs": [
    1,
    2,
    4,
    8,
    9,
    10,
    11,
    12,
    13,
    15,
    19,
    20,
    21,
    22,
    23,
    25,
    26,
    28,
    29,
    30,
    31,
    35,
    37,
    38,
    40,
    41,
    42,
    45,
    46,
    48,
    49,
    51,
    52,
    54,
    56,
    57,
    60,
    63,
    67,
    68,
    70,
    71,
    72,
    73,
    75,
    76,
    77,
    80,
    81,
    82,
    85,
    88,
    92,
    93,
    94,
    96,
    97,
    102,
    105,
    106,
    107,
    108,
    109,
    110,
    112,
    113,
    115,
    120,
    123,
    125,
    126,
    129,
    131,
    132,
    133,
    136,
    137,
    139,
    140,
    142,
    144,
    145,
    147,
    148,
    149,
    150,
    151,
    153,
    155,
    157,
    158,
    159,
    160,
    161,
    167,
    168,
    169,
    170,
    172,
    173,
    174,
    175,
    176,
    178,
    180,
    181,
    182,
    189,
    190,
    191,
    192,
    193,
    195,
    199
  ],
  "correct_rate": 57.0,
  "negative_samples_avg_ppl": 0.39101665011469844,
  "positive_samples_avg_ppl": 0.3404729769385195
}