{
  "correct_idxs": [
    0,
    2,
    4,
    5,
    6,
    7,
    11,
    12,
    13,
    14,
    15,
    16,
    17,
    18,
    20,
    22,
    23,
    24,
    25,
    29,
    30,
    33,
    34,
    35,
    36,
    37,
    40,
    41,
    42,
    43,
    44,
    45,
    46,
    47,
    48,
    49,
    50,
    51,
    52,
    53,
    55,
    56,
    57,
    58,
    59,
    60,
    61,
    64,
    66,
    67,
    68,
    69,
    70,
    71,
    72,
    73,
    75,
    76,
    77,
    78,
    79,
    80,
    81,
    82,
    83,
    85,
    86,
    87,
    88,
    90,
    91,
    92,
    93,
    95,
    96,
    97,
    98,
    99,
    100,
    101,
    102,
    104,
    105,
    106,
    107,
    108,
    109,
    110,
    111,
    112,
    113,
    114,
    115,
    116,
    120,
    121,
    122,
    125,
    126,
    129,
    130,
    131,
    132,
    133,
    134,
    136,
    138,
    140,
    143,
    144,
    145,
    147,
    149,
    150,
    152,
    153,
    154,
    155,
    157,
    158,
    160,
    164,
    165,
    166,
    168,
    169,
    170,
    171,
    173,
    174,
    175,
    176,
    177,
    178,
    179,
    181,
    182,
    183,
    184,
    185,
    186,
    187,
    189,
    191,
    193,
    196,
    198
  ],
  "correct_rate": 73.5,
  "negative_samples_avg_ppl": 0.525997762706062,
  "positive_samples_avg_ppl": 0.1664234153607847
}