{
  "correct_idxs": [
    2,
    4,
    5,
    6,
    7,
    8,
    14,
    15,
    16,
    17,
    19,
    21,
    22,
    23,
    24,
    27,
    28,
    29,
    30,
    31,
    32,
    33,
    35,
    38,
    39,
    45,
    46,
    47,
    49,
    53,
    56,
    61,
    62,
    63,
    65,
    66,
    67,
    71,
    77,
    81,
    82,
    84,
    85,
    86,
    87,
    88,
    97,
    98,
    103,
    106,
    107,
    109,
    111,
    112,
    113,
    116,
    118,
    120,
    121,
    123,
    124,
    125,
    127,
    130,
    133,
    134,
    136,
    137,
    140,
    144,
    145,
    147,
    149,
    151,
    154,
    155,
    156,
    157,
    159,
    160,
    161,
    162,
    163,
    164,
    166,
    167,
    168,
    170,
    171,
    173,
    174,
    175,
    176,
    179,
    181,
    182,
    183,
    184,
    185,
    186,
    187,
    189,
    193,
    196,
    197,
    199
  ],
  "correct_rate": 53.0,
  "negative_samples_avg_ppl": 161.4562547694904,
  "positive_samples_avg_ppl": 162.0342374739442
}