{
  "correct_idxs": [
    0,
    3,
    4,
    8,
    9,
    11,
    12,
    13,
    14,
    16,
    18,
    19,
    22,
    23,
    24,
    26,
    29,
    30,
    33,
    34,
    35,
    36,
    38,
    39,
    40,
    41,
    43,
    45,
    46,
    48,
    49,
    57,
    60,
    62,
    63,
    65,
    66,
    67,
    68,
    69,
    71,
    72,
    76,
    80,
    81,
    82,
    86,
    89,
    91,
    92,
    95,
    97,
    98,
    100,
    102,
    103,
    104,
    108,
    109,
    110,
    111,
    114,
    115,
    118,
    120,
    122,
    127,
    128,
    129,
    130,
    131,
    132,
    134,
    135,
    139,
    141,
    143,
    144,
    145,
    146,
    148,
    149,
    150,
    155,
    156,
    157,
    158,
    160,
    161,
    162,
    163,
    164,
    165,
    168,
    169,
    170,
    171,
    174,
    176,
    177,
    178,
    179,
    180,
    182,
    183,
    184,
    185,
    187,
    192,
    195,
    197,
    198,
    199
  ],
  "correct_rate": 56.5,
  "negative_samples_avg_ppl": 146.59697416240397,
  "positive_samples_avg_ppl": 120.94432490527669
}