{
  "correct_idxs": [
    0,
    3,
    4,
    5,
    12,
    16,
    17,
    18,
    19,
    20,
    27,
    28,
    30,
    31,
    33,
    38,
    39,
    44,
    46,
    48,
    49,
    50,
    53,
    58,
    66,
    68,
    73,
    74,
    75,
    76,
    77,
    79,
    82,
    83,
    84,
    86,
    88,
    92,
    93,
    95,
    100,
    101,
    102,
    107,
    108,
    109,
    113,
    119,
    120,
    123,
    124,
    125,
    127,
    128,
    129,
    130,
    132,
    138,
    139,
    143,
    144,
    148,
    150,
    151,
    153,
    154,
    155,
    157,
    161,
    163,
    164,
    165,
    169,
    170,
    174,
    176,
    177,
    181,
    184,
    185,
    186,
    188,
    189,
    190,
    195,
    196
  ],
  "correct_rate": 43.0,
  "negative_samples_avg_ppl": 6.2967213768226875,
  "positive_samples_avg_ppl": 6.512259076524423
}