{
  "correct_idxs": [
    1,
    4,
    8,
    12,
    14,
    16,
    17,
    20,
    22,
    23,
    25,
    26,
    27,
    29,
    30,
    32,
    33,
    34,
    35,
    36,
    38,
    39,
    40,
    44,
    45,
    46,
    50,
    53,
    55,
    56,
    57,
    58,
    59,
    60,
    65,
    67,
    68,
    69,
    70,
    76,
    77,
    79,
    80,
    81,
    82,
    84,
    86,
    87,
    89,
    90,
    91,
    92,
    93,
    94,
    96,
    97,
    98,
    99,
    100,
    104,
    106,
    108,
    109,
    110,
    113,
    115,
    117,
    120,
    126,
    130,
    133,
    135,
    136,
    138,
    139,
    142,
    144,
    145,
    147,
    149,
    151,
    152,
    154,
    156,
    161,
    162,
    163,
    164,
    166,
    173,
    178,
    180,
    181,
    182,
    184,
    185,
    190,
    194,
    198,
    199
  ],
  "correct_rate": 50.0,
  "negative_samples_avg_ppl": 10415.953128028044,
  "positive_samples_avg_ppl": 8435.09590194744
}