{
  "correct_idxs": [],
  "correct_rate": 0.0,
  "negative_samples_avg_ppl": 6.3829655411975645,
  "positive_samples_avg_ppl": 6.3829655411975645
}