{
  "correct_idxs": [
    0,
    2,
    4,
    7,
    10,
    13,
    16,
    17,
    19,
    20,
    22,
    25,
    26,
    27,
    28,
    29,
    30,
    31,
    33,
    34,
    36,
    37,
    38,
    39,
    40,
    41,
    43,
    44,
    46,
    48,
    49,
    52,
    54,
    55,
    56,
    59,
    60,
    61,
    62,
    64,
    65,
    68,
    70,
    72,
    74,
    75,
    76,
    77,
    78,
    79,
    81,
    85,
    87,
    88,
    90,
    91,
    92,
    93,
    95,
    96,
    98,
    99,
    100,
    102,
    103,
    104,
    105,
    106,
    108,
    112,
    113,
    115,
    116,
    118,
    120,
    122,
    123,
    124,
    125,
    126,
    127,
    130,
    131,
    134,
    135,
    137,
    140,
    141,
    142,
    143,
    144,
    145,
    146,
    147,
    148,
    150,
    151,
    152,
    153,
    154,
    155,
    157,
    159,
    161,
    163,
    164,
    168,
    169,
    170,
    173,
    174,
    175,
    176,
    177,
    180,
    181,
    183,
    184,
    186,
    187,
    192,
    196,
    197
  ],
  "correct_rate": 61.5,
  "negative_samples_avg_ppl": 333.5360761216116,
  "positive_samples_avg_ppl": 202.80625024759345
}