{
  "correct_idxs": [
    0,
    1,
    2,
    4,
    6,
    7,
    8,
    10,
    12,
    13,
    15,
    18,
    19,
    21,
    22,
    23,
    25,
    26,
    27,
    28,
    29,
    33,
    34,
    36,
    38,
    39,
    40,
    41,
    42,
    43,
    44,
    45,
    46,
    47,
    48,
    49,
    51,
    52,
    54,
    56,
    59,
    60,
    62,
    63,
    64,
    65,
    66,
    67,
    71,
    72,
    75,
    77,
    78,
    79,
    80,
    81,
    82,
    85,
    87,
    92,
    95,
    96,
    97,
    98,
    99,
    101,
    102,
    104,
    105,
    106,
    108,
    109,
    112,
    115,
    117,
    120,
    125,
    128,
    129,
    130,
    131,
    132,
    134,
    135,
    136,
    137,
    138,
    140,
    142,
    143,
    144,
    145,
    146,
    147,
    148,
    149,
    150,
    154,
    155,
    156,
    157,
    158,
    159,
    160,
    163,
    164,
    166,
    167,
    168,
    170,
    171,
    172,
    173,
    174,
    176,
    178,
    180,
    181,
    185,
    186,
    188,
    189,
    190,
    192,
    193,
    199
  ],
  "correct_rate": 63.0,
  "negative_samples_avg_ppl": 5.031540162450473,
  "positive_samples_avg_ppl": 4.360350511868133
}