{
  "correct_idxs": [
    2,
    4,
    8,
    11,
    12,
    14,
    15,
    16,
    17,
    19,
    21,
    22,
    24,
    26,
    27,
    30,
    34,
    36,
    37,
    38,
    40,
    41,
    42,
    43,
    46,
    47,
    48,
    57,
    59,
    60,
    62,
    63,
    65,
    66,
    67,
    68,
    70,
    71,
    73,
    76,
    78,
    82,
    86,
    89,
    90,
    91,
    92,
    94,
    95,
    96,
    97,
    98,
    99,
    100,
    101,
    102,
    103,
    104,
    108,
    109,
    110,
    111,
    112,
    114,
    115,
    117,
    120,
    121,
    122,
    123,
    128,
    129,
    130,
    131,
    132,
    134,
    135,
    138,
    139,
    140,
    141,
    142,
    143,
    144,
    145,
    146,
    148,
    150,
    155,
    157,
    160,
    162,
    163,
    164,
    165,
    169,
    170,
    171,
    174,
    176,
    177,
    178,
    179,
    180,
    181,
    183,
    184,
    185,
    186,
    187,
    191,
    192,
    193,
    195,
    197,
    198,
    199
  ],
  "correct_rate": 58.5,
  "negative_samples_avg_ppl": 5.940645131055642,
  "positive_samples_avg_ppl": 4.173861648797319
}