{
  "correct_idxs": [
    2,
    4,
    5,
    6,
    8,
    15,
    16,
    18,
    20,
    21,
    22,
    27,
    28,
    30,
    32,
    33,
    35,
    38,
    39,
    41,
    42,
    44,
    46,
    48,
    50,
    53,
    58,
    60,
    61,
    62,
    67,
    68,
    70,
    73,
    74,
    75,
    76,
    77,
    78,
    79,
    81,
    83,
    86,
    88,
    90,
    92,
    93,
    95,
    96,
    100,
    103,
    105,
    107,
    108,
    109,
    110,
    112,
    114,
    115,
    118,
    125,
    128,
    129,
    130,
    131,
    137,
    138,
    139,
    141,
    143,
    144,
    145,
    147,
    148,
    150,
    152,
    153,
    154,
    155,
    156,
    159,
    161,
    163,
    165,
    166,
    167,
    169,
    173,
    175,
    176,
    177,
    179,
    182,
    184,
    185,
    186,
    190,
    191,
    192,
    194,
    195
  ],
  "correct_rate": 50.5,
  "negative_samples_avg_ppl": 21.87226858713834,
  "positive_samples_avg_ppl": 21.321535326640106
}