{
  "correct_idxs": [
    1,
    2,
    3,
    4,
    5,
    6,
    8,
    10,
    16,
    20,
    21,
    27,
    28,
    31,
    32,
    33,
    35,
    38,
    41,
    42,
    44,
    46,
    48,
    53,
    55,
    58,
    61,
    62,
    68,
    73,
    74,
    75,
    76,
    77,
    78,
    79,
    80,
    81,
    83,
    84,
    85,
    86,
    87,
    91,
    92,
    94,
    95,
    101,
    103,
    105,
    107,
    108,
    109,
    110,
    112,
    114,
    118,
    119,
    125,
    128,
    130,
    133,
    137,
    138,
    139,
    141,
    143,
    147,
    148,
    150,
    152,
    154,
    155,
    156,
    159,
    161,
    163,
    166,
    167,
    169,
    173,
    175,
    176,
    179,
    182,
    183,
    184,
    185,
    186,
    189,
    190,
    191,
    192,
    195
  ],
  "correct_rate": 47.0,
  "negative_samples_avg_ppl": 21.936733219847294,
  "positive_samples_avg_ppl": 21.321535326640106
}