{
  "correct_idxs": [
    0,
    1,
    3,
    5,
    6,
    7,
    8,
    9,
    10,
    11,
    12,
    13,
    15,
    17,
    18,
    19,
    21,
    22,
    26,
    30,
    31,
    33,
    34,
    39,
    41,
    43,
    45,
    46,
    49,
    51,
    52,
    53,
    54,
    56,
    58,
    60,
    64,
    65,
    71,
    72,
    75,
    76,
    77,
    79,
    82,
    83,
    84,
    85,
    90,
    93,
    94,
    95,
    96,
    97,
    102,
    103,
    106,
    107,
    113,
    115,
    122,
    123,
    125,
    126,
    129,
    135,
    136,
    139,
    144,
    145,
    149,
    151,
    152,
    153,
    154,
    155,
    158,
    159,
    160,
    161,
    163,
    166,
    169,
    171,
    173,
    176,
    177,
    178,
    182,
    186,
    188,
    189,
    190,
    196,
    197,
    199
  ],
  "correct_rate": 48.0,
  "negative_samples_avg_ppl": 935.4975532078095,
  "positive_samples_avg_ppl": 1136.6619663712954
}