{
  "correct_idxs": [
    1,
    3,
    4,
    6,
    7,
    8,
    9,
    10,
    11,
    12,
    13,
    15,
    16,
    18,
    19,
    26,
    30,
    31,
    39,
    41,
    43,
    46,
    48,
    49,
    51,
    54,
    58,
    59,
    62,
    64,
    65,
    68,
    71,
    75,
    76,
    77,
    78,
    79,
    83,
    84,
    85,
    88,
    91,
    94,
    97,
    100,
    101,
    103,
    105,
    106,
    108,
    110,
    113,
    115,
    116,
    117,
    119,
    120,
    122,
    123,
    124,
    125,
    126,
    129,
    131,
    135,
    136,
    139,
    143,
    145,
    151,
    152,
    155,
    156,
    161,
    162,
    164,
    165,
    166,
    171,
    172,
    173,
    174,
    176,
    177,
    186,
    188,
    190,
    191,
    197,
    198
  ],
  "correct_rate": 45.5,
  "negative_samples_avg_ppl": 1017.2835826617761,
  "positive_samples_avg_ppl": 1154.600415311205
}