{
  "correct_idxs": [
    0,
    3,
    7,
    9,
    11,
    12,
    19,
    21,
    22,
    31,
    41,
    43,
    45,
    46,
    51,
    52,
    53,
    54,
    58,
    64,
    68,
    72,
    77,
    90,
    95,
    96,
    103,
    106,
    107,
    125,
    126,
    139,
    144,
    149,
    153,
    154,
    159,
    160,
    171,
    176,
    177,
    178,
    188,
    189,
    190,
    196
  ],
  "correct_rate": 47.916666666666664,
  "negative_samples_avg_ppl": 706.990242889563,
  "positive_samples_avg_ppl": 930.9428750243466
}