{
  "correct_idxs": [
    1,
    3,
    4,
    5,
    6,
    7,
    8,
    9,
    10,
    12,
    13,
    15,
    16,
    18,
    19,
    21,
    22,
    26,
    30,
    31,
    34,
    39,
    41,
    43,
    45,
    46,
    48,
    49,
    51,
    52,
    53,
    54,
    56,
    58,
    62,
    64,
    65,
    71,
    72,
    75,
    76,
    77,
    78,
    79,
    81,
    83,
    84,
    85,
    90,
    94,
    96,
    97,
    100,
    101,
    102,
    103,
    106,
    107,
    113,
    115,
    122,
    123,
    125,
    126,
    129,
    131,
    135,
    136,
    139,
    140,
    144,
    145,
    149,
    151,
    153,
    155,
    156,
    159,
    160,
    161,
    163,
    166,
    169,
    171,
    173,
    176,
    177,
    178,
    182,
    186,
    188,
    189,
    190,
    199
  ],
  "correct_rate": 47.0,
  "negative_samples_avg_ppl": 921.2809881245295,
  "positive_samples_avg_ppl": 1112.8366142479026
}