{
  "correct_idxs": [
    1,
    2,
    6,
    7,
    8,
    11,
    13,
    15,
    20,
    22,
    24,
    25,
    27,
    28,
    29,
    30,
    31,
    33,
    34,
    36,
    37,
    38,
    39,
    40,
    41,
    43,
    46,
    48,
    52,
    53,
    54,
    58,
    60,
    62,
    65,
    68,
    69,
    70,
    74,
    75,
    76,
    78,
    83,
    86,
    87,
    88,
    90,
    92,
    95,
    96,
    98,
    99,
    100,
    101,
    102,
    105,
    106,
    108,
    111,
    112,
    115,
    116,
    118,
    120,
    121,
    125,
    126,
    127,
    130,
    133,
    134,
    135,
    136,
    140,
    141,
    142,
    143,
    144,
    145,
    148,
    149,
    150,
    152,
    154,
    157,
    158,
    159,
    161,
    162,
    165,
    168,
    169,
    170,
    172,
    173,
    174,
    175,
    176,
    177,
    178,
    180,
    183,
    186,
    190,
    192,
    196,
    197,
    198,
    199
  ],
  "correct_rate": 54.5,
  "negative_samples_avg_ppl": 0.1624940914917439,
  "positive_samples_avg_ppl": 0.1411551671632252
}