{
  "correct_idxs": [
    1,
    2,
    3,
    5,
    6,
    7,
    8,
    9,
    11,
    12,
    13,
    14,
    16,
    18,
    19,
    21,
    22,
    24,
    25,
    26,
    27,
    28,
    30,
    32,
    33,
    35,
    36,
    37,
    38,
    39,
    40,
    41,
    42,
    43,
    44,
    45,
    48,
    49,
    50,
    52,
    53,
    54,
    55,
    60,
    61,
    63,
    66,
    67,
    69,
    71,
    72,
    73,
    74,
    77,
    78,
    79,
    80,
    82,
    83,
    84,
    85,
    86,
    88,
    89,
    90,
    92,
    93,
    95,
    96,
    97,
    99,
    103,
    104,
    106,
    108,
    109,
    110,
    111,
    112,
    113,
    114,
    115,
    116,
    117,
    118,
    119,
    120,
    121,
    122,
    123,
    124,
    125,
    127,
    128,
    129,
    131,
    132,
    133,
    134,
    135,
    136,
    137,
    140,
    141,
    144,
    146,
    147,
    148,
    149,
    154,
    157,
    158,
    161,
    162,
    163,
    165,
    166,
    167,
    168,
    169,
    170,
    171,
    172,
    174,
    177,
    178,
    179,
    180,
    181,
    182,
    183,
    184,
    185,
    186,
    190,
    194,
    195,
    196,
    199
  ],
  "correct_rate": 69.5,
  "negative_samples_avg_ppl": 5.851402133790587,
  "positive_samples_avg_ppl": 5.009809359788652
}