{
  "correct_idxs": [
    0,
    4,
    5,
    6,
    7,
    8,
    13,
    15,
    17,
    18,
    19,
    20,
    22,
    24,
    26,
    27,
    28,
    30,
    31,
    33,
    35,
    39,
    41,
    45,
    46,
    53,
    54,
    55,
    56,
    61,
    62,
    65,
    66,
    67,
    71,
    73,
    74,
    76,
    77,
    80,
    81,
    82,
    86,
    87,
    88,
    93,
    96,
    98,
    101,
    103,
    105,
    112,
    113,
    116,
    118,
    119,
    120,
    123,
    124,
    125,
    127,
    131,
    135,
    137,
    140,
    142,
    145,
    146,
    147,
    149,
    150,
    151,
    153,
    154,
    155,
    156,
    159,
    160,
    163,
    164,
    165,
    166,
    169,
    170,
    171,
    174,
    175,
    176,
    177,
    179,
    181,
    183,
    184,
    185,
    187,
    188,
    189,
    190,
    191,
    194,
    197
  ],
  "correct_rate": 50.5,
  "negative_samples_avg_ppl": 19.72324116916181,
  "positive_samples_avg_ppl": 19.034167558716973
}