{
  "correct_idxs": [
    5,
    7,
    9,
    10,
    15,
    16,
    18,
    19,
    20,
    21,
    23,
    26,
    28,
    30,
    31,
    32,
    34,
    35,
    36,
    38,
    39,
    40,
    41,
    43,
    46,
    47,
    48,
    49,
    50,
    51,
    52,
    56,
    57,
    60,
    62,
    64,
    65,
    67,
    68,
    73,
    74,
    75,
    78,
    80,
    81,
    82,
    87,
    88,
    89,
    91,
    93,
    94,
    96,
    97,
    98,
    99,
    100,
    101,
    102,
    103,
    104,
    105,
    106,
    111,
    112,
    114,
    115,
    116,
    118,
    120,
    121,
    123,
    126,
    129,
    130,
    132,
    133,
    134,
    135,
    138,
    139,
    141,
    142,
    143,
    144,
    145,
    146,
    147,
    151,
    153,
    154,
    155,
    158,
    159,
    160,
    162,
    163,
    164,
    165,
    167,
    169,
    170,
    172,
    173,
    174,
    175,
    176,
    178,
    179,
    180,
    181,
    182,
    184,
    186,
    189,
    192,
    193,
    199
  ],
  "correct_rate": 59.0,
  "negative_samples_avg_ppl": 0.7422286912352574,
  "positive_samples_avg_ppl": 0.6922003839139539
}