{
  "correct_idxs": [
    2,
    3,
    6,
    8,
    9,
    10,
    12,
    13,
    16,
    19,
    20,
    21,
    22,
    23,
    26,
    27,
    33,
    34,
    35,
    36,
    38,
    40,
    41,
    44,
    54,
    56,
    59,
    61,
    62,
    63,
    64,
    67,
    69,
    70,
    71,
    74,
    75,
    77,
    79,
    82,
    83,
    85,
    86,
    92,
    94,
    95,
    97,
    98,
    99,
    100,
    105,
    106,
    108,
    109,
    112,
    113,
    114,
    116,
    117,
    118,
    119,
    122,
    123,
    124,
    125,
    126,
    127,
    135,
    136,
    137,
    138,
    139,
    140,
    143,
    147,
    149,
    151,
    152,
    154,
    156,
    165,
    167,
    169,
    171,
    172,
    175,
    177,
    178,
    179,
    182,
    185,
    187,
    189,
    190,
    195,
    197,
    198,
    199
  ],
  "correct_rate": 49.0,
  "negative_samples_avg_ppl": 8.605332823860797,
  "positive_samples_avg_ppl": 9.41034082198023
}