{
  "correct_idxs": [
    2,
    3,
    6,
    7,
    8,
    10,
    12,
    13,
    15,
    16,
    19,
    20,
    21,
    23,
    25,
    26,
    27,
    31,
    33,
    34,
    35,
    36,
    38,
    41,
    44,
    50,
    52,
    54,
    56,
    58,
    59,
    61,
    63,
    64,
    65,
    70,
    74,
    75,
    77,
    79,
    82,
    83,
    85,
    88,
    92,
    93,
    94,
    95,
    96,
    97,
    98,
    99,
    104,
    106,
    108,
    109,
    110,
    112,
    115,
    116,
    117,
    118,
    119,
    123,
    124,
    129,
    130,
    135,
    136,
    137,
    138,
    139,
    144,
    147,
    149,
    151,
    152,
    156,
    161,
    162,
    165,
    166,
    167,
    169,
    171,
    172,
    175,
    177,
    178,
    179,
    182,
    184,
    185,
    189,
    195,
    197,
    198,
    199
  ],
  "correct_rate": 49.0,
  "negative_samples_avg_ppl": 465.0146278874484,
  "positive_samples_avg_ppl": 484.13763308854215
}