{
  "correct_idxs": [
    2,
    7,
    8,
    9,
    11,
    12,
    14,
    15,
    16,
    18,
    21,
    22,
    24,
    26,
    27,
    28,
    32,
    34,
    35,
    38,
    39,
    40,
    44,
    45,
    49,
    51,
    52,
    53,
    55,
    59,
    60,
    61,
    62,
    67,
    68,
    70,
    72,
    74,
    75,
    76,
    77,
    78,
    80,
    81,
    82,
    83,
    84,
    86,
    87,
    88,
    91,
    92,
    93,
    96,
    97,
    98,
    101,
    102,
    103,
    104,
    106,
    109,
    111,
    112,
    113,
    114,
    115,
    116,
    117,
    118,
    124,
    126,
    127,
    130,
    131,
    132,
    133,
    134,
    136,
    137,
    138,
    139,
    140,
    141,
    142,
    144,
    149,
    150,
    153,
    154,
    155,
    158,
    159,
    160,
    162,
    163,
    164,
    165,
    166,
    170,
    171,
    172,
    174,
    176,
    178,
    180,
    181,
    184,
    185,
    186,
    187,
    189,
    191,
    192,
    195,
    196,
    198
  ],
  "correct_rate": 58.5,
  "negative_samples_avg_ppl": 54.67697795674507,
  "positive_samples_avg_ppl": 45.02932125825663
}