{
  "correct_idxs": [
    1,
    2,
    3,
    4,
    7,
    8,
    10,
    11,
    12,
    13,
    14,
    15,
    18,
    19,
    21,
    22,
    23,
    25,
    28,
    31,
    34,
    36,
    37,
    39,
    40,
    42,
    44,
    48,
    49,
    50,
    51,
    52,
    54,
    55,
    56,
    57,
    58,
    59,
    60,
    62,
    63,
    65,
    66,
    68,
    71,
    72,
    73,
    74,
    75,
    76,
    77,
    79,
    81,
    82,
    84,
    85,
    86,
    88,
    90,
    92,
    94,
    95,
    96,
    98,
    99,
    100,
    104,
    105,
    107,
    110,
    111,
    113,
    114,
    115,
    117,
    118,
    119,
    120,
    124,
    125,
    126,
    128,
    129,
    130,
    131,
    132,
    134,
    135,
    136,
    137,
    138,
    139,
    140,
    142,
    144,
    145,
    146,
    154,
    155,
    157,
    158,
    159,
    161,
    162,
    164,
    168,
    169,
    170,
    171,
    172,
    173,
    175,
    176,
    180,
    182,
    184,
    185,
    186,
    187,
    190,
    191,
    192,
    194,
    195,
    196,
    198,
    199
  ],
  "correct_rate": 63.5,
  "negative_samples_avg_ppl": 0.593454638280408,
  "positive_samples_avg_ppl": 0.47479264936879784
}