{
  "correct_idxs": [
    1,
    4,
    6,
    7,
    9,
    10,
    11,
    14,
    15,
    17,
    18,
    19,
    21,
    22,
    24,
    27,
    29,
    31,
    33,
    36,
    37,
    38,
    42,
    47,
    50,
    51,
    52,
    54,
    55,
    56,
    57,
    59,
    60,
    63,
    65,
    66,
    67,
    69,
    72,
    74,
    77,
    78,
    81,
    85,
    89,
    91,
    92,
    93,
    94,
    95,
    99,
    100,
    105,
    106,
    108,
    109,
    110,
    111,
    114,
    115,
    116,
    118,
    119,
    121,
    122,
    125,
    126,
    127,
    128,
    129,
    132,
    133,
    134,
    136,
    138,
    139,
    144,
    145,
    146,
    148,
    149,
    150,
    154,
    155,
    156,
    157,
    161,
    163,
    166,
    167,
    169,
    170,
    171,
    172,
    173,
    174,
    175,
    176,
    177,
    179,
    183,
    185,
    186,
    187,
    188,
    189,
    190,
    191,
    192,
    193,
    195,
    196,
    197,
    198
  ],
  "correct_rate": 57.0,
  "negative_samples_avg_ppl": 2.6423545354706914,
  "positive_samples_avg_ppl": 2.366013219244544
}