{
  "correct_idxs": [
    1,
    2,
    5,
    13,
    16,
    19,
    20,
    23,
    25,
    26,
    28,
    29,
    32,
    33,
    35,
    39,
    41,
    42,
    46,
    49,
    53,
    55,
    64,
    69,
    73,
    75,
    81,
    82,
    83,
    84,
    87,
    88,
    89,
    91,
    92,
    94,
    96,
    99,
    100,
    104,
    105,
    107,
    109,
    110,
    112,
    113,
    115,
    117,
    122,
    124,
    125,
    126,
    128,
    132,
    133,
    135,
    136,
    138,
    139,
    142,
    143,
    144,
    145,
    148,
    150,
    151,
    152,
    154,
    159,
    160,
    163,
    164,
    166,
    167,
    168,
    171,
    176,
    177,
    178,
    180,
    182,
    186,
    188,
    191,
    192,
    193,
    194,
    195
  ],
  "correct_rate": 44.0,
  "negative_samples_avg_ppl": 24891.865275498207,
  "positive_samples_avg_ppl": 34490.80966989161
}