{
  "correct_idxs": [
    0,
    3,
    5,
    6,
    8,
    9,
    10,
    11,
    12,
    14,
    17,
    18,
    19,
    20,
    21,
    22,
    23,
    24,
    25,
    26,
    27,
    28,
    29,
    30,
    32,
    33,
    35,
    36,
    37,
    38,
    39,
    40,
    41,
    42,
    43,
    44,
    45,
    46,
    48,
    49,
    50,
    52,
    53,
    54,
    56,
    59,
    60,
    61,
    62,
    63,
    64,
    65,
    66,
    67,
    68,
    69,
    70,
    71,
    72,
    75,
    76,
    77,
    79,
    80,
    81,
    82,
    83,
    86,
    87,
    88,
    89,
    90,
    91,
    92,
    93,
    94,
    95,
    97,
    98,
    99,
    100,
    102,
    103,
    104,
    106,
    107,
    108,
    109,
    110,
    111,
    112,
    113,
    114,
    115,
    116,
    117,
    121,
    122,
    123,
    124,
    125,
    126,
    129,
    130,
    131,
    132,
    133,
    135,
    136,
    137,
    139,
    141,
    142,
    143,
    144,
    145,
    146,
    147,
    148,
    149,
    150,
    152,
    153,
    155,
    158,
    159,
    160,
    161,
    162,
    163,
    164,
    165,
    166,
    167,
    168,
    169,
    170,
    171,
    172,
    173,
    174,
    175,
    176,
    177,
    181,
    182,
    183,
    184,
    187,
    188,
    189,
    193,
    194,
    195,
    197,
    198,
    199
  ],
  "correct_rate": 78.5,
  "negative_samples_avg_ppl": 822.6549153451062,
  "positive_samples_avg_ppl": 244.54997608132393
}