{
  "correct_idxs": [
    5,
    6,
    10,
    11,
    13,
    14,
    15,
    16,
    19,
    20,
    21,
    22,
    23,
    24,
    25,
    28,
    33,
    34,
    35,
    37,
    38,
    40,
    43,
    45,
    46,
    47,
    49,
    50,
    52,
    53,
    55,
    57,
    58,
    59,
    60,
    61,
    62,
    64,
    65,
    67,
    68,
    69,
    71,
    73,
    74,
    77,
    78,
    79,
    80,
    81,
    85,
    86,
    94,
    97,
    98,
    100,
    104,
    106,
    107,
    108,
    109,
    110,
    114,
    116,
    118,
    120,
    122,
    123,
    124,
    125,
    127,
    128,
    130,
    131,
    133,
    134,
    138,
    142,
    143,
    144,
    146,
    151,
    152,
    153,
    154,
    156,
    159,
    161,
    164,
    167,
    168,
    169,
    172,
    175,
    178,
    180,
    182,
    183,
    184,
    188,
    189,
    194,
    195,
    196,
    197,
    198,
    199
  ],
  "correct_rate": 53.5,
  "negative_samples_avg_ppl": 85.47359136099134,
  "positive_samples_avg_ppl": 77.77555102683017
}