{
  "correct_idxs": [
    1,
    3,
    4,
    5,
    6,
    7,
    8,
    10,
    12,
    14,
    16,
    17,
    18,
    19,
    21,
    22,
    23,
    29,
    32,
    33,
    34,
    35,
    38,
    39,
    42,
    45,
    48,
    49,
    51,
    52,
    53,
    56,
    58,
    61,
    62,
    65,
    67,
    71,
    72,
    74,
    76,
    79,
    80,
    83,
    84,
    85,
    88,
    90,
    91,
    93,
    94,
    95,
    96,
    98,
    100,
    105,
    106,
    107,
    108,
    109,
    110,
    114,
    115,
    116,
    119,
    121,
    122,
    124,
    125,
    126,
    128,
    129,
    131,
    132,
    133,
    134,
    136,
    137,
    139,
    142,
    149,
    151,
    153,
    155,
    156,
    157,
    160,
    161,
    162,
    163,
    164,
    167,
    169,
    170,
    171,
    173,
    174,
    176,
    177,
    179,
    182,
    183,
    186,
    187,
    188,
    189,
    190,
    193,
    198
  ],
  "correct_rate": 54.5,
  "negative_samples_avg_ppl": 0.31240983074946876,
  "positive_samples_avg_ppl": 0.2848579954672242
}