{
  "correct_idxs": [
    0,
    3,
    5,
    6,
    7,
    10,
    11,
    12,
    13,
    15,
    16,
    17,
    18,
    19,
    20,
    22,
    23,
    24,
    25,
    26,
    27,
    28,
    30,
    32,
    33,
    34,
    35,
    36,
    37,
    39,
    40,
    42,
    43,
    44,
    46,
    49,
    50,
    51,
    52,
    53,
    55,
    56,
    57,
    58,
    59,
    61,
    65,
    66,
    67,
    68,
    69,
    70,
    71,
    72,
    74,
    75,
    76,
    77,
    78,
    80,
    81,
    83,
    84,
    85,
    86,
    88,
    90,
    91,
    93,
    94,
    96,
    102,
    105,
    106,
    107,
    108,
    110,
    111,
    114,
    115,
    119,
    122,
    123,
    125,
    126,
    127,
    129,
    130,
    131,
    132,
    133,
    134,
    138,
    141,
    142,
    146,
    147,
    148,
    149,
    151,
    152,
    153,
    155,
    156,
    158,
    159,
    160,
    161,
    165,
    166,
    167,
    170,
    171,
    172,
    173,
    174,
    175,
    176,
    177,
    179,
    181,
    183,
    184,
    186,
    187,
    188,
    190,
    193,
    194,
    195,
    198,
    199
  ],
  "correct_rate": 66.0,
  "negative_samples_avg_ppl": 0.4627240259878195,
  "positive_samples_avg_ppl": 0.2608876041570775
}