{
  "correct_idxs": [
    0,
    2,
    3,
    4,
    6,
    8,
    10,
    11,
    12,
    13,
    14,
    15,
    17,
    18,
    20,
    21,
    24,
    25,
    27,
    28,
    30,
    31,
    35,
    37,
    38,
    39,
    40,
    41,
    42,
    43,
    44,
    46,
    49,
    54,
    56,
    59,
    60,
    61,
    64,
    65,
    70,
    72,
    73,
    74,
    76,
    77,
    78,
    79,
    80,
    83,
    84,
    87,
    88,
    90,
    92,
    94,
    96,
    99,
    100,
    102,
    103,
    107,
    108,
    110,
    113,
    114,
    115,
    117,
    121,
    122,
    123,
    124,
    125,
    126,
    127,
    128,
    131,
    132,
    134,
    135,
    139,
    140,
    141,
    143,
    146,
    148,
    150,
    151,
    152,
    154,
    155,
    161,
    162,
    166,
    167,
    169,
    170,
    171,
    172,
    173,
    174,
    177,
    178,
    179,
    182,
    185,
    186,
    188,
    189,
    192,
    193,
    194,
    197,
    198,
    199
  ],
  "correct_rate": 57.5,
  "negative_samples_avg_ppl": 28.765515957071912,
  "positive_samples_avg_ppl": 22.591583493646773
}