{
  "correct_idxs": [
    0,
    1,
    2,
    3,
    4,
    5,
    6,
    9,
    13,
    14,
    15,
    16,
    18,
    20,
    23,
    24,
    28,
    29,
    30,
    31,
    33,
    34,
    37,
    39,
    44,
    45,
    47,
    48,
    50,
    56,
    59,
    60,
    64,
    65,
    71,
    72,
    73,
    74,
    75,
    77,
    78,
    81,
    83,
    90,
    91,
    95,
    96,
    100,
    101,
    103,
    104,
    108,
    110,
    113,
    117,
    119,
    120,
    123,
    124,
    126,
    128,
    131,
    135,
    138,
    140,
    152,
    153,
    156,
    161,
    164,
    165,
    172,
    173,
    175,
    177,
    179,
    183,
    185,
    187,
    189,
    191,
    193,
    195,
    197
  ],
  "correct_rate": 42.0,
  "negative_samples_avg_ppl": 287.9380853985253,
  "positive_samples_avg_ppl": 342.1074843742304
}