{
  "correct_idxs": [
    0,
    2,
    3,
    6,
    8,
    9,
    11,
    15,
    17,
    19,
    20,
    21,
    22,
    24,
    25,
    26,
    27,
    30,
    31,
    32,
    33,
    35,
    36,
    37,
    38,
    39,
    40,
    43,
    45,
    49,
    50,
    53,
    56,
    58,
    59,
    60,
    61,
    62,
    63,
    64,
    66,
    67,
    68,
    69,
    70,
    71,
    72,
    74,
    76,
    77,
    78,
    80,
    81,
    82,
    83,
    84,
    85,
    87,
    88,
    89,
    90,
    93,
    94,
    97,
    98,
    99,
    100,
    102,
    103,
    105,
    107,
    108,
    109,
    112,
    114,
    115,
    116,
    117,
    118,
    119,
    120,
    124,
    125,
    127,
    128,
    130,
    131,
    133,
    134,
    135,
    136,
    142,
    143,
    144,
    145,
    146,
    147,
    149,
    150,
    151,
    152,
    153,
    156,
    158,
    159,
    160,
    161,
    162,
    163,
    165,
    167,
    168,
    169,
    171,
    172,
    174,
    175,
    177,
    178,
    179,
    180,
    184,
    186,
    189,
    191,
    192,
    193,
    194,
    195,
    196,
    197,
    199
  ],
  "correct_rate": 66.0,
  "negative_samples_avg_ppl": 0.016380138373723103,
  "positive_samples_avg_ppl": 0.007415078961652266
}