{
  "correct_idxs": [
    1,
    2,
    6,
    7,
    13,
    14,
    16,
    19,
    20,
    23,
    25,
    26,
    30,
    32,
    35,
    36,
    37,
    39,
    41,
    43,
    44,
    45,
    46,
    47,
    49,
    53,
    55,
    58,
    59,
    61,
    65,
    69,
    71,
    73,
    75,
    77,
    81,
    82,
    84,
    87,
    88,
    91,
    92,
    94,
    99,
    100,
    104,
    106,
    107,
    110,
    112,
    113,
    114,
    115,
    117,
    121,
    122,
    124,
    125,
    126,
    128,
    130,
    133,
    135,
    136,
    138,
    139,
    143,
    144,
    145,
    148,
    150,
    152,
    154,
    161,
    163,
    164,
    166,
    167,
    172,
    176,
    177,
    178,
    180,
    181,
    182,
    186,
    188,
    190,
    191,
    192,
    193,
    194,
    197,
    199
  ],
  "correct_rate": 47.5,
  "negative_samples_avg_ppl": 53561.92144059924,
  "positive_samples_avg_ppl": 56167.48615986177
}