{
  "correct_idxs": [
    1,
    3,
    4,
    7,
    8,
    9,
    13,
    15,
    16,
    20,
    22,
    23,
    29,
    30,
    35,
    36,
    39,
    40,
    41,
    42,
    44,
    45,
    46,
    47,
    53,
    55,
    59,
    61,
    63,
    69,
    76,
    77,
    78,
    79,
    80,
    81,
    82,
    84,
    87,
    90,
    91,
    93,
    94,
    97,
    98,
    99,
    100,
    104,
    106,
    107,
    108,
    110,
    111,
    113,
    114,
    115,
    117,
    118,
    122,
    124,
    126,
    128,
    130,
    132,
    133,
    134,
    136,
    138,
    139,
    140,
    143,
    144,
    145,
    148,
    150,
    151,
    154,
    156,
    161,
    164,
    166,
    167,
    173,
    174,
    176,
    177,
    178,
    182,
    185,
    186,
    188,
    191,
    192,
    193,
    194,
    195,
    198,
    199
  ],
  "correct_rate": 49.0,
  "negative_samples_avg_ppl": 22786.100069795128,
  "positive_samples_avg_ppl": 20387.068041073613
}