{
  "correct_idxs": [
    0,
    1,
    2,
    7,
    8,
    9,
    17,
    18,
    23,
    24,
    25,
    30,
    32,
    37,
    38,
    39,
    41,
    42,
    43,
    47,
    49,
    50,
    51,
    52,
    53,
    58,
    60,
    61,
    62,
    64,
    68,
    69,
    71,
    76,
    77,
    78,
    81,
    83,
    85,
    86,
    90,
    93,
    94,
    95,
    96,
    98,
    99,
    100,
    102,
    103,
    105,
    109,
    111,
    117,
    118,
    121,
    124,
    125,
    126,
    128,
    130,
    131,
    133,
    134,
    136,
    137,
    139,
    141,
    142,
    143,
    145,
    146,
    147,
    148,
    149,
    150,
    158,
    162,
    164,
    165,
    166,
    177,
    179,
    180,
    182,
    183,
    185,
    188,
    189,
    190,
    191,
    192,
    193,
    195,
    196,
    197
  ],
  "correct_rate": 48.97959183673469,
  "negative_samples_avg_ppl": 126.72836444237609,
  "positive_samples_avg_ppl": 127.82780043276811
}