{
  "correct_idxs": [
    2,
    8,
    18,
    24,
    25,
    30,
    36,
    37,
    42,
    49,
    53,
    60,
    61,
    63,
    69,
    76,
    85,
    86,
    90,
    95,
    102,
    103,
    106,
    111,
    117,
    118,
    125,
    128,
    130,
    134,
    141,
    142,
    149,
    152,
    162,
    164,
    171,
    179,
    180,
    185,
    188,
    195,
    196
  ],
  "correct_rate": 43.43434343434343,
  "negative_samples_avg_ppl": 83.70517350108892,
  "positive_samples_avg_ppl": 86.75236319810662
}