{
  "correct_idxs": [
    0,
    2,
    4,
    5,
    7,
    9,
    11,
    14,
    16,
    18,
    23,
    24,
    26,
    31,
    32,
    33,
    34,
    36,
    40,
    42,
    46,
    48,
    49,
    50,
    51,
    52,
    53,
    58,
    60,
    63,
    67,
    69,
    71,
    74,
    78,
    79,
    80,
    81,
    82,
    83,
    84,
    85,
    86,
    87,
    88,
    89,
    92,
    93,
    95,
    97,
    101,
    102,
    104,
    105,
    106,
    110,
    111,
    114,
    115,
    116,
    117,
    119,
    120,
    122,
    124,
    125,
    126,
    127,
    128,
    129,
    130,
    131,
    132,
    133,
    134,
    138,
    141,
    142,
    143,
    145,
    146,
    147,
    148,
    149,
    151,
    155,
    156,
    158,
    162,
    163,
    164,
    167,
    170,
    171,
    174,
    176,
    177,
    183,
    184,
    187,
    188,
    189,
    190,
    191,
    192,
    193,
    194,
    195,
    196,
    198,
    199
  ],
  "correct_rate": 55.5,
  "negative_samples_avg_ppl": 78.59937718937833,
  "positive_samples_avg_ppl": 73.81797399735812
}