{
  "correct_idxs": [
    2,
    4,
    7,
    8,
    9,
    11,
    17,
    18,
    23,
    25,
    31,
    32,
    34,
    36,
    37,
    40,
    44,
    46,
    48,
    50,
    51,
    52,
    58,
    60,
    62,
    63,
    64,
    68,
    69,
    71,
    79,
    81,
    82,
    83,
    84,
    85,
    86,
    88,
    90,
    92,
    93,
    94,
    95,
    96,
    97,
    98,
    99,
    100,
    101,
    102,
    103,
    104,
    109,
    111,
    114,
    117,
    119,
    121,
    124,
    126,
    128,
    129,
    131,
    132,
    133,
    134,
    138,
    140,
    141,
    142,
    143,
    147,
    148,
    149,
    151,
    152,
    153,
    155,
    158,
    163,
    166,
    167,
    171,
    176,
    177,
    181,
    182,
    185,
    187,
    189,
    191,
    192,
    193,
    194,
    195
  ],
  "correct_rate": 47.5,
  "negative_samples_avg_ppl": 78.75161899590968,
  "positive_samples_avg_ppl": 78.92730337874255
}