{
  "correct_idxs": [
    0,
    2,
    7,
    8,
    9,
    10,
    12,
    16,
    17,
    18,
    19,
    20,
    21,
    22,
    23,
    26,
    27,
    31,
    32,
    33,
    34,
    36,
    37,
    38,
    39,
    40,
    41,
    42,
    43,
    44,
    46,
    47,
    48,
    50,
    51,
    52,
    55,
    61,
    64,
    68,
    69,
    70,
    73,
    77,
    79,
    82,
    83,
    84,
    85,
    86,
    88,
    89,
    91,
    92,
    93,
    94,
    95,
    96,
    100,
    101,
    102,
    103,
    104,
    105,
    109,
    110,
    111,
    113,
    114,
    117,
    119,
    121,
    123,
    125,
    126,
    127,
    128,
    134,
    135,
    136,
    138,
    139,
    140,
    141,
    144,
    145,
    147,
    149,
    151,
    152,
    156,
    157,
    160,
    162,
    163,
    164,
    166,
    168,
    169,
    170,
    171,
    172,
    173,
    174,
    175,
    176,
    179,
    183,
    184,
    185,
    186,
    187,
    189,
    191,
    192,
    193,
    194,
    195,
    196,
    197,
    198,
    199
  ],
  "correct_rate": 61.0,
  "negative_samples_avg_ppl": 108.05924625730881,
  "positive_samples_avg_ppl": 93.61090659789546
}