{
  "correct_idxs": [
    0,
    1,
    3,
    4,
    6,
    7,
    8,
    9,
    11,
    13,
    15,
    17,
    18,
    19,
    20,
    28,
    29,
    30,
    33,
    34,
    35,
    37,
    38,
    39,
    40,
    43,
    44,
    45,
    46,
    48,
    49,
    52,
    53,
    54,
    55,
    56,
    57,
    58,
    59,
    60,
    61,
    63,
    65,
    66,
    67,
    68,
    71,
    74,
    75,
    76,
    78,
    79,
    80,
    81,
    82,
    83,
    85,
    90,
    91,
    92,
    93,
    95,
    96,
    97,
    98,
    102,
    104,
    111,
    112,
    113,
    115,
    116,
    117,
    119,
    123,
    124,
    125,
    126,
    127,
    128,
    129,
    130,
    132,
    134,
    135,
    138,
    139,
    140,
    143,
    145,
    146,
    147,
    150,
    152,
    153,
    154,
    155,
    156,
    157,
    160,
    162,
    164,
    166,
    168,
    169,
    170,
    172,
    175,
    181,
    182,
    188,
    190,
    191,
    195,
    196,
    197,
    199
  ],
  "correct_rate": 58.5,
  "negative_samples_avg_ppl": 8.829764665865135,
  "positive_samples_avg_ppl": 7.4735597250577674
}