{
  "correct_idxs": [
    1,
    2,
    3,
    4,
    7,
    8,
    9,
    11,
    12,
    15,
    16,
    20,
    21,
    23,
    24,
    25,
    27,
    28,
    29,
    30,
    31,
    32,
    34,
    35,
    36,
    37,
    38,
    39,
    42,
    43,
    44,
    45,
    46,
    50,
    51,
    52,
    53,
    54,
    55,
    56,
    57,
    59,
    61,
    63,
    64,
    65,
    66,
    67,
    69,
    70,
    72,
    75,
    76,
    77,
    80,
    81,
    82,
    83,
    84,
    85,
    86,
    87,
    89,
    93,
    96,
    98,
    100,
    101,
    102,
    105,
    106,
    107,
    108,
    110,
    111,
    112,
    116,
    118,
    121,
    123,
    124,
    126,
    127,
    128,
    130,
    132,
    135,
    136,
    138,
    140,
    141,
    142,
    143,
    144,
    146,
    147,
    148,
    151,
    152,
    154,
    155,
    156,
    157,
    161,
    162,
    165,
    166,
    167,
    168,
    170,
    171,
    173,
    174,
    177,
    178,
    179,
    182,
    184,
    185,
    186,
    187,
    188,
    189,
    190,
    192,
    193,
    195,
    196,
    197,
    199
  ],
  "correct_rate": 65.0,
  "negative_samples_avg_ppl": 1.047289507519285,
  "positive_samples_avg_ppl": 0.4719668330772232
}