{
  "correct_idxs": [
    1,
    4,
    6,
    8,
    9,
    10,
    11,
    12,
    13,
    14,
    15,
    17,
    21,
    23,
    25,
    26,
    27,
    28,
    29,
    30,
    31,
    33,
    34,
    35,
    36,
    37,
    40,
    41,
    42,
    43,
    44,
    45,
    48,
    50,
    53,
    55,
    56,
    57,
    60,
    62,
    63,
    65,
    69,
    71,
    72,
    74,
    75,
    76,
    78,
    80,
    81,
    82,
    84,
    85,
    87,
    90,
    93,
    96,
    97,
    98,
    99,
    103,
    105,
    106,
    108,
    109,
    110,
    111,
    112,
    113,
    114,
    115,
    117,
    118,
    120,
    122,
    125,
    126,
    128,
    130,
    131,
    132,
    133,
    134,
    136,
    137,
    138,
    140,
    141,
    143,
    144,
    147,
    148,
    150,
    152,
    153,
    154,
    155,
    156,
    161,
    163,
    164,
    168,
    170,
    171,
    175,
    176,
    177,
    179,
    181,
    182,
    185,
    188,
    189,
    191,
    193,
    199
  ],
  "correct_rate": 58.5,
  "negative_samples_avg_ppl": 9.3470500357443,
  "positive_samples_avg_ppl": 8.232509560721155
}