{
  "correct_idxs": [
    0,
    1,
    2,
    3,
    5,
    6,
    7,
    8,
    12,
    13,
    14,
    15,
    16,
    17,
    18,
    21,
    23,
    24,
    25,
    26,
    27,
    28,
    33,
    34,
    37,
    38,
    39,
    42,
    43,
    44,
    45,
    46,
    47,
    53,
    56,
    59,
    61,
    63,
    64,
    66,
    68,
    69,
    71,
    72,
    74,
    75,
    77,
    82,
    83,
    85,
    86,
    89,
    90,
    92,
    93,
    94,
    97,
    98,
    101,
    102,
    104,
    107,
    109,
    110,
    111,
    112,
    113,
    114,
    117,
    118,
    119,
    122,
    125,
    126,
    127,
    128,
    131,
    134,
    137,
    138,
    139,
    142,
    143,
    144,
    145,
    147,
    148,
    151,
    152,
    153,
    155,
    157,
    162,
    168,
    173,
    174,
    178,
    181,
    187,
    188,
    189,
    190,
    192,
    193,
    195,
    196,
    197
  ],
  "correct_rate": 53.5,
  "negative_samples_avg_ppl": 0.43062027407038705,
  "positive_samples_avg_ppl": 0.30124332046385416
}