{
  "correct_idxs": [
    3,
    5,
    8,
    10,
    12,
    13,
    15,
    16,
    17,
    18,
    19,
    22,
    24,
    28,
    32,
    34,
    36,
    37,
    38,
    39,
    40,
    41,
    43,
    44,
    45,
    46,
    47,
    50,
    52,
    53,
    54,
    55,
    57,
    59,
    61,
    66,
    68,
    70,
    73,
    76,
    78,
    79,
    84,
    85,
    86,
    87,
    90,
    91,
    92,
    93,
    94,
    96,
    97,
    99,
    100,
    102,
    103,
    104,
    109,
    110,
    111,
    112,
    114,
    118,
    120,
    123,
    124,
    126,
    127,
    128,
    130,
    131,
    132,
    133,
    134,
    136,
    137,
    138,
    139,
    140,
    141,
    144,
    145,
    147,
    148,
    149,
    150,
    153,
    156,
    157,
    158,
    159,
    160,
    162,
    163,
    164,
    166,
    168,
    169,
    170,
    172,
    173,
    174,
    175,
    178,
    179,
    184,
    185,
    187,
    188,
    189,
    191,
    192,
    193,
    194,
    195,
    196,
    197,
    198,
    199
  ],
  "correct_rate": 60.0,
  "negative_samples_avg_ppl": 93.14569736119485,
  "positive_samples_avg_ppl": 84.40410318767775
}