{
  "correct_idxs": [
    0,
    1,
    4,
    5,
    6,
    8,
    11,
    16,
    17,
    18,
    23,
    26,
    27,
    30,
    32,
    34,
    35,
    36,
    37,
    38,
    39,
    49,
    50,
    51,
    53,
    54,
    57,
    60,
    65,
    66,
    67,
    69,
    72,
    74,
    76,
    77,
    79,
    81,
    83,
    85,
    86,
    88,
    90,
    91,
    92,
    94,
    99,
    100,
    101,
    103,
    104,
    105,
    106,
    108,
    112,
    113,
    115,
    117,
    122,
    123,
    124,
    126,
    129,
    131,
    139,
    144,
    147,
    151,
    152,
    155,
    156,
    158,
    159,
    161,
    163,
    165,
    166,
    167,
    168,
    169,
    170,
    171,
    173,
    177,
    179,
    181,
    185,
    186,
    188,
    189,
    191,
    192,
    193,
    197,
    198,
    199
  ],
  "correct_rate": 48.0,
  "negative_samples_avg_ppl": 55326.96819541985,
  "positive_samples_avg_ppl": 57036.43650541041
}