{
  "correct_idxs": [
    0,
    2,
    3,
    4,
    5,
    6,
    7,
    13,
    15,
    16,
    19,
    21,
    23,
    26,
    27,
    31,
    32,
    33,
    34,
    35,
    36,
    37,
    38,
    39,
    42,
    44,
    45,
    46,
    47,
    48,
    51,
    52,
    54,
    55,
    56,
    57,
    58,
    60,
    61,
    62,
    63,
    64,
    65,
    66,
    67,
    70,
    71,
    72,
    73,
    74,
    78,
    80,
    81,
    83,
    85,
    87,
    88,
    89,
    90,
    92,
    93,
    94,
    96,
    98,
    99,
    100,
    101,
    102,
    103,
    104,
    106,
    108,
    112,
    116,
    118,
    119,
    120,
    122,
    123,
    125,
    127,
    133,
    134,
    135,
    142,
    145,
    146,
    147,
    149,
    150,
    152,
    154,
    155,
    158,
    159,
    163,
    166,
    167,
    168,
    172,
    174,
    175,
    176,
    177,
    179,
    181,
    182,
    185,
    186,
    188,
    189,
    191,
    194,
    195,
    196,
    197,
    198,
    199
  ],
  "correct_rate": 59.0,
  "negative_samples_avg_ppl": 123.28296135120176,
  "positive_samples_avg_ppl": 94.0170458571862
}