{
  "correct_idxs": [
    0,
    1,
    2,
    4,
    5,
    6,
    7,
    8,
    10,
    11,
    14,
    15,
    16,
    20,
    21,
    22,
    23,
    26,
    30,
    31,
    32,
    34,
    35,
    36,
    37,
    38,
    44,
    45,
    46,
    47,
    49,
    51,
    54,
    55,
    58,
    60,
    63,
    66,
    67,
    69,
    72,
    73,
    75,
    77,
    78,
    79,
    80,
    81,
    83,
    84,
    85,
    88,
    90,
    92,
    94,
    98,
    101,
    102,
    104,
    108,
    111,
    113,
    114,
    115,
    116,
    118,
    119,
    120,
    121,
    122,
    123,
    125,
    126,
    127,
    128,
    130,
    131,
    133,
    134,
    135,
    139,
    141,
    142,
    143,
    145,
    146,
    147,
    149,
    150,
    151,
    152,
    153,
    154,
    155,
    156,
    158,
    160,
    162,
    164,
    171,
    177,
    179,
    182,
    183,
    184,
    185,
    189,
    192,
    194,
    197
  ],
  "correct_rate": 55.0,
  "negative_samples_avg_ppl": 6.354815411942656,
  "positive_samples_avg_ppl": 6.118982482347716
}