{
  "correct_idxs": [
    0,
    1,
    2,
    3,
    4,
    5,
    6,
    8,
    10,
    12,
    14,
    20,
    21,
    22,
    23,
    28,
    32,
    33,
    35,
    36,
    37,
    38,
    41,
    43,
    45,
    46,
    47,
    52,
    53,
    54,
    55,
    56,
    59,
    63,
    69,
    71,
    72,
    73,
    74,
    75,
    78,
    83,
    84,
    85,
    88,
    89,
    91,
    92,
    93,
    94,
    95,
    96,
    97,
    100,
    101,
    102,
    104,
    105,
    106,
    111,
    113,
    114,
    115,
    119,
    120,
    121,
    123,
    124,
    125,
    127,
    128,
    129,
    131,
    132,
    133,
    134,
    135,
    136,
    137,
    138,
    139,
    140,
    142,
    144,
    146,
    148,
    150,
    154,
    155,
    158,
    161,
    163,
    165,
    166,
    168,
    169,
    170,
    171,
    172,
    175,
    176,
    177,
    178,
    181,
    183,
    185,
    186,
    188,
    193,
    195,
    197,
    199
  ],
  "correct_rate": 56.0,
  "negative_samples_avg_ppl": 5.301048141602228,
  "positive_samples_avg_ppl": 4.60200003539654
}