{
  "correct_idxs": [
    1,
    2,
    4,
    5,
    8,
    11,
    13,
    16,
    18,
    21,
    23,
    26,
    28,
    34,
    35,
    38,
    39,
    40,
    43,
    53,
    54,
    58,
    60,
    62,
    63,
    64,
    65,
    66,
    67,
    69,
    71,
    72,
    73,
    77,
    79,
    81,
    84,
    85,
    86,
    87,
    88,
    89,
    90,
    94,
    95,
    96,
    97,
    101,
    102,
    107,
    108,
    109,
    110,
    112,
    114,
    116,
    117,
    119,
    120,
    122,
    124,
    125,
    127,
    128,
    129,
    130,
    131,
    134,
    135,
    136,
    137,
    138,
    139,
    140,
    147,
    148,
    150,
    151,
    152,
    153,
    155,
    163,
    164,
    165,
    166,
    167,
    170,
    171,
    173,
    176,
    177,
    178,
    179,
    182,
    183,
    185,
    187,
    192,
    196,
    197,
    199
  ],
  "correct_rate": 50.5,
  "negative_samples_avg_ppl": 3060.8130187266447,
  "positive_samples_avg_ppl": 2689.06367973224
}