{
  "correct_idxs": [],
  "correct_rate": 0.0,
  "negative_samples_avg_ppl": 7.533342588766246,
  "positive_samples_avg_ppl": 7.533342588766246
}