{
  "correct_idxs": [
    2,
    3,
    4,
    5,
    6,
    8,
    9,
    10,
    12,
    13,
    15,
    16,
    18,
    19,
    21,
    23,
    25,
    30,
    31,
    32,
    34,
    36,
    37,
    39,
    40,
    41,
    42,
    43,
    48,
    49,
    50,
    51,
    52,
    54,
    55,
    57,
    60,
    61,
    62,
    63,
    64,
    65,
    66,
    68,
    70,
    74,
    78,
    80,
    82,
    83,
    88,
    90,
    91,
    92,
    93,
    97,
    99,
    100,
    101,
    102,
    103,
    106,
    112,
    115,
    117,
    120,
    121,
    122,
    125,
    126,
    129,
    132,
    133,
    134,
    135,
    136,
    139,
    140,
    141,
    142,
    143,
    144,
    145,
    147,
    149,
    151,
    152,
    153,
    154,
    155,
    156,
    158,
    159,
    160,
    162,
    163,
    167,
    169,
    170,
    174,
    175,
    176,
    177,
    178,
    179,
    180,
    181,
    182,
    186,
    189,
    192,
    193,
    194,
    199
  ],
  "correct_rate": 57.0,
  "negative_samples_avg_ppl": 0.8575221777195582,
  "positive_samples_avg_ppl": 0.8089145598357619
}