{
  "correct_idxs": [
    1,
    2,
    4,
    5,
    8,
    11,
    13,
    15,
    16,
    17,
    18,
    21,
    26,
    28,
    30,
    34,
    35,
    36,
    39,
    46,
    48,
    51,
    54,
    56,
    60,
    62,
    63,
    64,
    65,
    66,
    67,
    69,
    71,
    72,
    73,
    74,
    76,
    79,
    83,
    85,
    86,
    87,
    89,
    91,
    94,
    95,
    97,
    98,
    100,
    101,
    102,
    104,
    106,
    108,
    109,
    112,
    113,
    115,
    116,
    117,
    119,
    120,
    121,
    122,
    123,
    125,
    127,
    129,
    131,
    134,
    136,
    138,
    139,
    141,
    143,
    145,
    146,
    147,
    150,
    151,
    152,
    155,
    156,
    157,
    158,
    161,
    164,
    165,
    167,
    169,
    170,
    172,
    173,
    174,
    176,
    177,
    178,
    179,
    180,
    181,
    183,
    184,
    185,
    186,
    192,
    197,
    198
  ],
  "correct_rate": 53.5,
  "negative_samples_avg_ppl": 3.7932027185243715,
  "positive_samples_avg_ppl": 3.4996710444691344
}