{
  "correct_idxs": [
    0,
    1,
    4,
    5,
    8,
    10,
    13,
    16,
    17,
    18,
    22,
    25,
    27,
    28,
    29,
    32,
    33,
    36,
    37,
    39,
    41,
    44,
    48,
    50,
    56,
    57,
    59,
    73,
    76,
    77,
    78,
    81,
    86,
    87,
    90,
    93,
    94,
    95,
    96,
    97,
    98,
    99,
    101,
    103,
    107,
    108,
    109,
    110,
    111,
    112,
    114,
    116,
    118,
    121,
    125,
    128,
    129,
    130,
    131,
    137,
    139,
    140,
    141,
    143,
    144,
    149,
    150,
    152,
    155,
    156,
    157,
    159,
    163,
    165,
    169,
    173,
    178,
    179,
    180,
    184,
    185,
    186,
    187,
    190,
    191,
    193,
    197
  ],
  "correct_rate": 43.5,
  "negative_samples_avg_ppl": 54.961617272419005,
  "positive_samples_avg_ppl": 73.87765279170009
}