{
  "correct_idxs": [
    0,
    4,
    7,
    8,
    11,
    12,
    15,
    16,
    18,
    20,
    21,
    23,
    24,
    25,
    26,
    30,
    31,
    32,
    34,
    36,
    37,
    40,
    44,
    45,
    47,
    48,
    49,
    50,
    51,
    52,
    53,
    55,
    56,
    57,
    58,
    59,
    60,
    61,
    63,
    64,
    66,
    67,
    68,
    69,
    71,
    72,
    74,
    80,
    81,
    84,
    85,
    86,
    87,
    89,
    90,
    92,
    93,
    94,
    96,
    98,
    99,
    100,
    101,
    102,
    103,
    104,
    105,
    106,
    107,
    109,
    111,
    113,
    114,
    116,
    117,
    118,
    119,
    120,
    121,
    123,
    129,
    130,
    132,
    133,
    138,
    142,
    143,
    144,
    145,
    147,
    151,
    154,
    156,
    157,
    159,
    160,
    161,
    162,
    164,
    167,
    168,
    170,
    172,
    176,
    177,
    181,
    182,
    183,
    184,
    185,
    186,
    187,
    188,
    191,
    192,
    193,
    194,
    195,
    196,
    199
  ],
  "correct_rate": 60.0,
  "negative_samples_avg_ppl": 8.085799284348258,
  "positive_samples_avg_ppl": 6.493076658322525
}