{
  "correct_idxs": [
    1,
    2,
    3,
    4,
    5,
    6,
    7,
    8,
    9,
    10,
    12,
    13,
    14,
    15,
    17,
    19,
    20,
    21,
    22,
    23,
    24,
    25,
    26,
    29,
    30,
    31,
    32,
    34,
    35,
    36,
    37,
    38,
    39,
    40,
    41,
    42,
    43,
    44,
    46,
    47,
    48,
    50,
    51,
    53,
    55,
    56,
    57,
    58,
    59,
    60,
    61,
    64,
    66,
    67,
    69,
    70,
    71,
    73,
    74,
    75,
    77,
    78,
    80,
    81,
    83,
    84,
    85,
    86,
    87,
    88,
    89,
    90,
    92,
    93,
    94,
    97,
    98,
    99,
    100,
    101,
    102,
    103,
    105,
    106,
    107,
    108,
    109,
    110,
    112,
    113,
    114,
    115,
    117,
    119,
    120,
    121,
    122,
    123,
    124,
    125,
    126,
    127,
    128,
    131,
    132,
    133,
    134,
    136,
    137,
    138,
    139,
    140,
    141,
    142,
    143,
    145,
    147,
    148,
    149,
    150,
    151,
    152,
    153,
    154,
    156,
    157,
    158,
    159,
    161,
    162,
    163,
    164,
    165,
    166,
    167,
    168,
    170,
    172,
    173,
    174,
    175,
    177,
    178,
    179,
    180,
    181,
    182,
    185,
    186,
    188,
    189,
    190,
    191,
    194,
    195,
    196,
    197,
    198,
    199
  ],
  "correct_rate": 79.5,
  "negative_samples_avg_ppl": 75363.45415050161,
  "positive_samples_avg_ppl": 19997.43737640691
}