{
  "correct_idxs": [
    2,
    3,
    4,
    5,
    6,
    8,
    10,
    15,
    16,
    17,
    21,
    23,
    24,
    25,
    27,
    28,
    29,
    30,
    33,
    34,
    38,
    39,
    41,
    43,
    44,
    46,
    47,
    48,
    51,
    52,
    53,
    54,
    56,
    57,
    63,
    66,
    70,
    71,
    72,
    73,
    75,
    76,
    83,
    84,
    85,
    86,
    91,
    93,
    95,
    96,
    97,
    100,
    102,
    104,
    105,
    112,
    113,
    114,
    115,
    118,
    122,
    123,
    126,
    128,
    129,
    132,
    134,
    137,
    139,
    141,
    142,
    144,
    145,
    146,
    148,
    150,
    151,
    153,
    157,
    158,
    159,
    160,
    162,
    164,
    165,
    169,
    171,
    172,
    173,
    174,
    176,
    179,
    182,
    183,
    185,
    186,
    189,
    191,
    192,
    193,
    195,
    198,
    199
  ],
  "correct_rate": 51.5,
  "negative_samples_avg_ppl": 707.5123641884504,
  "positive_samples_avg_ppl": 693.8492261463966
}