{
  "correct_idxs": [
    0,
    2,
    5,
    6,
    7,
    8,
    9,
    10,
    13,
    15,
    17,
    19,
    21,
    23,
    25,
    26,
    28,
    29,
    30,
    31,
    35,
    36,
    38,
    39,
    40,
    41,
    42,
    43,
    44,
    46,
    49,
    51,
    52,
    56,
    57,
    58,
    59,
    60,
    61,
    63,
    64,
    65,
    66,
    67,
    69,
    73,
    74,
    75,
    76,
    79,
    80,
    82,
    84,
    85,
    86,
    87,
    89,
    90,
    91,
    92,
    93,
    94,
    96,
    97,
    102,
    105,
    106,
    107,
    108,
    109,
    110,
    111,
    112,
    113,
    115,
    118,
    120,
    122,
    123,
    124,
    125,
    126,
    127,
    129,
    130,
    132,
    133,
    134,
    136,
    137,
    138,
    140,
    142,
    143,
    145,
    151,
    152,
    153,
    155,
    156,
    159,
    160,
    161,
    162,
    163,
    165,
    171,
    173,
    174,
    176,
    177,
    179,
    180,
    181,
    186,
    188,
    189,
    191,
    192,
    193,
    194
  ],
  "correct_rate": 60.5,
  "negative_samples_avg_ppl": 0.5414481088453568,
  "positive_samples_avg_ppl": 0.43318677343494877
}