{
  "correct_idxs": [
    0,
    2,
    3,
    4,
    5,
    6,
    7,
    8,
    9,
    10,
    13,
    14,
    15,
    16,
    17,
    18,
    19,
    20,
    21,
    22,
    23,
    25,
    26,
    28,
    29,
    30,
    31,
    33,
    35,
    37,
    38,
    39,
    40,
    41,
    42,
    43,
    44,
    47,
    48,
    49,
    51,
    52,
    54,
    55,
    57,
    58,
    60,
    61,
    62,
    63,
    64,
    65,
    66,
    67,
    69,
    73,
    74,
    75,
    76,
    77,
    79,
    80,
    82,
    84,
    85,
    87,
    88,
    89,
    90,
    91,
    92,
    93,
    94,
    95,
    96,
    97,
    98,
    99,
    100,
    101,
    102,
    103,
    105,
    106,
    107,
    108,
    109,
    110,
    111,
    112,
    113,
    115,
    116,
    118,
    119,
    120,
    122,
    123,
    124,
    125,
    126,
    128,
    129,
    130,
    132,
    133,
    135,
    136,
    137,
    138,
    140,
    142,
    143,
    144,
    145,
    146,
    147,
    148,
    149,
    151,
    152,
    153,
    154,
    155,
    156,
    157,
    158,
    160,
    161,
    162,
    163,
    164,
    165,
    169,
    170,
    171,
    173,
    175,
    176,
    177,
    178,
    179,
    180,
    181,
    182,
    183,
    184,
    186,
    187,
    188,
    189,
    190,
    191,
    192,
    193,
    194,
    195,
    197,
    198,
    199
  ],
  "correct_rate": 80.0,
  "negative_samples_avg_ppl": 925.6735026647434,
  "positive_samples_avg_ppl": 273.3149491693453
}