{
  "correct_idxs": [
    0,
    1,
    3,
    6,
    7,
    9,
    10,
    11,
    14,
    15,
    16,
    17,
    20,
    22,
    24,
    28,
    29,
    30,
    36,
    38,
    39,
    41,
    43,
    45,
    46,
    47,
    48,
    53,
    54,
    55,
    56,
    59,
    60,
    61,
    63,
    65,
    66,
    68,
    70,
    71,
    72,
    74,
    76,
    77,
    78,
    80,
    83,
    84,
    85,
    87,
    90,
    93,
    95,
    96,
    98,
    101,
    102,
    103,
    104,
    108,
    110,
    111,
    112,
    114,
    115,
    117,
    118,
    120,
    121,
    122,
    123,
    126,
    127,
    128,
    129,
    138,
    139,
    140,
    142,
    143,
    144,
    145,
    146,
    147,
    148,
    149,
    150,
    152,
    154,
    159,
    160,
    161,
    162,
    163,
    165,
    166,
    167,
    168,
    171,
    172,
    176,
    179,
    182,
    184,
    185,
    189,
    191,
    194,
    196,
    197,
    199
  ],
  "correct_rate": 55.5,
  "negative_samples_avg_ppl": 10.873015884536978,
  "positive_samples_avg_ppl": 9.746578160261082
}