{
  "correct_idxs": [
    0,
    6,
    7,
    9,
    11,
    12,
    13,
    14,
    15,
    16,
    17,
    18,
    19,
    20,
    21,
    22,
    24,
    25,
    26,
    28,
    30,
    31,
    32,
    33,
    34,
    35,
    37,
    38,
    39,
    40,
    42,
    44,
    48,
    49,
    51,
    53,
    54,
    55,
    56,
    57,
    58,
    60,
    61,
    62,
    64,
    65,
    66,
    67,
    68,
    69,
    70,
    71,
    74,
    76,
    78,
    79,
    80,
    81,
    82,
    84,
    85,
    86,
    88,
    89,
    90,
    91,
    92,
    93,
    95,
    96,
    97,
    99,
    100,
    101,
    103,
    105,
    107,
    110,
    111,
    112,
    113,
    114,
    117,
    118,
    119,
    120,
    121,
    122,
    123,
    124,
    125,
    127,
    128,
    131,
    132,
    133,
    134,
    135,
    136,
    140,
    141,
    142,
    143,
    144,
    145,
    146,
    147,
    148,
    149,
    150,
    151,
    152,
    153,
    154,
    156,
    158,
    159,
    160,
    163,
    164,
    165,
    167,
    168,
    169,
    172,
    173,
    174,
    175,
    176,
    178,
    179,
    181,
    182,
    183,
    187,
    188,
    189,
    190,
    191,
    192,
    193,
    194,
    195,
    196,
    198
  ],
  "correct_rate": 72.5,
  "negative_samples_avg_ppl": 97.7296329634425,
  "positive_samples_avg_ppl": 44.82387010196877
}