{
  "correct_idxs": [
    0,
    1,
    2,
    3,
    5,
    6,
    7,
    8,
    9,
    10,
    11,
    12,
    13,
    14,
    16,
    17,
    18,
    19,
    20,
    21,
    22,
    24,
    25,
    26,
    27,
    28,
    29,
    30,
    31,
    32,
    35,
    36,
    37,
    38,
    39,
    40,
    41,
    43,
    47,
    48,
    49,
    50,
    51,
    52,
    53,
    55,
    57,
    58,
    59,
    60,
    61,
    62,
    63,
    65,
    66,
    68,
    70,
    71,
    72,
    73,
    74,
    75,
    77,
    78,
    83,
    84,
    85,
    86,
    87,
    88,
    90,
    91,
    94,
    95,
    97,
    98,
    102,
    104,
    108,
    109,
    110,
    111,
    112,
    113,
    115,
    117,
    118,
    119,
    120,
    121,
    122,
    124,
    125,
    129,
    131,
    133,
    134,
    135,
    136,
    138,
    139,
    140,
    141,
    143,
    145,
    146,
    148,
    150,
    153,
    155,
    156,
    157,
    158,
    159,
    160,
    161,
    162,
    163,
    164,
    165,
    168,
    170,
    172,
    173,
    174,
    175,
    177,
    178,
    180,
    181,
    184,
    186,
    187,
    189,
    190,
    192,
    193,
    194,
    195,
    196,
    197,
    198,
    199
  ],
  "correct_rate": 71.5,
  "negative_samples_avg_ppl": 1.0351328480409947,
  "positive_samples_avg_ppl": 1.033564968249139
}