{
  "correct_idxs": [
    1,
    2,
    3,
    6,
    7,
    8,
    10,
    14,
    15,
    16,
    18,
    19,
    21,
    22,
    23,
    24,
    26,
    29,
    35,
    38,
    39,
    40,
    42,
    43,
    44,
    45,
    46,
    47,
    52,
    53,
    56,
    57,
    59,
    60,
    62,
    63,
    64,
    65,
    68,
    69,
    70,
    71,
    74,
    76,
    77,
    79,
    81,
    82,
    84,
    85,
    87,
    88,
    89,
    91,
    92,
    94,
    95,
    97,
    99,
    100,
    102,
    103,
    105,
    107,
    109,
    110,
    111,
    113,
    114,
    115,
    118,
    119,
    121,
    123,
    128,
    130,
    132,
    133,
    134,
    135,
    136,
    138,
    140,
    141,
    142,
    143,
    144,
    147,
    150,
    151,
    154,
    155,
    156,
    157,
    158,
    159,
    160,
    161,
    162,
    163,
    164,
    166,
    167,
    170,
    171,
    172,
    173,
    174,
    175,
    176,
    178,
    179,
    180,
    181,
    184,
    186,
    187,
    188,
    189,
    190,
    192,
    195,
    196,
    197,
    199
  ],
  "correct_rate": 62.5,
  "negative_samples_avg_ppl": 0.5379889658016337,
  "positive_samples_avg_ppl": 0.2940417508947891
}