{
  "correct_idxs": [
    3,
    5,
    6,
    7,
    10,
    11,
    12,
    13,
    15,
    16,
    17,
    18,
    19,
    20,
    22,
    23,
    24,
    25,
    26,
    27,
    28,
    30,
    32,
    33,
    34,
    35,
    36,
    37,
    39,
    40,
    41,
    42,
    43,
    44,
    46,
    47,
    50,
    51,
    52,
    53,
    55,
    56,
    57,
    60,
    63,
    65,
    66,
    67,
    69,
    70,
    71,
    72,
    73,
    74,
    76,
    77,
    78,
    79,
    80,
    81,
    83,
    84,
    85,
    86,
    88,
    91,
    93,
    94,
    96,
    99,
    102,
    103,
    105,
    106,
    111,
    113,
    114,
    115,
    119,
    122,
    125,
    126,
    127,
    129,
    130,
    132,
    134,
    135,
    141,
    142,
    146,
    147,
    148,
    149,
    152,
    153,
    156,
    160,
    161,
    163,
    165,
    166,
    167,
    170,
    171,
    172,
    174,
    175,
    176,
    177,
    181,
    183,
    184,
    185,
    186,
    187,
    188,
    190,
    193,
    194,
    195
  ],
  "correct_rate": 60.5,
  "negative_samples_avg_ppl": 0.33258418444451443,
  "positive_samples_avg_ppl": 0.17887244413696804
}