{
  "correct_idxs": [
    1,
    10,
    12,
    13,
    14,
    17,
    20,
    21,
    22,
    25,
    28,
    30,
    31,
    33,
    36,
    39,
    40,
    42,
    45,
    47,
    48,
    49,
    53,
    54,
    57,
    58,
    59,
    61,
    62,
    64,
    65,
    66,
    67,
    69,
    70,
    71,
    72,
    73,
    74,
    76,
    77,
    79,
    81,
    90,
    94,
    96,
    102,
    104,
    105,
    108,
    110,
    112,
    113,
    118,
    124,
    125,
    126,
    128,
    134,
    135,
    136,
    137,
    143,
    146,
    147,
    149,
    152,
    153,
    154,
    156,
    159,
    161,
    162,
    163,
    164,
    165,
    166,
    167,
    172,
    173,
    175,
    176,
    177,
    179,
    182,
    183,
    184,
    186,
    189,
    190,
    192
  ],
  "correct_rate": 45.5,
  "negative_samples_avg_ppl": 46.849328895863415,
  "positive_samples_avg_ppl": 50.5027321950598
}