{
  "correct_idxs": [
    1,
    4,
    5,
    8,
    13,
    14,
    17,
    19,
    20,
    21,
    23,
    26,
    29,
    30,
    33,
    36,
    37,
    38,
    39,
    42,
    45,
    46,
    48,
    49,
    52,
    53,
    54,
    57,
    58,
    59,
    61,
    65,
    66,
    67,
    68,
    69,
    71,
    72,
    74,
    76,
    79,
    81,
    82,
    83,
    86,
    89,
    97,
    99,
    104,
    109,
    110,
    113,
    114,
    117,
    118,
    119,
    121,
    125,
    127,
    130,
    131,
    132,
    134,
    136,
    140,
    141,
    145,
    150,
    159,
    160,
    161,
    162,
    164,
    165,
    166,
    167,
    169,
    173,
    175,
    176,
    179,
    182,
    183,
    184,
    186,
    188,
    190,
    192,
    196,
    197
  ],
  "correct_rate": 45.0,
  "negative_samples_avg_ppl": 716.9359154144588,
  "positive_samples_avg_ppl": 805.9554938965955
}