{
  "correct_idxs": [
    0,
    2,
    4,
    5,
    6,
    8,
    10,
    12,
    14,
    16,
    17,
    18,
    19,
    21,
    22,
    23,
    24,
    25,
    26,
    27,
    28,
    30,
    33,
    34,
    36,
    37,
    38,
    40,
    42,
    43,
    44,
    46,
    47,
    50,
    51,
    52,
    59,
    60,
    61,
    64,
    65,
    67,
    70,
    73,
    75,
    76,
    77,
    78,
    79,
    81,
    82,
    83,
    84,
    85,
    86,
    87,
    88,
    89,
    90,
    92,
    93,
    94,
    97,
    98,
    99,
    100,
    101,
    102,
    103,
    104,
    105,
    107,
    108,
    109,
    110,
    111,
    112,
    113,
    114,
    115,
    116,
    117,
    121,
    122,
    123,
    124,
    125,
    126,
    127,
    128,
    131,
    134,
    137,
    138,
    139,
    140,
    142,
    143,
    145,
    146,
    150,
    152,
    153,
    155,
    160,
    162,
    163,
    165,
    166,
    167,
    168,
    169,
    170,
    172,
    173,
    175,
    176,
    177,
    179,
    180,
    181,
    186,
    187,
    188,
    189,
    191,
    192,
    193,
    194,
    197,
    198,
    199
  ],
  "correct_rate": 66.0,
  "negative_samples_avg_ppl": 0.816795182947093,
  "positive_samples_avg_ppl": 0.6601415116309938
}