{
  "correct_idxs": [
    1,
    2,
    4,
    6,
    7,
    9,
    11,
    12,
    14,
    15,
    16,
    17,
    18,
    19,
    22,
    25,
    26,
    32,
    36,
    38,
    42,
    43,
    48,
    50,
    52,
    54,
    56,
    57,
    59,
    60,
    62,
    67,
    68,
    70,
    71,
    72,
    73,
    74,
    75,
    77,
    80,
    81,
    85,
    86,
    89,
    90,
    91,
    93,
    94,
    95,
    96,
    97,
    98,
    100,
    102,
    103,
    105,
    106,
    107,
    108,
    110,
    111,
    113,
    114,
    117,
    119,
    120,
    121,
    122,
    125,
    126,
    127,
    133,
    135,
    138,
    140,
    144,
    145,
    146,
    147,
    151,
    154,
    157,
    158,
    159,
    160,
    161,
    162,
    164,
    166,
    167,
    171,
    172,
    173,
    175,
    176,
    179,
    180,
    181,
    187,
    188,
    189,
    191,
    193,
    194,
    198
  ],
  "correct_rate": 53.0,
  "negative_samples_avg_ppl": 61.04981295291441,
  "positive_samples_avg_ppl": 59.57878267000629
}