{
  "correct_idxs": [
    0,
    5,
    6,
    10,
    11,
    13,
    14,
    15,
    16,
    17,
    19,
    20,
    23,
    24,
    25,
    26,
    28,
    29,
    31,
    32,
    33,
    36,
    39,
    40,
    41,
    42,
    43,
    45,
    48,
    49,
    51,
    53,
    57,
    60,
    61,
    63,
    66,
    68,
    70,
    73,
    74,
    75,
    81,
    83,
    87,
    90,
    92,
    93,
    94,
    95,
    98,
    100,
    105,
    106,
    110,
    113,
    115,
    117,
    120,
    121,
    124,
    126,
    132,
    133,
    137,
    138,
    141,
    142,
    143,
    145,
    148,
    150,
    151,
    152,
    153,
    154,
    155,
    156,
    158,
    161,
    163,
    164,
    165,
    166,
    167,
    168,
    169,
    170,
    172,
    175,
    176,
    177,
    178,
    180,
    181,
    182,
    183,
    184,
    186,
    188,
    190,
    192,
    197,
    198
  ],
  "correct_rate": 52.0,
  "negative_samples_avg_ppl": 8.383380547326631,
  "positive_samples_avg_ppl": 6.719334064687382
}