{
  "correct_idxs": [
    1,
    3,
    6,
    9,
    10,
    12,
    13,
    14,
    16,
    18,
    19,
    21,
    22,
    25,
    27,
    28,
    30,
    33,
    34,
    36,
    38,
    39,
    40,
    41,
    44,
    45,
    48,
    52,
    53,
    55,
    56,
    58,
    59,
    60,
    62,
    63,
    64,
    70,
    72,
    74,
    76,
    77,
    78,
    79,
    80,
    82,
    85,
    89,
    91,
    92,
    93,
    95,
    98,
    99,
    100,
    101,
    102,
    103,
    107,
    108,
    109,
    110,
    112,
    117,
    118,
    121,
    124,
    126,
    128,
    129,
    131,
    132,
    134,
    137,
    138,
    139,
    140,
    142,
    145,
    146,
    148,
    149,
    150,
    152,
    154,
    155,
    157,
    158,
    159,
    160,
    162,
    164,
    168,
    169,
    170,
    171,
    172,
    173,
    174,
    176,
    177,
    179,
    182,
    185,
    187,
    188,
    189,
    190,
    193,
    196,
    198
  ],
  "correct_rate": 55.5,
  "negative_samples_avg_ppl": 7.851624978370248,
  "positive_samples_avg_ppl": 5.895281902740301
}