{
  "correct_idxs": [
    1,
    3,
    5,
    6,
    8,
    10,
    12,
    14,
    18,
    19,
    21,
    24,
    26,
    29,
    31,
    33,
    34,
    35,
    38,
    39,
    42,
    43,
    45,
    49,
    53,
    54,
    58,
    59,
    62,
    63,
    64,
    65,
    67,
    70,
    71,
    72,
    75,
    79,
    80,
    84,
    85,
    86,
    88,
    89,
    90,
    91,
    93,
    94,
    96,
    98,
    100,
    105,
    106,
    107,
    109,
    110,
    111,
    114,
    115,
    116,
    117,
    118,
    119,
    121,
    122,
    124,
    125,
    126,
    128,
    129,
    132,
    133,
    134,
    135,
    136,
    137,
    139,
    142,
    144,
    146,
    147,
    148,
    149,
    150,
    153,
    157,
    159,
    160,
    161,
    162,
    164,
    165,
    166,
    167,
    168,
    169,
    170,
    171,
    173,
    174,
    175,
    176,
    177,
    180,
    181,
    182,
    184,
    186,
    188,
    189,
    191,
    193,
    194,
    195,
    198
  ],
  "correct_rate": 57.5,
  "negative_samples_avg_ppl": 0.10611268241097264,
  "positive_samples_avg_ppl": 0.09370548686790564
}