{
  "correct_idxs": [
    0,
    3,
    4,
    8,
    11,
    12,
    13,
    16,
    18,
    19,
    22,
    23,
    24,
    26,
    27,
    30,
    31,
    33,
    34,
    35,
    36,
    38,
    39,
    40,
    41,
    46,
    47,
    48,
    49,
    53,
    55,
    56,
    57,
    60,
    62,
    65,
    66,
    67,
    68,
    72,
    82,
    86,
    89,
    91,
    92,
    95,
    96,
    97,
    99,
    100,
    101,
    102,
    103,
    108,
    109,
    110,
    111,
    114,
    115,
    117,
    122,
    125,
    128,
    129,
    130,
    131,
    132,
    133,
    135,
    137,
    138,
    139,
    140,
    141,
    143,
    144,
    145,
    146,
    148,
    150,
    151,
    155,
    157,
    158,
    160,
    161,
    162,
    163,
    164,
    165,
    169,
    170,
    171,
    174,
    176,
    177,
    179,
    180,
    181,
    183,
    184,
    185,
    187,
    188,
    190,
    191,
    195,
    196,
    197,
    198,
    199
  ],
  "correct_rate": 55.5,
  "negative_samples_avg_ppl": 1.0200246641027058,
  "positive_samples_avg_ppl": 1.0195080331026545
}