{
  "correct_idxs": [
    2,
    6,
    7,
    8,
    9,
    11,
    15,
    16,
    17,
    18,
    19,
    20,
    21,
    22,
    23,
    24,
    25,
    27,
    29,
    30,
    31,
    35,
    36,
    37,
    38,
    40,
    45,
    46,
    47,
    49,
    51,
    53,
    55,
    58,
    59,
    61,
    63,
    64,
    66,
    67,
    68,
    71,
    72,
    73,
    74,
    76,
    77,
    78,
    79,
    80,
    81,
    83,
    84,
    85,
    86,
    88,
    89,
    90,
    93,
    94,
    95,
    98,
    100,
    101,
    102,
    103,
    105,
    106,
    109,
    112,
    114,
    117,
    118,
    119,
    120,
    121,
    123,
    124,
    125,
    128,
    131,
    133,
    134,
    135,
    136,
    137,
    139,
    141,
    142,
    143,
    144,
    145,
    146,
    149,
    150,
    153,
    154,
    155,
    159,
    161,
    162,
    163,
    165,
    166,
    167,
    168,
    169,
    171,
    172,
    173,
    174,
    175,
    177,
    178,
    180,
    182,
    183,
    184,
    185,
    189,
    191,
    192,
    194,
    196,
    197
  ],
  "correct_rate": 62.5,
  "negative_samples_avg_ppl": 299.2509446686903,
  "positive_samples_avg_ppl": 200.4540954036064
}