{
  "correct_idxs": [
    0,
    2,
    4,
    5,
    6,
    7,
    11,
    12,
    14,
    15,
    16,
    17,
    18,
    22,
    23,
    24,
    25,
    26,
    29,
    30,
    33,
    34,
    35,
    36,
    37,
    40,
    42,
    43,
    45,
    47,
    48,
    49,
    52,
    53,
    55,
    56,
    57,
    58,
    60,
    61,
    62,
    63,
    64,
    65,
    66,
    67,
    68,
    69,
    70,
    72,
    73,
    75,
    77,
    79,
    80,
    83,
    85,
    86,
    87,
    88,
    90,
    91,
    92,
    93,
    97,
    98,
    99,
    100,
    101,
    102,
    104,
    105,
    106,
    107,
    108,
    109,
    111,
    112,
    113,
    114,
    115,
    116,
    119,
    120,
    121,
    122,
    125,
    126,
    129,
    130,
    131,
    132,
    133,
    134,
    135,
    136,
    138,
    140,
    143,
    144,
    145,
    147,
    149,
    151,
    152,
    153,
    154,
    157,
    158,
    164,
    165,
    166,
    168,
    169,
    171,
    174,
    175,
    176,
    178,
    179,
    182,
    184,
    185,
    186,
    187,
    191,
    193,
    195,
    196,
    198
  ],
  "correct_rate": 65.0,
  "negative_samples_avg_ppl": 0.3808441690577664,
  "positive_samples_avg_ppl": 0.1411823958867273
}