{
  "correct_idxs": [
    0,
    3,
    4,
    5,
    6,
    7,
    8,
    9,
    10,
    11,
    12,
    13,
    14,
    15,
    16,
    17,
    18,
    19,
    20,
    22,
    24,
    25,
    26,
    27,
    28,
    29,
    31,
    32,
    33,
    34,
    35,
    36,
    37,
    38,
    39,
    40,
    41,
    42,
    43,
    44,
    45,
    46,
    47,
    48,
    49,
    50,
    51,
    52,
    53,
    54,
    55,
    56,
    57,
    58,
    59,
    60,
    63,
    65,
    67,
    69,
    70,
    72,
    74,
    76,
    78,
    79,
    80,
    82,
    83,
    84,
    86,
    88,
    89,
    90,
    91,
    92,
    93,
    94,
    95,
    97,
    102,
    104,
    106,
    107,
    108,
    110,
    112,
    113,
    114,
    115,
    116,
    117,
    119,
    120,
    122,
    123,
    125,
    126,
    127,
    128,
    129,
    130,
    132,
    133,
    134,
    137,
    138,
    141,
    142,
    143,
    145,
    146,
    147,
    148,
    150,
    151,
    152,
    154,
    155,
    156,
    159,
    160,
    161,
    162,
    163,
    164,
    165,
    166,
    167,
    168,
    169,
    170,
    171,
    172,
    173,
    174,
    175,
    176,
    177,
    178,
    179,
    180,
    181,
    182,
    183,
    186,
    187,
    189,
    190,
    191,
    193,
    194,
    195,
    197,
    199
  ],
  "correct_rate": 77.5,
  "negative_samples_avg_ppl": 249.78744406799046,
  "positive_samples_avg_ppl": 127.63139284971652
}