{
  "correct_idxs": [
    1,
    2,
    3,
    4,
    6,
    8,
    10,
    14,
    16,
    19,
    21,
    27,
    28,
    30,
    33,
    34,
    38,
    39,
    41,
    42,
    43,
    44,
    45,
    46,
    47,
    48,
    50,
    51,
    52,
    54,
    55,
    57,
    58,
    60,
    62,
    63,
    73,
    74,
    78,
    81,
    83,
    84,
    86,
    87,
    89,
    90,
    92,
    96,
    103,
    105,
    106,
    107,
    108,
    110,
    112,
    113,
    116,
    118,
    119,
    120,
    121,
    123,
    126,
    128,
    131,
    132,
    133,
    134,
    139,
    141,
    144,
    148,
    149,
    150,
    152,
    154,
    156,
    157,
    159,
    160,
    163,
    164,
    166,
    170,
    171,
    173,
    178,
    180,
    181,
    182,
    183,
    184,
    187,
    189,
    191,
    192,
    194,
    195,
    196,
    197,
    198,
    199
  ],
  "correct_rate": 51.0,
  "negative_samples_avg_ppl": 0.5067471835526927,
  "positive_samples_avg_ppl": 0.4872111489249723
}