{
  "correct_idxs": [
    3,
    4,
    5,
    6,
    7,
    9,
    10,
    11,
    14,
    15,
    16,
    20,
    21,
    23,
    25,
    26,
    28,
    29,
    31,
    32,
    33,
    34,
    36,
    37,
    38,
    39,
    43,
    46,
    48,
    49,
    50,
    53,
    54,
    55,
    58,
    60,
    63,
    64,
    65,
    66,
    68,
    70,
    71,
    72,
    73,
    74,
    75,
    78,
    81,
    82,
    83,
    84,
    85,
    88,
    89,
    93,
    94,
    97,
    98,
    100,
    103,
    105,
    106,
    107,
    109,
    110,
    111,
    112,
    113,
    115,
    116,
    117,
    120,
    121,
    122,
    123,
    126,
    127,
    128,
    130,
    134,
    135,
    136,
    137,
    138,
    140,
    141,
    143,
    149,
    151,
    152,
    153,
    154,
    158,
    160,
    161,
    162,
    165,
    166,
    168,
    170,
    172,
    174,
    175,
    177,
    180,
    181,
    183,
    184,
    185,
    186,
    189,
    191,
    192,
    196,
    198
  ],
  "correct_rate": 58.0,
  "negative_samples_avg_ppl": 68.00379307885969,
  "positive_samples_avg_ppl": 56.58261325492339
}