{
  "correct_idxs": [
    3,
    4,
    5,
    6,
    9,
    10,
    11,
    14,
    15,
    16,
    20,
    21,
    25,
    26,
    28,
    31,
    32,
    33,
    34,
    36,
    37,
    38,
    39,
    43,
    46,
    48,
    49,
    50,
    53,
    54,
    55,
    58,
    60,
    63,
    64,
    66,
    68,
    69,
    70,
    71,
    72,
    74,
    78,
    82,
    83,
    84,
    85,
    87,
    88,
    89,
    90,
    94,
    97,
    98,
    100,
    102,
    103,
    105,
    106,
    107,
    109,
    110,
    111,
    112,
    113,
    115,
    116,
    117,
    120,
    121,
    122,
    123,
    124,
    126,
    127,
    128,
    134,
    135,
    136,
    137,
    138,
    140,
    141,
    143,
    149,
    151,
    152,
    153,
    154,
    158,
    160,
    161,
    162,
    165,
    166,
    168,
    169,
    170,
    172,
    174,
    175,
    180,
    181,
    183,
    184,
    185,
    186,
    189,
    191,
    192,
    198
  ],
  "correct_rate": 55.5,
  "negative_samples_avg_ppl": 65.924832159809,
  "positive_samples_avg_ppl": 54.88797681415773
}