{
  "correct_idxs": [
    1,
    2,
    4,
    5,
    6,
    8,
    9,
    11,
    12,
    13,
    14,
    15,
    16,
    17,
    18,
    19,
    21,
    22,
    24,
    25,
    26,
    28,
    30,
    31,
    32,
    33,
    34,
    36,
    37,
    38,
    39,
    40,
    41,
    42,
    43,
    44,
    45,
    46,
    47,
    48,
    52,
    57,
    58,
    59,
    62,
    64,
    65,
    66,
    67,
    70,
    71,
    72,
    73,
    74,
    75,
    76,
    79,
    82,
    85,
    86,
    88,
    89,
    90,
    91,
    92,
    93,
    96,
    97,
    98,
    100,
    101,
    102,
    103,
    104,
    105,
    108,
    109,
    111,
    112,
    114,
    115,
    117,
    118,
    122,
    123,
    125,
    126,
    128,
    129,
    130,
    131,
    132,
    135,
    136,
    138,
    139,
    140,
    141,
    142,
    143,
    144,
    145,
    146,
    148,
    149,
    150,
    151,
    154,
    155,
    156,
    157,
    160,
    161,
    162,
    163,
    164,
    165,
    169,
    170,
    171,
    172,
    173,
    174,
    175,
    176,
    177,
    179,
    180,
    181,
    183,
    184,
    186,
    187,
    189,
    191,
    192,
    194,
    196,
    198,
    199
  ],
  "correct_rate": 70.0,
  "negative_samples_avg_ppl": 67.20684255462908,
  "positive_samples_avg_ppl": 35.90421633291294
}