{
  "correct_idxs": [
    0,
    1,
    2,
    5,
    6,
    7,
    8,
    9,
    10,
    13,
    14,
    16,
    17,
    19,
    21,
    24,
    25,
    26,
    27,
    28,
    29,
    30,
    31,
    33,
    34,
    35,
    36,
    37,
    38,
    39,
    41,
    43,
    44,
    46,
    48,
    49,
    50,
    51,
    52,
    53,
    55,
    59,
    60,
    61,
    62,
    63,
    64,
    65,
    66,
    67,
    70,
    71,
    72,
    74,
    75,
    76,
    78,
    79,
    80,
    82,
    84,
    85,
    86,
    87,
    88,
    92,
    93,
    94,
    95,
    96,
    97,
    98,
    100,
    101,
    102,
    103,
    104,
    105,
    106,
    108,
    112,
    114,
    115,
    116,
    117,
    119,
    120,
    121,
    122,
    123,
    124,
    125,
    126,
    127,
    130,
    132,
    133,
    134,
    135,
    137,
    139,
    140,
    141,
    142,
    143,
    144,
    145,
    146,
    147,
    148,
    149,
    150,
    151,
    152,
    153,
    154,
    156,
    157,
    158,
    159,
    162,
    163,
    164,
    165,
    166,
    168,
    169,
    171,
    175,
    176,
    177,
    178,
    180,
    183,
    184,
    185,
    186,
    187,
    188,
    190,
    191,
    192,
    196,
    197,
    198,
    199
  ],
  "correct_rate": 73.0,
  "negative_samples_avg_ppl": 4519.569512023784,
  "positive_samples_avg_ppl": 2452.3568039352967
}