{
  "correct_idxs": [
    1,
    2,
    4,
    5,
    7,
    8,
    9,
    10,
    11,
    13,
    17,
    18,
    19,
    23,
    27,
    29,
    33,
    34,
    35,
    38,
    39,
    40,
    43,
    45,
    48,
    49,
    50,
    51,
    52,
    61,
    63,
    64,
    66,
    67,
    69,
    71,
    72,
    73,
    76,
    77,
    79,
    81,
    82,
    84,
    85,
    86,
    87,
    88,
    91,
    92,
    94,
    95,
    96,
    97,
    98,
    105,
    107,
    109,
    110,
    112,
    113,
    120,
    122,
    123,
    124,
    125,
    126,
    127,
    133,
    135,
    137,
    140,
    141,
    145,
    147,
    150,
    152,
    154,
    155,
    156,
    161,
    162,
    163,
    165,
    166,
    168,
    170,
    174,
    175,
    176,
    177,
    179,
    182,
    183,
    184,
    186,
    196
  ],
  "correct_rate": 48.5,
  "negative_samples_avg_ppl": 0.006818919331236143,
  "positive_samples_avg_ppl": 0.0071065950611966505
}