{
  "correct_idxs": [
    3,
    4,
    5,
    6,
    7,
    9,
    14,
    15,
    16,
    20,
    21,
    22,
    23,
    26,
    31,
    32,
    33,
    34,
    36,
    37,
    38,
    39,
    43,
    46,
    48,
    49,
    50,
    52,
    53,
    54,
    55,
    56,
    58,
    60,
    63,
    64,
    66,
    68,
    70,
    71,
    72,
    73,
    74,
    78,
    82,
    83,
    84,
    85,
    89,
    90,
    91,
    92,
    97,
    100,
    102,
    103,
    105,
    107,
    109,
    111,
    112,
    113,
    115,
    116,
    117,
    120,
    122,
    123,
    124,
    126,
    128,
    129,
    134,
    135,
    136,
    138,
    140,
    141,
    143,
    144,
    149,
    151,
    152,
    153,
    154,
    158,
    160,
    161,
    162,
    163,
    165,
    166,
    168,
    169,
    170,
    172,
    174,
    175,
    178,
    180,
    181,
    183,
    184,
    185,
    186,
    188,
    189,
    191,
    192,
    196,
    198
  ],
  "correct_rate": 55.5,
  "negative_samples_avg_ppl": 20.07843165271313,
  "positive_samples_avg_ppl": 17.984206251576218
}