{
  "correct_idxs": [
    0,
    2,
    3,
    4,
    6,
    9,
    11,
    12,
    14,
    17,
    18,
    21,
    23,
    24,
    25,
    26,
    27,
    29,
    30,
    32,
    33,
    34,
    36,
    37,
    40,
    41,
    42,
    44,
    45,
    47,
    48,
    51,
    55,
    56,
    58,
    59,
    60,
    61,
    62,
    63,
    64,
    65,
    71,
    72,
    73,
    74,
    77,
    79,
    80,
    82,
    84,
    85,
    87,
    91,
    95,
    96,
    97,
    98,
    102,
    103,
    104,
    106,
    108,
    109,
    110,
    111,
    112,
    113,
    115,
    117,
    118,
    120,
    121,
    122,
    126,
    127,
    128,
    130,
    131,
    132,
    133,
    134,
    135,
    136,
    138,
    140,
    141,
    142,
    143,
    144,
    145,
    147,
    148,
    149,
    150,
    152,
    153,
    154,
    155,
    156,
    157,
    159,
    162,
    164,
    165,
    166,
    168,
    169,
    170,
    171,
    172,
    173,
    175,
    176,
    177,
    179,
    181,
    182,
    183,
    184,
    185,
    186,
    187,
    189,
    190,
    191,
    193,
    194,
    198,
    199
  ],
  "correct_rate": 65.0,
  "negative_samples_avg_ppl": 12.242904574208431,
  "positive_samples_avg_ppl": 9.95655660337722
}