{
  "correct_idxs": [
    1,
    3,
    4,
    5,
    6,
    7,
    8,
    9,
    10,
    12,
    13,
    15,
    16,
    17,
    18,
    19,
    22,
    24,
    26,
    27,
    29,
    31,
    34,
    35,
    37,
    38,
    39,
    42,
    44,
    45,
    46,
    47,
    50,
    51,
    52,
    54,
    55,
    56,
    57,
    62,
    63,
    64,
    69,
    72,
    73,
    79,
    81,
    83,
    84,
    85,
    87,
    89,
    90,
    93,
    94,
    95,
    96,
    97,
    100,
    101,
    102,
    103,
    104,
    105,
    106,
    108,
    109,
    114,
    115,
    116,
    120,
    123,
    126,
    129,
    132,
    133,
    136,
    137,
    138,
    139,
    141,
    143,
    144,
    148,
    150,
    151,
    153,
    157,
    158,
    162,
    165,
    166,
    167,
    170,
    171,
    172,
    176,
    178,
    180,
    182,
    183,
    184,
    187,
    191,
    195,
    196,
    197
  ],
  "correct_rate": 53.5,
  "negative_samples_avg_ppl": 146.11591899002,
  "positive_samples_avg_ppl": 141.3389501985969
}