{
  "correct_idxs": [
    1,
    2,
    3,
    4,
    5,
    6,
    9,
    11,
    13,
    14,
    17,
    18,
    19,
    21,
    23,
    28,
    29,
    30,
    31,
    32,
    34,
    35,
    36,
    37,
    43,
    46,
    48,
    50,
    53,
    56,
    57,
    60,
    61,
    62,
    65,
    66,
    67,
    68,
    71,
    73,
    74,
    76,
    78,
    79,
    80,
    81,
    83,
    84,
    85,
    86,
    87,
    88,
    90,
    93,
    94,
    96,
    97,
    100,
    102,
    103,
    104,
    105,
    106,
    108,
    109,
    113,
    114,
    116,
    117,
    119,
    122,
    123,
    124,
    125,
    126,
    128,
    129,
    130,
    131,
    132,
    134,
    135,
    136,
    138,
    140,
    142,
    146,
    149,
    150,
    151,
    152,
    153,
    155,
    156,
    157,
    161,
    163,
    164,
    166,
    167,
    168,
    169,
    174,
    175,
    180,
    181,
    182,
    183,
    184,
    187,
    188,
    189,
    190,
    192,
    193,
    197
  ],
  "correct_rate": 58.0,
  "negative_samples_avg_ppl": 53.97530260180964,
  "positive_samples_avg_ppl": 52.000603355405765
}