{
  "correct_idxs": [
    5,
    8,
    12,
    16,
    18,
    19,
    22,
    27,
    28,
    31,
    33,
    38,
    39,
    41,
    48,
    49,
    50,
    52,
    54,
    57,
    58,
    59,
    60,
    61,
    62,
    63,
    66,
    68,
    69,
    70,
    73,
    74,
    75,
    76,
    78,
    80,
    81,
    97,
    101,
    107,
    108,
    109,
    114,
    115,
    117,
    118,
    120,
    121,
    122,
    123,
    124,
    125,
    127,
    128,
    129,
    130,
    132,
    133,
    134,
    136,
    137,
    139,
    141,
    144,
    148,
    150,
    151,
    152,
    154,
    155,
    156,
    157,
    158,
    159,
    163,
    165,
    167,
    169,
    170,
    173,
    179,
    181,
    183,
    184,
    185,
    186,
    188,
    193,
    195,
    196,
    198,
    199
  ],
  "correct_rate": 46.0,
  "negative_samples_avg_ppl": 5.056039398319763,
  "positive_samples_avg_ppl": 5.212148233836483
}