{
  "correct_idxs": [
    1,
    4,
    6,
    10,
    11,
    13,
    14,
    15,
    18,
    19,
    24,
    26,
    27,
    28,
    30,
    32,
    34,
    35,
    39,
    40,
    41,
    43,
    48,
    50,
    55,
    56,
    57,
    63,
    65,
    66,
    67,
    68,
    69,
    70,
    71,
    74,
    76,
    77,
    81,
    83,
    84,
    85,
    86,
    89,
    90,
    93,
    94,
    95,
    96,
    99,
    100,
    102,
    104,
    109,
    111,
    113,
    115,
    116,
    118,
    120,
    122,
    123,
    125,
    126,
    129,
    130,
    131,
    133,
    134,
    137,
    140,
    141,
    142,
    144,
    149,
    150,
    151,
    152,
    153,
    158,
    159,
    160,
    162,
    165,
    167,
    168,
    169,
    175,
    176,
    177,
    179,
    182,
    186,
    187,
    188,
    189,
    192,
    194,
    195,
    197,
    199
  ],
  "correct_rate": 50.5,
  "negative_samples_avg_ppl": 0.8985793373127242,
  "positive_samples_avg_ppl": 0.8859109701694994
}