{
  "correct_idxs": [
    0,
    1,
    5,
    6,
    8,
    10,
    12,
    13,
    15,
    20,
    21,
    22,
    23,
    24,
    26,
    27,
    28,
    32,
    34,
    36,
    41,
    42,
    43,
    44,
    45,
    49,
    52,
    53,
    54,
    55,
    58,
    59,
    60,
    61,
    63,
    64,
    66,
    67,
    68,
    70,
    72,
    73,
    75,
    76,
    80,
    81,
    85,
    86,
    87,
    88,
    90,
    92,
    98,
    99,
    102,
    103,
    105,
    106,
    108,
    109,
    111,
    114,
    115,
    116,
    118,
    120,
    121,
    122,
    123,
    124,
    127,
    128,
    130,
    131,
    132,
    135,
    137,
    138,
    140,
    141,
    144,
    147,
    148,
    149,
    151,
    152,
    154,
    157,
    159,
    160,
    164,
    165,
    166,
    167,
    168,
    169,
    178,
    179,
    180,
    183,
    184,
    185,
    186,
    191,
    192,
    196,
    197,
    198,
    199
  ],
  "correct_rate": 54.5,
  "negative_samples_avg_ppl": 2.536017459246137,
  "positive_samples_avg_ppl": 2.2962975230328846
}