{
  "correct_idxs": [
    2,
    3,
    4,
    5,
    6,
    7,
    11,
    13,
    14,
    15,
    16,
    20,
    24,
    25,
    26,
    28,
    29,
    33,
    36,
    38,
    39,
    41,
    43,
    44,
    45,
    49,
    50,
    53,
    55,
    56,
    57,
    61,
    62,
    66,
    68,
    69,
    71,
    72,
    73,
    74,
    79,
    81,
    83,
    85,
    87,
    88,
    90,
    94,
    98,
    103,
    104,
    106,
    108,
    112,
    113,
    114,
    115,
    118,
    119,
    123,
    125,
    128,
    131,
    135,
    138,
    139,
    140,
    141,
    145,
    146,
    148,
    149,
    150,
    151,
    152,
    155,
    156,
    157,
    158,
    163,
    167,
    171,
    173,
    175,
    177,
    182,
    183,
    186,
    189,
    190,
    192,
    193,
    194,
    196
  ],
  "correct_rate": 47.0,
  "negative_samples_avg_ppl": 27.86602139109905,
  "positive_samples_avg_ppl": 28.155495767622252
}