{
  "correct_idxs": [
    0,
    1,
    2,
    3,
    5,
    10,
    11,
    12,
    16,
    18,
    19,
    20,
    21,
    22,
    23,
    25,
    28,
    29,
    30,
    31,
    35,
    37,
    38,
    39,
    42,
    43,
    45,
    46,
    49,
    50,
    51,
    56,
    57,
    60,
    61,
    62,
    63,
    64,
    67,
    71,
    73,
    78,
    80,
    81,
    83,
    84,
    85,
    88,
    92,
    94,
    96,
    102,
    104,
    105,
    106,
    108,
    110,
    114,
    115,
    116,
    117,
    118,
    119,
    121,
    122,
    125,
    128,
    131,
    133,
    134,
    136,
    139,
    142,
    143,
    144,
    146,
    149,
    151,
    152,
    153,
    154,
    156,
    157,
    160,
    162,
    163,
    164,
    165,
    166,
    170,
    171,
    182,
    183,
    184,
    185,
    186,
    187,
    188,
    191,
    193,
    194,
    195,
    196,
    197,
    198,
    199
  ],
  "correct_rate": 53.25,
  "negative_samples_avg_ppl": 0.05398832213367651,
  "positive_samples_avg_ppl": 0.06292125302651504
}