{
  "correct_idxs": [
    3,
    4,
    6,
    8,
    11,
    12,
    13,
    14,
    16,
    17,
    19,
    21,
    22,
    23,
    25,
    27,
    32,
    34,
    35,
    36,
    38,
    42,
    45,
    47,
    48,
    49,
    50,
    51,
    52,
    53,
    55,
    56,
    57,
    59,
    60,
    61,
    62,
    63,
    67,
    69,
    70,
    72,
    76,
    79,
    80,
    82,
    83,
    85,
    87,
    89,
    90,
    92,
    95,
    97,
    98,
    105,
    106,
    107,
    108,
    110,
    112,
    113,
    114,
    115,
    119,
    121,
    123,
    124,
    125,
    126,
    127,
    128,
    129,
    130,
    131,
    133,
    137,
    139,
    142,
    144,
    147,
    148,
    149,
    151,
    153,
    154,
    156,
    157,
    160,
    163,
    166,
    167,
    169,
    173,
    176,
    177,
    178,
    179,
    180,
    181,
    182,
    183,
    186,
    188,
    189,
    190,
    191,
    193,
    194,
    199
  ],
  "correct_rate": 55.0,
  "negative_samples_avg_ppl": 0.6970644362672473,
  "positive_samples_avg_ppl": 0.6571274113326103
}