{
  "correct_idxs": [
    0,
    1,
    2,
    3,
    4,
    6,
    7,
    8,
    9,
    10,
    11,
    12,
    14,
    15,
    16,
    19,
    20,
    21,
    23,
    24,
    25,
    27,
    28,
    29,
    31,
    32,
    33,
    34,
    35,
    36,
    37,
    38,
    40,
    41,
    42,
    43,
    44,
    46,
    48,
    50,
    51,
    52,
    53,
    55,
    56,
    57,
    58,
    59,
    60,
    61,
    63,
    64,
    65,
    66,
    67,
    70,
    72,
    73,
    75,
    76,
    77,
    80,
    82,
    83,
    84,
    85,
    86,
    87,
    88,
    89,
    91,
    92,
    93,
    95,
    97,
    98,
    99,
    100,
    101,
    102,
    103,
    104,
    105,
    106,
    107,
    109,
    110,
    111,
    112,
    113,
    116,
    117,
    118,
    119,
    120,
    121,
    122,
    123,
    124,
    125,
    126,
    127,
    129,
    130,
    131,
    132,
    134,
    135,
    136,
    138,
    140,
    141,
    142,
    143,
    144,
    146,
    147,
    148,
    150,
    151,
    152,
    153,
    154,
    155,
    156,
    157,
    159,
    161,
    162,
    163,
    165,
    166,
    167,
    168,
    169,
    170,
    171,
    172,
    173,
    174,
    176,
    177,
    178,
    179,
    182,
    184,
    185,
    187,
    189,
    190,
    191,
    192,
    193,
    195,
    196,
    197,
    198,
    199
  ],
  "correct_rate": 79.0,
  "negative_samples_avg_ppl": 313.08261878684493,
  "positive_samples_avg_ppl": 96.17699989614717
}