{
  "correct_idxs": [
    0,
    1,
    2,
    4,
    11,
    14,
    15,
    16,
    17,
    22,
    24,
    25,
    27,
    28,
    29,
    30,
    31,
    32,
    33,
    35,
    36,
    38,
    39,
    40,
    41,
    43,
    45,
    47,
    48,
    50,
    51,
    52,
    54,
    55,
    56,
    57,
    59,
    62,
    63,
    64,
    65,
    67,
    68,
    69,
    72,
    74,
    77,
    79,
    80,
    81,
    82,
    83,
    85,
    87,
    92,
    96,
    97,
    101,
    105,
    108,
    109,
    110,
    112,
    113,
    114,
    115,
    116,
    117,
    122,
    124,
    128,
    130,
    132,
    133,
    134,
    136,
    137,
    138,
    141,
    142,
    148,
    149,
    152,
    153,
    154,
    157,
    159,
    160,
    161,
    162,
    164,
    166,
    168,
    169,
    170,
    172,
    174,
    176,
    177,
    179,
    181,
    184,
    185,
    186,
    187,
    189,
    190,
    192,
    193,
    194,
    196,
    197,
    198,
    199
  ],
  "correct_rate": 57.0,
  "negative_samples_avg_ppl": 3705.4528912998044,
  "positive_samples_avg_ppl": 2494.5571870617478
}