{
  "correct_idxs": [
    0,
    1,
    2,
    3,
    4,
    6,
    7,
    11,
    13,
    15,
    16,
    17,
    18,
    19,
    20,
    21,
    22,
    23,
    28,
    29,
    30,
    34,
    35,
    37,
    39,
    40,
    43,
    44,
    45,
    46,
    48,
    52,
    53,
    54,
    55,
    56,
    57,
    58,
    59,
    61,
    62,
    63,
    65,
    66,
    67,
    71,
    72,
    74,
    75,
    76,
    78,
    79,
    80,
    81,
    82,
    83,
    84,
    85,
    88,
    90,
    91,
    92,
    93,
    96,
    97,
    98,
    99,
    101,
    102,
    104,
    112,
    115,
    116,
    117,
    118,
    119,
    120,
    123,
    125,
    126,
    127,
    128,
    129,
    130,
    132,
    133,
    134,
    138,
    139,
    140,
    144,
    145,
    146,
    147,
    150,
    152,
    153,
    154,
    155,
    156,
    157,
    160,
    164,
    166,
    168,
    172,
    173,
    175,
    176,
    178,
    180,
    181,
    182,
    188,
    189,
    190,
    191,
    192,
    195,
    196,
    197
  ],
  "correct_rate": 60.75,
  "negative_samples_avg_ppl": 15.571874273349415,
  "positive_samples_avg_ppl": 11.903268197728291
}