{
  "correct_idxs": [
    1,
    8,
    9,
    13,
    14,
    17,
    18,
    20,
    21,
    23,
    25,
    28,
    29,
    30,
    31,
    32,
    37,
    39,
    40,
    42,
    45,
    47,
    48,
    50,
    52,
    53,
    58,
    61,
    64,
    67,
    68,
    70,
    71,
    73,
    79,
    80,
    81,
    82,
    83,
    85,
    88,
    91,
    95,
    97,
    104,
    105,
    108,
    112,
    113,
    122,
    125,
    126,
    127,
    128,
    129,
    130,
    134,
    135,
    136,
    138,
    140,
    141,
    142,
    143,
    145,
    150,
    152,
    153,
    154,
    155,
    157,
    159,
    160,
    161,
    163,
    165,
    173,
    175,
    176,
    179,
    182,
    184,
    186,
    187,
    189,
    190,
    191,
    192
  ],
  "correct_rate": 44.0,
  "negative_samples_avg_ppl": 706.9991730705788,
  "positive_samples_avg_ppl": 756.7853694026596
}