{
  "correct_idxs": [
    3,
    4,
    5,
    9,
    11,
    12,
    13,
    25,
    29,
    30,
    31,
    32,
    34,
    37,
    38,
    39,
    42,
    50,
    51,
    52,
    54,
    55,
    56,
    57,
    58,
    59,
    60,
    61,
    63,
    65,
    66,
    70,
    71,
    73,
    74,
    76,
    79,
    80,
    85,
    91,
    92,
    95,
    96,
    99,
    100,
    105,
    108,
    109,
    112,
    113,
    115,
    118,
    121,
    123,
    126,
    128,
    131,
    134,
    136,
    141,
    143,
    148,
    150,
    152,
    154,
    157,
    159,
    160,
    161,
    165,
    168,
    170,
    171,
    176,
    181,
    182,
    184,
    185,
    186,
    187,
    189,
    190,
    191,
    192,
    193,
    196,
    198,
    199
  ],
  "correct_rate": 45.36082474226804,
  "negative_samples_avg_ppl": 2482.7482418935833,
  "positive_samples_avg_ppl": 2501.771568853721
}