{
  "correct_idxs": [
    4,
    9,
    11,
    12,
    25,
    29,
    30,
    34,
    37,
    38,
    42,
    50,
    51,
    54,
    56,
    57,
    58,
    60,
    61,
    65,
    74,
    76,
    80,
    85,
    92,
    95,
    96,
    100,
    105,
    113,
    121,
    125,
    131,
    138,
    141,
    145,
    148,
    151,
    157,
    160,
    170,
    176,
    181,
    183,
    185,
    187,
    189,
    190,
    191,
    192,
    193,
    196,
    199
  ],
  "correct_rate": 43.80165289256198,
  "negative_samples_avg_ppl": 1688.381205148706,
  "positive_samples_avg_ppl": 1940.422781698239
}