{
  "correct_idxs": [
    1,
    5,
    6,
    9,
    13,
    14,
    17,
    25,
    28,
    29,
    31,
    33,
    37,
    39,
    40,
    41,
    42,
    47,
    48,
    51,
    53,
    56,
    57,
    58,
    59,
    61,
    65,
    66,
    67,
    70,
    71,
    73,
    74,
    76,
    79,
    80,
    83,
    85,
    87,
    94,
    97,
    102,
    104,
    105,
    110,
    112,
    116,
    118,
    121,
    123,
    124,
    126,
    131,
    134,
    136,
    137,
    141,
    143,
    145,
    148,
    152,
    153,
    160,
    161,
    165,
    170,
    172,
    173,
    175,
    176,
    177,
    180,
    182,
    184,
    186,
    189,
    191,
    192,
    193,
    196,
    199
  ],
  "correct_rate": 40.5,
  "negative_samples_avg_ppl": 990.8910072407647,
  "positive_samples_avg_ppl": 1220.2163252816226
}