{
  "correct_idxs": [
    0,
    1,
    4,
    8,
    12,
    13,
    14,
    15,
    16,
    18,
    19,
    22,
    24,
    26,
    27,
    33,
    34,
    35,
    36,
    38,
    39,
    40,
    41,
    42,
    46,
    48,
    49,
    53,
    55,
    56,
    60,
    62,
    63,
    65,
    66,
    67,
    68,
    69,
    70,
    71,
    72,
    73,
    75,
    82,
    86,
    89,
    92,
    94,
    95,
    96,
    99,
    100,
    102,
    103,
    106,
    108,
    109,
    110,
    111,
    114,
    115,
    117,
    121,
    122,
    125,
    127,
    128,
    129,
    130,
    131,
    132,
    135,
    137,
    139,
    140,
    141,
    142,
    143,
    145,
    146,
    147,
    148,
    150,
    151,
    154,
    157,
    158,
    160,
    161,
    163,
    164,
    165,
    166,
    169,
    170,
    171,
    174,
    176,
    177,
    179,
    180,
    181,
    183,
    184,
    185,
    186,
    187,
    188,
    190,
    191,
    193,
    196,
    197,
    198,
    199
  ],
  "correct_rate": 58.0,
  "negative_samples_avg_ppl": 27.52943659731741,
  "positive_samples_avg_ppl": 16.33145352517438
}