{
  "correct_idxs": [
    0,
    2,
    4,
    5,
    6,
    7,
    8,
    10,
    11,
    12,
    13,
    15,
    20,
    27,
    28,
    31,
    32,
    33,
    35,
    36,
    37,
    39,
    41,
    43,
    44,
    45,
    46,
    51,
    54,
    56,
    58,
    60,
    62,
    65,
    67,
    69,
    70,
    73,
    76,
    77,
    78,
    80,
    81,
    83,
    84,
    85,
    89,
    93,
    97,
    99,
    100,
    101,
    102,
    104,
    108,
    115,
    116,
    118,
    119,
    120,
    123,
    124,
    126,
    128,
    130,
    131,
    132,
    134,
    137,
    140,
    142,
    146,
    147,
    149,
    151,
    154,
    155,
    156,
    157,
    158,
    159,
    162,
    163,
    165,
    170,
    171,
    172,
    176,
    179,
    180,
    182,
    184,
    185,
    187,
    188,
    190,
    193,
    197,
    199
  ],
  "correct_rate": 49.5,
  "negative_samples_avg_ppl": 7.519620410287027,
  "positive_samples_avg_ppl": 7.971045611763074
}