{
  "correct_idxs": [
    2,
    6,
    7,
    8,
    9,
    11,
    15,
    16,
    17,
    18,
    19,
    20,
    21,
    22,
    24,
    25,
    30,
    31,
    33,
    35,
    36,
    37,
    38,
    40,
    41,
    43,
    45,
    49,
    50,
    51,
    53,
    56,
    58,
    59,
    61,
    63,
    64,
    66,
    67,
    68,
    69,
    70,
    71,
    72,
    73,
    74,
    77,
    78,
    80,
    81,
    82,
    83,
    84,
    85,
    88,
    89,
    90,
    93,
    95,
    97,
    99,
    100,
    101,
    102,
    103,
    105,
    107,
    108,
    110,
    112,
    114,
    115,
    116,
    117,
    118,
    119,
    120,
    121,
    123,
    124,
    125,
    127,
    128,
    130,
    131,
    133,
    134,
    135,
    136,
    138,
    142,
    143,
    144,
    145,
    146,
    147,
    149,
    150,
    151,
    152,
    153,
    154,
    155,
    158,
    159,
    161,
    163,
    165,
    166,
    167,
    168,
    169,
    171,
    172,
    173,
    174,
    175,
    177,
    178,
    179,
    180,
    182,
    184,
    185,
    189,
    191,
    192,
    193,
    194,
    196,
    197
  ],
  "correct_rate": 65.5,
  "negative_samples_avg_ppl": 0.012873057799889717,
  "positive_samples_avg_ppl": 0.007670951641566114
}