{
  "correct_idxs": [
    0,
    2,
    4,
    8,
    11,
    12,
    14,
    15,
    16,
    17,
    18,
    19,
    21,
    22,
    24,
    26,
    27,
    30,
    31,
    34,
    36,
    37,
    38,
    40,
    41,
    42,
    46,
    48,
    51,
    57,
    59,
    60,
    62,
    63,
    65,
    66,
    67,
    70,
    71,
    73,
    76,
    78,
    82,
    86,
    89,
    90,
    91,
    92,
    94,
    95,
    96,
    97,
    98,
    99,
    100,
    101,
    102,
    103,
    108,
    109,
    110,
    111,
    114,
    115,
    117,
    120,
    121,
    122,
    123,
    125,
    129,
    130,
    131,
    132,
    134,
    135,
    138,
    139,
    140,
    141,
    142,
    143,
    144,
    145,
    146,
    148,
    150,
    155,
    156,
    157,
    160,
    162,
    163,
    164,
    165,
    166,
    169,
    170,
    171,
    174,
    176,
    177,
    179,
    180,
    181,
    183,
    184,
    185,
    186,
    187,
    191,
    192,
    193,
    195,
    197,
    198,
    199
  ],
  "correct_rate": 58.5,
  "negative_samples_avg_ppl": 10.156177024178133,
  "positive_samples_avg_ppl": 6.830497878788174
}