{
  "correct_idxs": [
    0,
    4,
    5,
    6,
    8,
    9,
    13,
    14,
    15,
    20,
    21,
    22,
    23,
    28,
    31,
    35,
    36,
    37,
    38,
    39,
    40,
    44,
    45,
    46,
    48,
    51,
    54,
    56,
    57,
    58,
    60,
    62,
    63,
    64,
    67,
    70,
    71,
    72,
    73,
    74,
    75,
    77,
    78,
    80,
    81,
    82,
    83,
    86,
    88,
    90,
    93,
    94,
    98,
    99,
    100,
    101,
    102,
    103,
    104,
    106,
    109,
    110,
    112,
    114,
    116,
    118,
    121,
    122,
    123,
    126,
    127,
    129,
    130,
    131,
    132,
    133,
    134,
    142,
    143,
    145,
    146,
    147,
    149,
    152,
    153,
    154,
    155,
    156,
    157,
    158,
    159,
    160,
    162,
    165,
    167,
    168,
    171,
    172,
    174,
    175,
    177,
    178,
    182,
    185,
    186,
    188,
    189,
    191,
    196,
    197,
    198,
    199
  ],
  "correct_rate": 56.0,
  "negative_samples_avg_ppl": 3.72436447273432,
  "positive_samples_avg_ppl": 3.5846203703497013
}