{
  "correct_idxs": [
    0,
    1,
    4,
    5,
    6,
    9,
    10,
    11,
    12,
    14,
    15,
    18,
    20,
    21,
    22,
    24,
    26,
    27,
    28,
    30,
    32,
    34,
    35,
    36,
    39,
    40,
    42,
    43,
    44,
    45,
    46,
    48,
    52,
    54,
    55,
    57,
    59,
    60,
    61,
    62,
    65,
    66,
    67,
    68,
    69,
    70,
    72,
    73,
    77,
    78,
    83,
    85,
    86,
    87,
    90,
    92,
    94,
    95,
    96,
    99,
    102,
    103,
    104,
    105,
    106,
    107,
    109,
    110,
    112,
    115,
    116,
    117,
    118,
    120,
    121,
    123,
    125,
    127,
    128,
    131,
    135,
    136,
    137,
    138,
    141,
    142,
    143,
    146,
    150,
    152,
    154,
    155,
    159,
    160,
    165,
    166,
    167,
    169,
    172,
    173,
    175,
    176,
    177,
    178,
    180,
    182,
    184,
    186,
    190,
    191,
    192,
    194,
    199
  ],
  "correct_rate": 56.5,
  "negative_samples_avg_ppl": 2.591747583771056,
  "positive_samples_avg_ppl": 2.503073522786593
}