{
  "correct_idxs": [
    0,
    2,
    4,
    5,
    6,
    7,
    8,
    10,
    11,
    13,
    14,
    16,
    17,
    18,
    20,
    22,
    24,
    25,
    26,
    27,
    28,
    29,
    30,
    31,
    33,
    34,
    35,
    36,
    37,
    39,
    40,
    41,
    43,
    44,
    46,
    48,
    52,
    53,
    54,
    55,
    59,
    60,
    61,
    62,
    63,
    65,
    68,
    70,
    72,
    74,
    75,
    76,
    77,
    78,
    79,
    83,
    85,
    86,
    87,
    88,
    90,
    92,
    93,
    95,
    96,
    98,
    99,
    100,
    101,
    102,
    103,
    105,
    106,
    107,
    108,
    111,
    112,
    114,
    115,
    116,
    117,
    118,
    120,
    121,
    122,
    123,
    124,
    125,
    126,
    127,
    130,
    134,
    135,
    137,
    140,
    141,
    142,
    143,
    144,
    145,
    149,
    150,
    152,
    154,
    155,
    157,
    158,
    161,
    164,
    165,
    168,
    169,
    170,
    171,
    172,
    173,
    175,
    177,
    178,
    180,
    181,
    183,
    186,
    187,
    189,
    192,
    196,
    197,
    198
  ],
  "correct_rate": 64.5,
  "negative_samples_avg_ppl": 0.013587606925113602,
  "positive_samples_avg_ppl": 0.01125252645387888
}