{
  "correct_idxs": [
    2,
    3,
    4,
    5,
    6,
    7,
    8,
    11,
    12,
    13,
    14,
    15,
    16,
    17,
    18,
    20,
    21,
    23,
    24,
    25,
    28,
    29,
    30,
    33,
    34,
    36,
    38,
    39,
    40,
    44,
    46,
    47,
    50,
    51,
    52,
    53,
    55,
    56,
    57,
    58,
    61,
    62,
    63,
    64,
    65,
    66,
    67,
    68,
    70,
    71,
    72,
    74,
    76,
    78,
    80,
    81,
    87,
    88,
    89,
    91,
    92,
    93,
    94,
    95,
    96,
    97,
    98,
    99,
    101,
    103,
    109,
    110,
    112,
    113,
    114,
    115,
    117,
    119,
    120,
    122,
    123,
    125,
    126,
    127,
    130,
    131,
    133,
    134,
    135,
    136,
    137,
    138,
    141,
    145,
    146,
    148,
    150,
    151,
    152,
    155,
    156,
    159,
    163,
    164,
    166,
    167,
    169,
    170,
    172,
    173,
    174,
    175,
    177,
    178,
    180,
    181,
    184,
    185,
    187,
    188,
    189,
    190,
    191,
    192,
    193,
    194,
    195
  ],
  "correct_rate": 63.5,
  "negative_samples_avg_ppl": 12645.924823113734,
  "positive_samples_avg_ppl": 5334.412176652748
}