{
  "correct_idxs": [
    0,
    2,
    4,
    5,
    6,
    7,
    12,
    13,
    14,
    15,
    17,
    18,
    19,
    20,
    21,
    22,
    26,
    27,
    28,
    29,
    31,
    33,
    34,
    35,
    39,
    41,
    45,
    46,
    53,
    55,
    56,
    61,
    62,
    64,
    65,
    66,
    67,
    74,
    76,
    77,
    80,
    81,
    82,
    85,
    86,
    87,
    90,
    93,
    96,
    98,
    99,
    103,
    105,
    109,
    112,
    113,
    116,
    118,
    119,
    121,
    123,
    124,
    125,
    127,
    131,
    135,
    145,
    146,
    147,
    150,
    151,
    153,
    154,
    155,
    156,
    159,
    163,
    164,
    165,
    166,
    169,
    170,
    171,
    174,
    175,
    176,
    178,
    181,
    183,
    184,
    185,
    186,
    187,
    188,
    189,
    190,
    191,
    194,
    197
  ],
  "correct_rate": 49.5,
  "negative_samples_avg_ppl": 13.309462219634943,
  "positive_samples_avg_ppl": 13.071656403142544
}