{
  "correct_idxs": [
    0,
    1,
    4,
    7,
    11,
    13,
    16,
    20,
    22,
    24,
    26,
    27,
    29,
    30,
    31,
    33,
    34,
    35,
    37,
    39,
    40,
    43,
    46,
    48,
    52,
    53,
    54,
    55,
    57,
    59,
    60,
    61,
    63,
    64,
    65,
    67,
    68,
    69,
    70,
    74,
    76,
    77,
    79,
    80,
    81,
    84,
    85,
    86,
    87,
    88,
    90,
    91,
    93,
    94,
    95,
    97,
    98,
    99,
    101,
    102,
    104,
    106,
    107,
    108,
    109,
    111,
    112,
    115,
    116,
    119,
    121,
    122,
    123,
    124,
    126,
    127,
    128,
    129,
    130,
    131,
    134,
    139,
    140,
    141,
    143,
    144,
    150,
    151,
    152,
    153,
    154,
    159,
    160,
    165,
    168,
    169,
    171,
    172,
    173,
    174,
    175,
    177,
    178,
    180,
    181,
    183,
    186,
    189,
    191,
    192,
    193,
    196,
    197,
    198
  ],
  "correct_rate": 57.0,
  "negative_samples_avg_ppl": 7544.244470932901,
  "positive_samples_avg_ppl": 5067.691168889623
}