{
  "correct_idxs": [
    1,
    4,
    5,
    6,
    8,
    10,
    11,
    13,
    18,
    23,
    25,
    26,
    27,
    30,
    33,
    34,
    35,
    36,
    38,
    42,
    45,
    46,
    48,
    50,
    51,
    53,
    54,
    55,
    56,
    57,
    59,
    60,
    63,
    64,
    65,
    66,
    71,
    72,
    73,
    74,
    77,
    78,
    79,
    80,
    81,
    82,
    83,
    85,
    86,
    88,
    91,
    92,
    93,
    94,
    95,
    97,
    98,
    100,
    101,
    102,
    103,
    104,
    105,
    106,
    107,
    108,
    110,
    112,
    113,
    114,
    115,
    117,
    119,
    121,
    122,
    124,
    125,
    128,
    129,
    131,
    133,
    134,
    135,
    136,
    138,
    140,
    142,
    143,
    144,
    145,
    147,
    150,
    151,
    155,
    158,
    159,
    161,
    163,
    166,
    167,
    168,
    170,
    171,
    173,
    174,
    176,
    177,
    180,
    184,
    185,
    188,
    192,
    193,
    198
  ],
  "correct_rate": 57.0,
  "negative_samples_avg_ppl": 2410.8312381698643,
  "positive_samples_avg_ppl": 1800.7153016668317
}