{
  "correct_idxs": [
    0,
    1,
    2,
    3,
    6,
    7,
    8,
    9,
    10,
    11,
    15,
    17,
    19,
    21,
    22,
    24,
    25,
    26,
    27,
    30,
    31,
    32,
    33,
    35,
    36,
    37,
    38,
    39,
    40,
    42,
    43,
    45,
    49,
    50,
    52,
    53,
    56,
    58,
    59,
    60,
    61,
    62,
    63,
    64,
    66,
    67,
    68,
    69,
    70,
    71,
    72,
    74,
    76,
    77,
    80,
    81,
    82,
    83,
    84,
    85,
    87,
    88,
    89,
    90,
    93,
    94,
    97,
    98,
    100,
    102,
    103,
    105,
    107,
    108,
    109,
    110,
    112,
    113,
    114,
    115,
    116,
    117,
    118,
    119,
    120,
    123,
    124,
    125,
    128,
    130,
    131,
    134,
    135,
    141,
    142,
    144,
    145,
    146,
    149,
    150,
    151,
    152,
    153,
    154,
    156,
    158,
    159,
    160,
    161,
    162,
    163,
    164,
    165,
    167,
    168,
    169,
    170,
    171,
    172,
    174,
    177,
    178,
    179,
    180,
    182,
    184,
    185,
    186,
    187,
    189,
    191,
    192,
    193,
    194,
    195,
    196
  ],
  "correct_rate": 68.0,
  "negative_samples_avg_ppl": 0.01661957323581922,
  "positive_samples_avg_ppl": 0.00847240573416278
}