{
  "correct_idxs": [
    1,
    2,
    3,
    4,
    6,
    8,
    9,
    11,
    12,
    14,
    16,
    17,
    18,
    19,
    21,
    22,
    24,
    26,
    27,
    33,
    34,
    36,
    37,
    38,
    39,
    40,
    41,
    42,
    43,
    45,
    46,
    47,
    48,
    51,
    52,
    57,
    58,
    59,
    62,
    64,
    65,
    66,
    67,
    70,
    71,
    72,
    73,
    74,
    75,
    76,
    78,
    79,
    82,
    83,
    84,
    85,
    87,
    88,
    89,
    91,
    92,
    93,
    95,
    96,
    97,
    98,
    99,
    100,
    101,
    102,
    103,
    104,
    106,
    107,
    108,
    109,
    111,
    112,
    114,
    115,
    117,
    120,
    121,
    122,
    123,
    125,
    126,
    128,
    130,
    131,
    132,
    135,
    136,
    137,
    139,
    141,
    142,
    143,
    145,
    146,
    148,
    149,
    150,
    154,
    155,
    156,
    157,
    160,
    162,
    163,
    164,
    165,
    167,
    169,
    170,
    171,
    173,
    174,
    176,
    177,
    179,
    180,
    181,
    182,
    184,
    186,
    187,
    195,
    197,
    198,
    199
  ],
  "correct_rate": 65.5,
  "negative_samples_avg_ppl": 20.350500578903535,
  "positive_samples_avg_ppl": 13.303604083344437
}