{
  "correct_idxs": [
    0,
    6,
    8,
    12,
    14,
    16,
    17,
    19,
    20,
    21,
    24,
    26,
    30,
    31,
    32,
    34,
    37,
    38,
    42,
    45,
    46,
    47,
    48,
    49,
    53,
    59,
    64,
    66,
    67,
    70,
    71,
    72,
    73,
    74,
    75,
    76,
    77,
    78,
    82,
    83,
    84,
    87,
    89,
    90,
    92,
    93,
    100,
    102,
    103,
    105,
    108,
    109,
    110,
    111,
    112,
    113,
    114,
    115,
    116,
    117,
    118,
    121,
    122,
    123,
    125,
    128,
    129,
    130,
    131,
    134,
    135,
    136,
    139,
    140,
    141,
    142,
    143,
    144,
    145,
    146,
    147,
    148,
    149,
    151,
    152,
    153,
    155,
    156,
    157,
    159,
    160,
    162,
    165,
    166,
    167,
    168,
    169,
    171,
    173,
    174,
    176,
    178,
    179,
    180,
    181,
    183,
    188,
    189,
    191,
    195,
    196,
    197,
    198,
    199
  ],
  "correct_rate": 57.25,
  "negative_samples_avg_ppl": 7.535069877209473,
  "positive_samples_avg_ppl": 4.845092065300142
}