{
  "correct_idxs": [
    0,
    1,
    2,
    4,
    5,
    6,
    7,
    11,
    14,
    15,
    16,
    20,
    21,
    23,
    30,
    32,
    34,
    35,
    36,
    38,
    39,
    40,
    44,
    45,
    46,
    47,
    49,
    50,
    51,
    55,
    57,
    58,
    60,
    64,
    65,
    67,
    69,
    71,
    72,
    73,
    75,
    76,
    77,
    78,
    79,
    80,
    81,
    83,
    84,
    85,
    88,
    90,
    92,
    94,
    96,
    98,
    102,
    104,
    107,
    108,
    110,
    111,
    113,
    114,
    116,
    118,
    119,
    120,
    121,
    122,
    123,
    125,
    127,
    128,
    130,
    132,
    133,
    134,
    135,
    138,
    141,
    142,
    143,
    147,
    149,
    150,
    151,
    152,
    154,
    156,
    157,
    159,
    160,
    162,
    164,
    166,
    171,
    172,
    175,
    177,
    179,
    182,
    184,
    189,
    194,
    197
  ],
  "correct_rate": 53.0,
  "negative_samples_avg_ppl": 1.01907460636115,
  "positive_samples_avg_ppl": 1.0190703890981117
}