{
  "correct_idxs": [
    1,
    4,
    5,
    6,
    7,
    8,
    9,
    11,
    13,
    15,
    16,
    18,
    19,
    20,
    21,
    22,
    24,
    27,
    29,
    35,
    37,
    38,
    40,
    42,
    46,
    47,
    48,
    52,
    54,
    56,
    60,
    61,
    63,
    64,
    66,
    68,
    72,
    73,
    76,
    77,
    78,
    80,
    81,
    83,
    85,
    90,
    92,
    95,
    97,
    99,
    100,
    103,
    105,
    106,
    108,
    111,
    114,
    116,
    117,
    118,
    119,
    120,
    122,
    123,
    125,
    128,
    131,
    132,
    134,
    135,
    136,
    137,
    138,
    140,
    141,
    143,
    144,
    146,
    147,
    148,
    150,
    153,
    154,
    156,
    157,
    158,
    165,
    167,
    169,
    172,
    173,
    175,
    177,
    179,
    181,
    183,
    185,
    189,
    192,
    194,
    196
  ],
  "correct_rate": 50.5,
  "negative_samples_avg_ppl": 950.7750844852758,
  "positive_samples_avg_ppl": 882.6748432044177
}