{
  "correct_idxs": [
    1,
    2,
    4,
    6,
    7,
    8,
    11,
    12,
    15,
    16,
    18,
    19,
    20,
    25,
    26,
    27,
    29,
    32,
    33,
    36,
    37,
    38,
    40,
    42,
    43,
    46,
    48,
    49,
    52,
    54,
    55,
    56,
    60,
    61,
    62,
    64,
    68,
    72,
    73,
    76,
    77,
    80,
    81,
    83,
    85,
    86,
    87,
    89,
    91,
    93,
    94,
    95,
    96,
    97,
    100,
    101,
    102,
    103,
    105,
    108,
    109,
    111,
    113,
    114,
    117,
    118,
    120,
    122,
    127,
    129,
    134,
    136,
    144,
    145,
    146,
    148,
    150,
    153,
    154,
    159,
    160,
    164,
    167,
    171,
    172,
    175,
    176,
    177,
    178,
    179,
    180,
    181,
    182,
    183,
    185,
    186,
    188,
    190,
    191,
    194,
    196
  ],
  "correct_rate": 50.5,
  "negative_samples_avg_ppl": 861.0401856689064,
  "positive_samples_avg_ppl": 852.1886407173635
}