{
  "correct_idxs": [
    2,
    7,
    8,
    11,
    12,
    37,
    43,
    48,
    52,
    54,
    60,
    61,
    64,
    72,
    76,
    81,
    85,
    93,
    95,
    96,
    97,
    103,
    108,
    111,
    117,
    118,
    120,
    122,
    127,
    134,
    136,
    141,
    144,
    146,
    148,
    153,
    154,
    156,
    159,
    167,
    172,
    175,
    176,
    178,
    181,
    183,
    185,
    196
  ],
  "correct_rate": 45.714285714285715,
  "negative_samples_avg_ppl": 545.1859799831401,
  "positive_samples_avg_ppl": 546.1647307549705
}