{
  "correct_idxs": [
    1,
    2,
    3,
    4,
    5,
    7,
    8,
    10,
    11,
    12,
    14,
    15,
    19,
    21,
    22,
    23,
    25,
    28,
    29,
    30,
    31,
    34,
    36,
    37,
    38,
    39,
    40,
    42,
    45,
    46,
    48,
    49,
    51,
    52,
    54,
    55,
    56,
    58,
    60,
    61,
    62,
    63,
    71,
    72,
    73,
    74,
    75,
    76,
    77,
    78,
    79,
    81,
    82,
    83,
    85,
    89,
    91,
    92,
    93,
    94,
    95,
    96,
    97,
    98,
    100,
    101,
    103,
    107,
    108,
    109,
    110,
    111,
    113,
    114,
    115,
    116,
    117,
    118,
    120,
    122,
    123,
    124,
    125,
    126,
    129,
    130,
    131,
    132,
    133,
    134,
    136,
    137,
    138,
    139,
    140,
    144,
    145,
    147,
    150,
    157,
    158,
    159,
    160,
    161,
    162,
    163,
    164,
    165,
    167,
    169,
    170,
    171,
    172,
    173,
    175,
    176,
    177,
    178,
    180,
    181,
    182,
    183,
    184,
    185,
    186,
    187,
    188,
    189,
    190,
    191,
    192,
    195,
    198,
    199
  ],
  "correct_rate": 67.0,
  "negative_samples_avg_ppl": 0.7318890894226947,
  "positive_samples_avg_ppl": 0.6029093132739815
}