{
  "correct_idxs": [
    0,
    1,
    3,
    4,
    5,
    6,
    7,
    8,
    9,
    10,
    11,
    12,
    13,
    14,
    15,
    17,
    18,
    19,
    21,
    22,
    23,
    26,
    27,
    28,
    29,
    32,
    34,
    35,
    36,
    37,
    38,
    39,
    40,
    41,
    42,
    43,
    45,
    46,
    48,
    49,
    54,
    55,
    57,
    58,
    59,
    60,
    62,
    63,
    64,
    65,
    66,
    67,
    68,
    71,
    72,
    73,
    74,
    75,
    76,
    77,
    78,
    79,
    80,
    81,
    82,
    83,
    84,
    86,
    87,
    88,
    89,
    90,
    91,
    92,
    94,
    95,
    97,
    98,
    102,
    103,
    104,
    105,
    109,
    110,
    111,
    112,
    113,
    114,
    115,
    116,
    117,
    119,
    120,
    121,
    122,
    124,
    127,
    128,
    129,
    130,
    131,
    132,
    133,
    134,
    135,
    136,
    137,
    138,
    139,
    141,
    142,
    143,
    144,
    145,
    146,
    147,
    148,
    149,
    150,
    151,
    152,
    153,
    155,
    156,
    157,
    158,
    159,
    160,
    162,
    164,
    165,
    166,
    167,
    169,
    170,
    171,
    172,
    173,
    174,
    175,
    176,
    180,
    181,
    182,
    183,
    184,
    185,
    186,
    187,
    193,
    194,
    195,
    196,
    197,
    198,
    199
  ],
  "correct_rate": 78.0,
  "negative_samples_avg_ppl": 0.9926005411562,
  "positive_samples_avg_ppl": 0.38265657485336185
}