{
  "correct_idxs": [
    0,
    3,
    4,
    5,
    6,
    7,
    8,
    11,
    12,
    13,
    15,
    18,
    19,
    20,
    24,
    25,
    28,
    29,
    31,
    35,
    36,
    37,
    38,
    39,
    40,
    42,
    43,
    45,
    46,
    47,
    48,
    49,
    50,
    52,
    53,
    54,
    55,
    59,
    60,
    65,
    67,
    70,
    74,
    76,
    77,
    78,
    79,
    80,
    83,
    86,
    87,
    89,
    90,
    91,
    93,
    94,
    95,
    96,
    97,
    102,
    103,
    104,
    105,
    108,
    110,
    112,
    113,
    114,
    115,
    116,
    118,
    120,
    122,
    123,
    125,
    126,
    127,
    130,
    131,
    133,
    135,
    137,
    138,
    141,
    142,
    145,
    146,
    147,
    148,
    149,
    150,
    151,
    152,
    154,
    155,
    156,
    158,
    159,
    160,
    161,
    162,
    163,
    164,
    165,
    166,
    168,
    170,
    171,
    174,
    175,
    179,
    180,
    182,
    183,
    186,
    187,
    188,
    189,
    190,
    191,
    194,
    195,
    198,
    199
  ],
  "correct_rate": 62.0,
  "negative_samples_avg_ppl": 214.95978701849126,
  "positive_samples_avg_ppl": 137.07685628435067
}