{
  "correct_idxs": [
    2,
    3,
    4,
    7,
    8,
    9,
    11,
    17,
    18,
    20,
    21,
    22,
    23,
    26,
    29,
    31,
    37,
    38,
    39,
    40,
    41,
    42,
    46,
    50,
    51,
    54,
    56,
    59,
    61,
    63,
    64,
    66,
    67,
    68,
    71,
    72,
    73,
    74,
    77,
    80,
    82,
    83,
    84,
    85,
    86,
    87,
    88,
    89,
    92,
    93,
    94,
    95,
    97,
    98,
    99,
    100,
    101,
    102,
    103,
    104,
    105,
    106,
    112,
    113,
    114,
    119,
    120,
    121,
    123,
    124,
    128,
    133,
    134,
    135,
    143,
    144,
    145,
    146,
    149,
    150,
    151,
    154,
    159,
    162,
    163,
    165,
    167,
    168,
    169,
    170,
    171,
    172,
    174,
    177,
    178,
    180,
    181,
    182,
    184,
    185,
    187,
    189,
    191,
    193,
    196,
    197
  ],
  "correct_rate": 53.0,
  "negative_samples_avg_ppl": 0.6877837889049435,
  "positive_samples_avg_ppl": 0.6063701297303508
}