{
  "correct_idxs": [
    0,
    2,
    6,
    7,
    9,
    11,
    12,
    13,
    14,
    15,
    16,
    18,
    19,
    20,
    21,
    23,
    24,
    25,
    26,
    31,
    32,
    33,
    34,
    35,
    36,
    39,
    40,
    41,
    42,
    44,
    46,
    47,
    48,
    49,
    51,
    53,
    54,
    56,
    57,
    60,
    61,
    62,
    63,
    64,
    66,
    67,
    68,
    69,
    70,
    71,
    74,
    75,
    77,
    78,
    81,
    82,
    83,
    84,
    85,
    88,
    89,
    92,
    95,
    97,
    98,
    100,
    101,
    102,
    103,
    104,
    105,
    106,
    107,
    108,
    110,
    116,
    117,
    118,
    119,
    120,
    122,
    123,
    124,
    125,
    127,
    128,
    130,
    131,
    132,
    133,
    134,
    137,
    138,
    140,
    141,
    143,
    144,
    146,
    147,
    148,
    149,
    150,
    151,
    152,
    153,
    154,
    155,
    157,
    158,
    159,
    160,
    161,
    163,
    164,
    165,
    167,
    168,
    169,
    170,
    172,
    173,
    174,
    175,
    176,
    177,
    178,
    179,
    180,
    181,
    182,
    183,
    184,
    186,
    187,
    188,
    189,
    191,
    192,
    193,
    194,
    195,
    196,
    197,
    198,
    199
  ],
  "correct_rate": 72.5,
  "negative_samples_avg_ppl": 116.09417135783393,
  "positive_samples_avg_ppl": 81.28369183953134
}