{
  "correct_idxs": [
    3,
    5,
    8,
    9,
    10,
    11,
    12,
    13,
    15,
    17,
    19,
    21,
    28,
    29,
    33,
    34,
    35,
    36,
    37,
    39,
    40,
    42,
    43,
    44,
    46,
    50,
    51,
    52,
    53,
    56,
    62,
    65,
    66,
    67,
    68,
    69,
    70,
    71,
    72,
    73,
    74,
    77,
    79,
    84,
    85,
    87,
    89,
    90,
    91,
    93,
    94,
    96,
    97,
    100,
    101,
    102,
    106,
    108,
    109,
    110,
    112,
    113,
    114,
    115,
    116,
    119,
    126,
    127,
    128,
    130,
    131,
    132,
    137,
    139,
    140,
    141,
    145,
    146,
    148,
    150,
    151,
    153,
    154,
    156,
    157,
    158,
    160,
    164,
    165,
    167,
    170,
    173,
    174,
    175,
    177,
    179,
    181,
    182,
    183,
    184,
    186,
    188,
    192,
    193,
    197
  ],
  "correct_rate": 52.5,
  "negative_samples_avg_ppl": 46.73270324219239,
  "positive_samples_avg_ppl": 42.77235105959439
}