{
  "correct_idxs": [
    0,
    6,
    10,
    11,
    13,
    14,
    15,
    16,
    17,
    19,
    20,
    21,
    23,
    24,
    25,
    28,
    29,
    31,
    32,
    33,
    36,
    39,
    40,
    42,
    43,
    45,
    48,
    49,
    51,
    52,
    53,
    57,
    60,
    61,
    63,
    66,
    68,
    70,
    72,
    73,
    74,
    75,
    81,
    83,
    87,
    90,
    92,
    94,
    95,
    98,
    99,
    100,
    101,
    105,
    106,
    107,
    110,
    113,
    115,
    120,
    121,
    124,
    132,
    133,
    137,
    138,
    141,
    142,
    143,
    145,
    148,
    150,
    151,
    152,
    153,
    154,
    155,
    156,
    157,
    158,
    163,
    165,
    166,
    167,
    168,
    169,
    172,
    174,
    175,
    176,
    177,
    178,
    180,
    181,
    182,
    183,
    184,
    186,
    188,
    190,
    196,
    197,
    198
  ],
  "correct_rate": 51.5,
  "negative_samples_avg_ppl": 8.32044297360199,
  "positive_samples_avg_ppl": 6.895158955141436
}