{
  "correct_idxs": [
    0,
    5,
    6,
    8,
    10,
    11,
    15,
    17,
    19,
    21,
    23,
    24,
    29,
    33,
    40,
    41,
    42,
    43,
    45,
    49,
    51,
    52,
    53,
    57,
    59,
    60,
    61,
    63,
    68,
    70,
    72,
    73,
    74,
    75,
    76,
    78,
    79,
    81,
    82,
    83,
    90,
    92,
    93,
    96,
    97,
    99,
    100,
    101,
    103,
    104,
    107,
    108,
    110,
    112,
    114,
    115,
    117,
    122,
    126,
    129,
    138,
    139,
    142,
    143,
    145,
    146,
    151,
    152,
    153,
    155,
    156,
    157,
    163,
    167,
    168,
    169,
    170,
    171,
    173,
    174,
    175,
    176,
    178,
    181,
    185,
    186,
    188,
    190,
    191,
    193,
    194,
    198,
    199
  ],
  "correct_rate": 46.5,
  "negative_samples_avg_ppl": 7.2206299481860805,
  "positive_samples_avg_ppl": 6.895158955141436
}