{
  "correct_idxs": [
    4,
    14,
    17,
    31,
    38,
    40,
    41,
    43,
    51,
    52,
    58,
    61,
    63,
    76,
    77,
    86,
    93,
    98,
    104,
    106,
    112,
    114,
    121,
    128,
    135,
    142,
    145,
    153,
    159,
    160,
    164,
    165,
    168,
    170,
    176,
    179
  ],
  "correct_rate": 40.90909090909091,
  "negative_samples_avg_ppl": 992.4156737290307,
  "positive_samples_avg_ppl": 1119.4542748111119
}