{
  "correct_idxs": [
    1,
    3,
    4,
    5,
    6,
    7,
    9,
    10,
    11,
    12,
    14,
    16,
    17,
    20,
    21,
    23,
    24,
    25,
    28,
    30,
    32,
    34,
    35,
    39,
    40,
    41,
    42,
    43,
    45,
    48,
    51,
    52,
    53,
    54,
    56,
    57,
    62,
    65,
    70,
    71,
    72,
    73,
    75,
    76,
    82,
    83,
    84,
    86,
    89,
    91,
    93,
    96,
    98,
    101,
    102,
    104,
    105,
    106,
    107,
    109,
    112,
    115,
    116,
    118,
    122,
    123,
    127,
    130,
    132,
    133,
    138,
    139,
    140,
    141,
    145,
    146,
    147,
    150,
    151,
    153,
    154,
    157,
    159,
    165,
    168,
    170,
    173,
    174,
    175,
    178,
    181,
    183,
    185,
    187,
    189,
    190,
    193,
    194,
    196,
    198,
    199
  ],
  "correct_rate": 50.5,
  "negative_samples_avg_ppl": 491.7860294826428,
  "positive_samples_avg_ppl": 439.10686291083135
}