{
  "correct_idxs": [
    2,
    3,
    4,
    6,
    7,
    8,
    9,
    14,
    15,
    16,
    17,
    23,
    25,
    26,
    30,
    32,
    33,
    34,
    38,
    39,
    40,
    42,
    48,
    50,
    51,
    52,
    53,
    54,
    56,
    61,
    63,
    65,
    71,
    72,
    73,
    75,
    76,
    85,
    89,
    93,
    95,
    96,
    97,
    99,
    102,
    104,
    105,
    106,
    107,
    112,
    118,
    121,
    122,
    123,
    127,
    128,
    129,
    130,
    132,
    133,
    134,
    135,
    137,
    139,
    141,
    142,
    145,
    146,
    150,
    151,
    152,
    153,
    157,
    159,
    160,
    164,
    165,
    166,
    168,
    169,
    170,
    172,
    173,
    176,
    178,
    179,
    180,
    181,
    183,
    185,
    187,
    189,
    192,
    193,
    195,
    198,
    199
  ],
  "correct_rate": 48.5,
  "negative_samples_avg_ppl": 686.3784618122932,
  "positive_samples_avg_ppl": 722.6570691987966
}