{
  "correct_idxs": [
    4,
    6,
    7,
    8,
    9,
    10,
    14,
    15,
    16,
    17,
    20,
    21,
    23,
    24,
    26,
    28,
    30,
    31,
    33,
    39,
    40,
    41,
    42,
    43,
    48,
    49,
    51,
    52,
    55,
    58,
    61,
    62,
    63,
    64,
    65,
    68,
    70,
    72,
    76,
    77,
    82,
    85,
    93,
    96,
    97,
    98,
    102,
    104,
    107,
    112,
    114,
    115,
    118,
    121,
    122,
    127,
    128,
    130,
    133,
    134,
    135,
    137,
    138,
    142,
    143,
    144,
    145,
    146,
    152,
    153,
    159,
    160,
    164,
    165,
    166,
    168,
    169,
    170,
    172,
    173,
    174,
    176,
    179,
    182,
    185,
    191,
    194,
    195,
    198,
    199
  ],
  "correct_rate": 45.45454545454545,
  "negative_samples_avg_ppl": 1553.413992377192,
  "positive_samples_avg_ppl": 1679.8302867069876
}