{
  "correct_idxs": [
    0,
    2,
    3,
    4,
    8,
    11,
    12,
    13,
    14,
    15,
    16,
    18,
    19,
    22,
    23,
    24,
    26,
    27,
    29,
    30,
    31,
    33,
    34,
    36,
    38,
    39,
    40,
    41,
    42,
    43,
    46,
    47,
    48,
    51,
    53,
    57,
    58,
    60,
    62,
    63,
    65,
    66,
    67,
    68,
    71,
    72,
    73,
    74,
    76,
    78,
    79,
    82,
    86,
    89,
    91,
    92,
    95,
    96,
    97,
    98,
    99,
    100,
    101,
    102,
    103,
    106,
    108,
    109,
    110,
    111,
    112,
    114,
    115,
    117,
    120,
    122,
    125,
    128,
    129,
    130,
    131,
    132,
    134,
    135,
    137,
    139,
    141,
    142,
    143,
    144,
    145,
    146,
    148,
    149,
    150,
    151,
    155,
    157,
    160,
    162,
    163,
    164,
    165,
    169,
    170,
    171,
    174,
    176,
    177,
    179,
    180,
    181,
    182,
    183,
    184,
    186,
    187,
    188,
    195,
    196,
    197,
    198,
    199
  ],
  "correct_rate": 61.5,
  "negative_samples_avg_ppl": 1.0214757118980198,
  "positive_samples_avg_ppl": 1.0202308633274744
}