{
  "correct_idxs": [
    0,
    6,
    7,
    9,
    10,
    11,
    12,
    14,
    16,
    17,
    21,
    22,
    24,
    25,
    26,
    27,
    28,
    29,
    32,
    34,
    35,
    36,
    38,
    40,
    44,
    45,
    47,
    52,
    53,
    55,
    59,
    60,
    61,
    67,
    68,
    72,
    75,
    81,
    82,
    83,
    88,
    89,
    93,
    94,
    95,
    96,
    97,
    99,
    103,
    104,
    107,
    109,
    110,
    111,
    112,
    113,
    114,
    115,
    116,
    117,
    118,
    119,
    121,
    124,
    127,
    132,
    133,
    134,
    137,
    138,
    140,
    141,
    142,
    144,
    146,
    150,
    154,
    155,
    156,
    158,
    159,
    160,
    161,
    162,
    165,
    166,
    170,
    172,
    173,
    174,
    175,
    176,
    177,
    180,
    181,
    185,
    186,
    187,
    189,
    190,
    192,
    194,
    195,
    196,
    198
  ],
  "correct_rate": 52.5,
  "negative_samples_avg_ppl": 431.1837353816576,
  "positive_samples_avg_ppl": 361.1956798719459
}