{
  "correct_idxs": [
    0,
    1,
    2,
    3,
    6,
    8,
    9,
    10,
    11,
    12,
    13,
    14,
    16,
    21,
    22,
    24,
    25,
    26,
    27,
    28,
    31,
    33,
    34,
    36,
    37,
    38,
    40,
    42,
    44,
    45,
    47,
    49,
    50,
    51,
    52,
    53,
    54,
    59,
    60,
    61,
    66,
    67,
    68,
    69,
    70,
    71,
    72,
    73,
    74,
    78,
    83,
    84,
    86,
    87,
    88,
    89,
    93,
    95,
    96,
    97,
    99,
    101,
    102,
    103,
    104,
    110,
    111,
    112,
    113,
    114,
    115,
    116,
    117,
    118,
    124,
    127,
    128,
    131,
    133,
    134,
    137,
    139,
    140,
    141,
    142,
    144,
    145,
    146,
    147,
    148,
    149,
    154,
    155,
    158,
    161,
    163,
    165,
    170,
    174,
    175,
    177,
    179,
    180,
    181,
    182,
    183,
    184,
    185,
    186,
    187,
    189,
    190,
    192,
    194,
    195,
    196,
    197,
    199
  ],
  "correct_rate": 59.0,
  "negative_samples_avg_ppl": 156.6902081015947,
  "positive_samples_avg_ppl": 111.07184571546712
}