{
  "correct_idxs": [
    0,
    1,
    2,
    3,
    4,
    6,
    8,
    9,
    10,
    11,
    12,
    14,
    16,
    17,
    21,
    22,
    24,
    26,
    27,
    28,
    31,
    32,
    33,
    34,
    36,
    37,
    38,
    40,
    42,
    43,
    44,
    45,
    47,
    49,
    50,
    51,
    52,
    53,
    54,
    55,
    59,
    60,
    61,
    64,
    66,
    67,
    68,
    72,
    73,
    74,
    82,
    84,
    88,
    89,
    93,
    95,
    96,
    97,
    99,
    101,
    102,
    104,
    110,
    111,
    112,
    113,
    114,
    115,
    116,
    117,
    118,
    119,
    124,
    126,
    127,
    132,
    133,
    134,
    137,
    138,
    139,
    140,
    141,
    142,
    144,
    145,
    146,
    147,
    148,
    149,
    150,
    154,
    156,
    158,
    161,
    163,
    165,
    166,
    170,
    173,
    174,
    175,
    177,
    179,
    180,
    181,
    182,
    183,
    184,
    185,
    186,
    187,
    189,
    190,
    192,
    195,
    196,
    198,
    199
  ],
  "correct_rate": 59.5,
  "negative_samples_avg_ppl": 173.95270355139104,
  "positive_samples_avg_ppl": 111.07184571546712
}