{
  "correct_idxs": [
    1,
    3,
    4,
    6,
    8,
    9,
    10,
    11,
    12,
    14,
    15,
    16,
    17,
    18,
    20,
    21,
    24,
    28,
    29,
    34,
    35,
    36,
    38,
    39,
    40,
    43,
    45,
    46,
    47,
    51,
    56,
    57,
    58,
    60,
    61,
    62,
    63,
    64,
    66,
    67,
    69,
    70,
    74,
    76,
    77,
    78,
    82,
    83,
    84,
    85,
    90,
    93,
    94,
    95,
    96,
    97,
    100,
    103,
    106,
    109,
    111,
    113,
    114,
    115,
    117,
    120,
    121,
    122,
    123,
    125,
    127,
    128,
    129,
    131,
    134,
    135,
    136,
    138,
    140,
    141,
    144,
    145,
    146,
    148,
    150,
    151,
    152,
    153,
    156,
    157,
    158,
    160,
    162,
    164,
    165,
    168,
    169,
    170,
    171,
    174,
    177,
    179,
    181,
    184,
    189,
    193,
    194,
    195,
    196,
    197,
    199
  ],
  "correct_rate": 55.75,
  "negative_samples_avg_ppl": 0.5587600972346809,
  "positive_samples_avg_ppl": 0.4139320783624566
}