{
  "correct_idxs": [
    1,
    2,
    3,
    4,
    5,
    6,
    8,
    11,
    13,
    15,
    16,
    18,
    21,
    23,
    26,
    30,
    34,
    35,
    36,
    39,
    46,
    51,
    54,
    57,
    60,
    62,
    63,
    64,
    65,
    66,
    69,
    71,
    72,
    73,
    74,
    75,
    79,
    81,
    83,
    85,
    86,
    87,
    88,
    90,
    93,
    94,
    95,
    97,
    98,
    100,
    101,
    102,
    104,
    105,
    106,
    108,
    109,
    112,
    113,
    117,
    119,
    120,
    121,
    122,
    123,
    124,
    125,
    126,
    127,
    128,
    129,
    134,
    136,
    137,
    138,
    139,
    141,
    143,
    144,
    148,
    150,
    151,
    152,
    155,
    156,
    158,
    159,
    161,
    164,
    165,
    166,
    167,
    169,
    170,
    172,
    173,
    176,
    177,
    178,
    179,
    181,
    184,
    185,
    186,
    188,
    192,
    197,
    198,
    199
  ],
  "correct_rate": 54.5,
  "negative_samples_avg_ppl": 869.1453861781312,
  "positive_samples_avg_ppl": 851.3455225719814
}