{
  "correct_idxs": [
    0,
    1,
    2,
    4,
    5,
    6,
    8,
    10,
    11,
    13,
    15,
    16,
    18,
    21,
    23,
    26,
    28,
    30,
    34,
    35,
    36,
    39,
    46,
    48,
    51,
    54,
    60,
    62,
    63,
    65,
    66,
    67,
    69,
    71,
    72,
    73,
    74,
    79,
    81,
    83,
    85,
    86,
    87,
    88,
    89,
    93,
    94,
    95,
    97,
    102,
    104,
    105,
    106,
    108,
    109,
    110,
    112,
    113,
    117,
    119,
    120,
    121,
    122,
    123,
    124,
    125,
    127,
    129,
    134,
    136,
    137,
    138,
    139,
    140,
    141,
    143,
    145,
    148,
    150,
    151,
    152,
    155,
    158,
    161,
    164,
    165,
    166,
    167,
    169,
    170,
    172,
    173,
    176,
    177,
    178,
    179,
    180,
    184,
    185,
    186,
    192,
    197,
    198
  ],
  "correct_rate": 51.5,
  "negative_samples_avg_ppl": 665.0953286762634,
  "positive_samples_avg_ppl": 671.9550447435014
}