{
  "correct_idxs": [
    1,
    3,
    4,
    7,
    8,
    11,
    12,
    15,
    16,
    17,
    18,
    20,
    21,
    23,
    24,
    25,
    27,
    28,
    29,
    30,
    31,
    32,
    37,
    40,
    44,
    45,
    47,
    48,
    49,
    50,
    51,
    52,
    53,
    55,
    56,
    57,
    58,
    59,
    60,
    61,
    63,
    64,
    66,
    67,
    68,
    69,
    70,
    71,
    72,
    74,
    78,
    80,
    81,
    83,
    85,
    86,
    87,
    89,
    90,
    92,
    93,
    94,
    96,
    97,
    98,
    99,
    100,
    101,
    102,
    103,
    104,
    105,
    106,
    107,
    108,
    109,
    110,
    111,
    113,
    114,
    115,
    116,
    117,
    118,
    119,
    120,
    123,
    126,
    129,
    130,
    131,
    132,
    133,
    135,
    138,
    139,
    141,
    142,
    143,
    144,
    145,
    147,
    150,
    151,
    152,
    154,
    156,
    157,
    158,
    159,
    160,
    161,
    162,
    164,
    166,
    167,
    168,
    170,
    171,
    172,
    174,
    177,
    178,
    179,
    181,
    182,
    183,
    185,
    186,
    187,
    188,
    189,
    190,
    191,
    193,
    194,
    195,
    196
  ],
  "correct_rate": 69.0,
  "negative_samples_avg_ppl": 1.025207639900935,
  "positive_samples_avg_ppl": 1.023364678848452
}