{
  "correct_idxs": [
    0,
    1,
    4,
    5,
    6,
    7,
    8,
    9,
    10,
    15,
    20,
    23,
    26,
    27,
    29,
    30,
    31,
    32,
    34,
    35,
    36,
    39,
    46,
    47,
    49,
    50,
    51,
    53,
    55,
    56,
    57,
    60,
    62,
    65,
    67,
    68,
    69,
    73,
    74,
    78,
    79,
    81,
    82,
    87,
    88,
    90,
    93,
    95,
    97,
    98,
    100,
    101,
    104,
    105,
    106,
    108,
    111,
    113,
    116,
    120,
    121,
    126,
    127,
    128,
    129,
    130,
    131,
    132,
    139,
    141,
    143,
    145,
    146,
    147,
    152,
    153,
    154,
    155,
    157,
    159,
    160,
    161,
    162,
    163,
    164,
    165,
    167,
    168,
    169,
    170,
    172,
    174,
    178,
    179,
    180,
    184,
    185,
    187,
    189,
    191,
    192,
    193,
    198,
    199
  ],
  "correct_rate": 52.0,
  "negative_samples_avg_ppl": 0.3498964313914301,
  "positive_samples_avg_ppl": 0.3365290723274028
}