{
  "correct_idxs": [
    0,
    3,
    5,
    6,
    7,
    9,
    12,
    13,
    14,
    15,
    18,
    19,
    21,
    22,
    23,
    25,
    26,
    27,
    30,
    33,
    37,
    39,
    42,
    45,
    46,
    48,
    51,
    52,
    54,
    57,
    59,
    60,
    62,
    63,
    64,
    65,
    66,
    68,
    69,
    70,
    71,
    72,
    75,
    77,
    78,
    79,
    81,
    83,
    84,
    85,
    89,
    91,
    93,
    96,
    97,
    101,
    106,
    112,
    117,
    118,
    119,
    120,
    125,
    131,
    133,
    134,
    136,
    138,
    139,
    141,
    142,
    149,
    151,
    152,
    153,
    155,
    157,
    159,
    160,
    161,
    163,
    167,
    168,
    169,
    170,
    172,
    175,
    178,
    179,
    180,
    181,
    182,
    185,
    187,
    188,
    189,
    190,
    191,
    192,
    193,
    194,
    195,
    196,
    197
  ],
  "correct_rate": 52.0,
  "negative_samples_avg_ppl": 89.65301117125803,
  "positive_samples_avg_ppl": 103.94260423612181
}