{
  "correct_idxs": [
    0,
    3,
    5,
    6,
    7,
    9,
    12,
    13,
    14,
    15,
    18,
    19,
    21,
    22,
    23,
    25,
    26,
    27,
    30,
    33,
    36,
    37,
    39,
    42,
    45,
    48,
    50,
    51,
    52,
    54,
    57,
    59,
    60,
    62,
    63,
    64,
    65,
    66,
    68,
    69,
    70,
    71,
    72,
    75,
    77,
    78,
    79,
    83,
    84,
    85,
    89,
    91,
    96,
    97,
    101,
    102,
    106,
    112,
    117,
    118,
    120,
    125,
    131,
    133,
    134,
    136,
    138,
    141,
    142,
    149,
    152,
    153,
    155,
    157,
    159,
    160,
    161,
    163,
    167,
    168,
    169,
    170,
    172,
    175,
    178,
    179,
    180,
    181,
    182,
    185,
    187,
    188,
    189,
    190,
    191,
    192,
    193,
    194,
    195,
    196,
    197
  ],
  "correct_rate": 50.5,
  "negative_samples_avg_ppl": 916.329848232958,
  "positive_samples_avg_ppl": 1177.716242754785
}