{
  "correct_idxs": [
    2,
    3,
    8,
    11,
    14,
    19,
    20,
    23,
    24,
    26,
    27,
    28,
    30,
    31,
    32,
    36,
    37,
    39,
    40,
    41,
    42,
    43,
    44,
    45,
    46,
    47,
    48,
    51,
    54,
    57,
    60,
    62,
    63,
    67,
    73,
    76,
    77,
    83,
    84,
    85,
    89,
    90,
    91,
    94,
    95,
    96,
    98,
    103,
    105,
    107,
    109,
    110,
    111,
    112,
    113,
    114,
    118,
    119,
    122,
    124,
    125,
    126,
    128,
    133,
    135,
    138,
    143,
    145,
    146,
    147,
    148,
    151,
    154,
    155,
    156,
    158,
    159,
    160,
    161,
    162,
    164,
    167,
    168,
    169,
    170,
    174,
    176,
    177,
    178,
    184,
    185,
    186,
    187,
    188,
    190,
    192,
    193,
    194,
    196,
    197,
    199
  ],
  "correct_rate": 50.5,
  "negative_samples_avg_ppl": 81.87997733507528,
  "positive_samples_avg_ppl": 98.40821042607507
}