{
  "correct_idxs": [
    0,
    3,
    6,
    7,
    9,
    10,
    11,
    12,
    13,
    14,
    15,
    16,
    17,
    18,
    19,
    20,
    21,
    22,
    23,
    24,
    25,
    26,
    28,
    29,
    30,
    31,
    33,
    34,
    35,
    36,
    38,
    39,
    40,
    41,
    44,
    46,
    47,
    48,
    49,
    51,
    53,
    54,
    55,
    56,
    57,
    58,
    60,
    62,
    64,
    65,
    66,
    67,
    68,
    69,
    70,
    73,
    74,
    76,
    78,
    80,
    81,
    82,
    83,
    84,
    85,
    86,
    88,
    89,
    90,
    91,
    93,
    95,
    96,
    97,
    99,
    100,
    103,
    105,
    106,
    107,
    110,
    112,
    113,
    114,
    117,
    118,
    119,
    120,
    121,
    122,
    123,
    124,
    125,
    127,
    128,
    131,
    132,
    133,
    135,
    136,
    139,
    140,
    141,
    143,
    144,
    145,
    146,
    148,
    149,
    150,
    151,
    153,
    154,
    155,
    156,
    158,
    160,
    162,
    163,
    164,
    165,
    167,
    168,
    169,
    171,
    172,
    173,
    174,
    175,
    176,
    178,
    179,
    180,
    181,
    182,
    184,
    187,
    188,
    189,
    191,
    192,
    193,
    194,
    195,
    196
  ],
  "correct_rate": 72.5,
  "negative_samples_avg_ppl": 128.86048611903178,
  "positive_samples_avg_ppl": 42.05450289525637
}