{
  "correct_idxs": [
    1,
    2,
    3,
    4,
    6,
    9,
    10,
    11,
    15,
    16,
    19,
    21,
    22,
    30,
    32,
    34,
    36,
    37,
    38,
    39,
    43,
    44,
    45,
    47,
    50,
    55,
    57,
    59,
    60,
    63,
    65,
    66,
    69,
    70,
    72,
    76,
    77,
    78,
    79,
    80,
    81,
    83,
    84,
    85,
    86,
    88,
    90,
    92,
    93,
    100,
    101,
    102,
    103,
    105,
    111,
    112,
    114,
    115,
    116,
    117,
    119,
    120,
    122,
    123,
    125,
    128,
    129,
    130,
    131,
    133,
    134,
    135,
    139,
    141,
    143,
    144,
    145,
    147,
    149,
    150,
    151,
    154,
    156,
    157,
    158,
    159,
    160,
    162,
    164,
    166,
    171,
    172,
    177,
    178,
    181,
    182,
    184,
    187,
    188,
    189,
    192,
    194,
    195,
    196,
    199
  ],
  "correct_rate": 52.5,
  "negative_samples_avg_ppl": 6.706374747491579,
  "positive_samples_avg_ppl": 6.545003442120122
}