{
  "correct_idxs": [
    1,
    2,
    4,
    5,
    6,
    7,
    9,
    10,
    11,
    14,
    15,
    16,
    17,
    19,
    20,
    22,
    23,
    24,
    28,
    29,
    30,
    35,
    37,
    41,
    43,
    45,
    47,
    48,
    49,
    53,
    54,
    55,
    58,
    59,
    60,
    62,
    63,
    65,
    66,
    68,
    70,
    71,
    72,
    74,
    75,
    76,
    77,
    78,
    80,
    84,
    86,
    90,
    93,
    94,
    95,
    96,
    98,
    100,
    101,
    102,
    103,
    106,
    109,
    111,
    112,
    113,
    114,
    115,
    117,
    118,
    120,
    121,
    122,
    123,
    124,
    126,
    127,
    133,
    134,
    135,
    137,
    138,
    139,
    140,
    142,
    143,
    145,
    146,
    148,
    149,
    150,
    152,
    153,
    157,
    158,
    159,
    160,
    161,
    162,
    163,
    168,
    171,
    177,
    179,
    182,
    184,
    186,
    189,
    191,
    194,
    196,
    199
  ],
  "correct_rate": 56.0,
  "negative_samples_avg_ppl": 10.453304056357842,
  "positive_samples_avg_ppl": 9.111725159547651
}