{
  "correct_idxs": [
    0,
    1,
    2,
    3,
    4,
    5,
    6,
    7,
    8,
    9,
    11,
    12,
    13,
    14,
    15,
    16,
    18,
    19,
    20,
    21,
    22,
    23,
    24,
    25,
    26,
    30,
    33,
    34,
    35,
    36,
    37,
    39,
    40,
    43,
    44,
    46,
    47,
    48,
    50,
    51,
    53,
    54,
    55,
    56,
    58,
    61,
    62,
    63,
    64,
    65,
    66,
    67,
    69,
    70,
    71,
    73,
    74,
    76,
    78,
    79,
    80,
    81,
    82,
    83,
    84,
    86,
    88,
    89,
    90,
    91,
    92,
    93,
    94,
    95,
    96,
    97,
    98,
    99,
    100,
    101,
    102,
    103,
    105,
    106,
    107,
    108,
    109,
    110,
    111,
    112,
    113,
    114,
    115,
    116,
    117,
    120,
    121,
    122,
    123,
    124,
    125,
    126,
    127,
    128,
    130,
    131,
    133,
    134,
    135,
    137,
    138,
    139,
    140,
    141,
    144,
    145,
    146,
    147,
    148,
    149,
    150,
    151,
    152,
    153,
    154,
    156,
    157,
    159,
    161,
    163,
    164,
    165,
    166,
    167,
    169,
    170,
    171,
    172,
    173,
    174,
    175,
    176,
    178,
    179,
    181,
    182,
    183,
    184,
    185,
    187,
    188,
    189,
    191,
    192,
    193,
    194,
    196,
    197
  ],
  "correct_rate": 79.0,
  "negative_samples_avg_ppl": 8630.740243698283,
  "positive_samples_avg_ppl": 4314.623222709864
}