{
  "correct_idxs": [
    0,
    1,
    2,
    3,
    4,
    5,
    6,
    7,
    8,
    9,
    11,
    12,
    13,
    14,
    15,
    16,
    18,
    19,
    20,
    21,
    22,
    23,
    24,
    25,
    26,
    28,
    29,
    30,
    31,
    33,
    34,
    35,
    36,
    37,
    40,
    44,
    46,
    47,
    48,
    50,
    51,
    53,
    55,
    58,
    61,
    62,
    63,
    64,
    65,
    66,
    67,
    69,
    70,
    71,
    73,
    74,
    76,
    77,
    78,
    80,
    81,
    82,
    83,
    84,
    86,
    87,
    88,
    89,
    90,
    91,
    92,
    93,
    94,
    95,
    97,
    98,
    99,
    100,
    101,
    102,
    104,
    105,
    106,
    107,
    108,
    109,
    110,
    111,
    112,
    113,
    114,
    115,
    116,
    117,
    120,
    121,
    122,
    123,
    125,
    126,
    127,
    129,
    131,
    133,
    135,
    136,
    137,
    138,
    139,
    140,
    141,
    143,
    144,
    146,
    147,
    148,
    149,
    150,
    151,
    152,
    153,
    154,
    155,
    156,
    157,
    159,
    161,
    163,
    164,
    165,
    166,
    167,
    168,
    169,
    170,
    171,
    172,
    173,
    174,
    175,
    176,
    179,
    181,
    182,
    183,
    184,
    185,
    186,
    187,
    188,
    189,
    192,
    193,
    194,
    197,
    199
  ],
  "correct_rate": 78.0,
  "negative_samples_avg_ppl": 9385.803707090376,
  "positive_samples_avg_ppl": 4734.061206770775
}