{
  "correct_idxs": [
    0,
    2,
    3,
    4,
    6,
    7,
    9,
    13,
    14,
    18,
    19,
    20,
    22,
    25,
    26,
    28,
    31,
    33,
    34,
    36,
    37,
    39,
    40,
    43,
    45,
    46,
    48,
    51,
    52,
    55,
    56,
    57,
    58,
    60,
    61,
    63,
    65,
    67,
    71,
    72,
    73,
    78,
    79,
    80,
    86,
    88,
    89,
    90,
    91,
    92,
    93,
    94,
    98,
    99,
    100,
    101,
    103,
    104,
    105,
    106,
    108,
    110,
    112,
    113,
    114,
    115,
    116,
    117,
    118,
    119,
    121,
    122,
    123,
    124,
    125,
    127,
    128,
    129,
    130,
    135,
    137,
    138,
    139,
    141,
    142,
    143,
    145,
    146,
    147,
    148,
    149,
    150,
    151,
    152,
    153,
    154,
    155,
    157,
    158,
    159,
    160,
    162,
    163,
    165,
    166,
    167,
    168,
    169,
    170,
    171,
    172,
    175,
    177,
    178,
    182,
    186,
    187,
    188,
    193,
    196,
    198
  ],
  "correct_rate": 60.5,
  "negative_samples_avg_ppl": 49.97728697210177,
  "positive_samples_avg_ppl": 39.38142686525978
}