{
  "correct_idxs": [
    0,
    3,
    4,
    5,
    6,
    9,
    12,
    13,
    14,
    16,
    17,
    21,
    23,
    26,
    30,
    31,
    33,
    34,
    35,
    37,
    42,
    43,
    45,
    48,
    51,
    52,
    55,
    58,
    63,
    66,
    68,
    72,
    73,
    74,
    80,
    81,
    82,
    84,
    85,
    86,
    87,
    88,
    91,
    92,
    93,
    95,
    96,
    97,
    100,
    102,
    103,
    105,
    106,
    107,
    109,
    110,
    114,
    115,
    117,
    120,
    122,
    123,
    128,
    129,
    130,
    132,
    135,
    142,
    145,
    146,
    148,
    149,
    150,
    154,
    156,
    157,
    158,
    159,
    160,
    161,
    163,
    165,
    166,
    171,
    172,
    174,
    175,
    178,
    180,
    185,
    186,
    189,
    190,
    191,
    192,
    193,
    194,
    195
  ],
  "correct_rate": 49.0,
  "negative_samples_avg_ppl": 14.96856962371185,
  "positive_samples_avg_ppl": 16.08252192426844
}