{
  "correct_idxs": [
    3,
    4,
    7,
    8,
    9,
    10,
    11,
    12,
    13,
    16,
    17,
    18,
    19,
    21,
    22,
    23,
    24,
    26,
    28,
    30,
    33,
    34,
    35,
    37,
    38,
    39,
    40,
    41,
    42,
    43,
    45,
    46,
    48,
    57,
    59,
    60,
    64,
    65,
    66,
    67,
    68,
    70,
    71,
    72,
    74,
    76,
    82,
    84,
    86,
    89,
    91,
    92,
    94,
    95,
    96,
    97,
    98,
    100,
    102,
    103,
    104,
    105,
    107,
    108,
    109,
    110,
    112,
    113,
    114,
    115,
    117,
    122,
    123,
    125,
    129,
    130,
    131,
    132,
    134,
    135,
    139,
    140,
    141,
    142,
    143,
    144,
    145,
    146,
    148,
    150,
    153,
    155,
    156,
    160,
    162,
    163,
    164,
    165,
    166,
    169,
    170,
    171,
    173,
    174,
    176,
    177,
    179,
    180,
    181,
    182,
    183,
    184,
    187,
    188,
    190,
    191,
    192,
    195,
    197,
    198,
    199
  ],
  "correct_rate": 60.75,
  "negative_samples_avg_ppl": 32.95483265571132,
  "positive_samples_avg_ppl": 20.788349031229217
}