{
  "correct_idxs": [],
  "correct_rate": 0.0,
  "negative_samples_avg_ppl": 4.58340796089034,
  "positive_samples_avg_ppl": 4.58340796089034
}