{
  "correct_idxs": [
    0,
    1,
    2,
    3,
    4,
    6,
    7,
    8,
    9,
    11,
    15,
    17,
    19,
    20,
    21,
    22,
    23,
    24,
    26,
    27,
    29,
    32,
    33,
    34,
    35,
    37,
    38,
    39,
    40,
    41,
    43,
    45,
    49,
    50,
    51,
    53,
    55,
    58,
    59,
    60,
    63,
    64,
    66,
    67,
    68,
    69,
    70,
    71,
    72,
    73,
    76,
    77,
    78,
    80,
    81,
    82,
    83,
    84,
    85,
    86,
    87,
    88,
    89,
    90,
    97,
    98,
    99,
    100,
    101,
    102,
    105,
    106,
    107,
    110,
    112,
    113,
    114,
    115,
    116,
    119,
    120,
    121,
    122,
    123,
    124,
    127,
    130,
    131,
    133,
    134,
    135,
    137,
    139,
    143,
    144,
    145,
    146,
    149,
    153,
    154,
    158,
    160,
    161,
    162,
    163,
    165,
    166,
    167,
    168,
    169,
    171,
    172,
    174,
    175,
    177,
    179,
    180,
    182,
    183,
    184,
    186,
    187,
    191,
    192,
    193,
    194,
    195,
    197,
    198,
    199
  ],
  "correct_rate": 65.0,
  "negative_samples_avg_ppl": 0.37312915297919785,
  "positive_samples_avg_ppl": 0.17856741943653123
}