{
  "correct_idxs": [
    0,
    2,
    4,
    5,
    6,
    7,
    8,
    10,
    15,
    16,
    17,
    18,
    19,
    20,
    21,
    22,
    26,
    27,
    28,
    29,
    31,
    33,
    34,
    35,
    36,
    39,
    41,
    45,
    46,
    50,
    53,
    54,
    55,
    56,
    57,
    60,
    61,
    62,
    64,
    65,
    66,
    67,
    71,
    73,
    74,
    76,
    77,
    80,
    81,
    82,
    85,
    86,
    90,
    93,
    96,
    99,
    103,
    105,
    112,
    113,
    115,
    118,
    119,
    121,
    123,
    125,
    127,
    129,
    130,
    131,
    135,
    136,
    138,
    142,
    146,
    147,
    149,
    150,
    151,
    153,
    154,
    155,
    156,
    157,
    159,
    160,
    162,
    163,
    164,
    166,
    169,
    170,
    171,
    175,
    176,
    181,
    182,
    183,
    184,
    185,
    187,
    188,
    189,
    190,
    191,
    192,
    194,
    197
  ],
  "correct_rate": 54.0,
  "negative_samples_avg_ppl": 8.70848483806073,
  "positive_samples_avg_ppl": 8.24024640286514
}