{
  "correct_idxs": [
    0,
    2,
    3,
    4,
    5,
    6,
    7,
    8,
    9,
    11,
    12,
    15,
    16,
    19,
    20,
    21,
    23,
    24,
    25,
    27,
    28,
    29,
    31,
    32,
    34,
    35,
    36,
    37,
    38,
    39,
    40,
    42,
    43,
    44,
    46,
    50,
    51,
    52,
    53,
    54,
    55,
    56,
    57,
    59,
    61,
    62,
    63,
    64,
    65,
    66,
    67,
    69,
    70,
    72,
    73,
    75,
    76,
    77,
    80,
    82,
    83,
    84,
    85,
    86,
    87,
    89,
    93,
    97,
    98,
    99,
    100,
    101,
    102,
    104,
    105,
    107,
    110,
    111,
    112,
    113,
    117,
    118,
    120,
    121,
    122,
    124,
    126,
    127,
    128,
    130,
    131,
    132,
    135,
    136,
    137,
    138,
    140,
    141,
    142,
    143,
    144,
    146,
    147,
    148,
    151,
    152,
    153,
    154,
    155,
    156,
    157,
    159,
    161,
    162,
    165,
    166,
    167,
    168,
    171,
    172,
    173,
    174,
    176,
    177,
    178,
    179,
    182,
    184,
    185,
    186,
    188,
    189,
    190,
    191,
    192,
    193,
    195,
    196,
    198,
    199
  ],
  "correct_rate": 70.0,
  "negative_samples_avg_ppl": 0.9828212703457718,
  "positive_samples_avg_ppl": 0.35617086731579745
}