{
  "correct_idxs": [
    3,
    4,
    5,
    8,
    10,
    11,
    13,
    15,
    16,
    21,
    22,
    23,
    26,
    27,
    31,
    33,
    34,
    35,
    36,
    37,
    40,
    47,
    54,
    58,
    60,
    62,
    63,
    64,
    67,
    69,
    71,
    72,
    73,
    74,
    77,
    79,
    85,
    86,
    87,
    92,
    95,
    97,
    104,
    106,
    107,
    108,
    109,
    112,
    113,
    115,
    117,
    119,
    120,
    121,
    123,
    124,
    127,
    130,
    131,
    134,
    135,
    136,
    138,
    140,
    141,
    143,
    147,
    150,
    151,
    152,
    156,
    157,
    158,
    161,
    165,
    166,
    167,
    170,
    172,
    173,
    176,
    177,
    178,
    179,
    180,
    183,
    184,
    186,
    187,
    189,
    195,
    196,
    197,
    199
  ],
  "correct_rate": 47.0,
  "negative_samples_avg_ppl": 52.335777811976165,
  "positive_samples_avg_ppl": 57.315555607372
}