{
  "correct_idxs": [
    0,
    3,
    4,
    5,
    7,
    9,
    10,
    13,
    19,
    20,
    21,
    22,
    23,
    25,
    26,
    28,
    29,
    30,
    31,
    32,
    34,
    35,
    37,
    38,
    39,
    40,
    42,
    44,
    45,
    46,
    47,
    51,
    54,
    56,
    57,
    58,
    60,
    62,
    64,
    67,
    68,
    71,
    72,
    75,
    77,
    79,
    80,
    81,
    83,
    84,
    87,
    88,
    90,
    92,
    93,
    94,
    95,
    96,
    97,
    98,
    105,
    109,
    110,
    112,
    113,
    114,
    115,
    116,
    118,
    119,
    120,
    124,
    126,
    128,
    130,
    131,
    133,
    135,
    136,
    137,
    138,
    139,
    140,
    143,
    144,
    145,
    146,
    147,
    150,
    152,
    153,
    155,
    157,
    158,
    160,
    162,
    164,
    166,
    167,
    169,
    172,
    175,
    177,
    178,
    179,
    182,
    183,
    184,
    185,
    188,
    189,
    191,
    192,
    193,
    194,
    195,
    196,
    198,
    199
  ],
  "correct_rate": 59.5,
  "negative_samples_avg_ppl": 0.5270261060009447,
  "positive_samples_avg_ppl": 0.4298316993995776
}