{
  "correct_idxs": [
    1,
    2,
    4,
    5,
    6,
    7,
    8,
    9,
    10,
    11,
    13,
    15,
    16,
    17,
    18,
    23,
    24,
    25,
    27,
    28,
    29,
    30,
    31,
    33,
    34,
    35,
    37,
    38,
    39,
    40,
    41,
    42,
    43,
    44,
    46,
    47,
    48,
    49,
    50,
    51,
    53,
    55,
    59,
    60,
    62,
    63,
    64,
    65,
    66,
    67,
    70,
    71,
    72,
    74,
    75,
    76,
    77,
    78,
    79,
    80,
    84,
    85,
    86,
    87,
    88,
    90,
    92,
    93,
    95,
    96,
    97,
    98,
    100,
    101,
    102,
    103,
    104,
    105,
    106,
    108,
    111,
    112,
    114,
    115,
    116,
    118,
    119,
    120,
    122,
    124,
    125,
    126,
    127,
    130,
    132,
    133,
    134,
    135,
    137,
    139,
    140,
    141,
    142,
    143,
    144,
    145,
    146,
    147,
    148,
    149,
    150,
    151,
    152,
    153,
    154,
    157,
    158,
    159,
    161,
    163,
    164,
    165,
    166,
    168,
    169,
    170,
    171,
    172,
    174,
    175,
    176,
    177,
    180,
    184,
    185,
    186,
    187,
    188,
    189,
    190,
    191,
    192,
    196,
    197,
    199
  ],
  "correct_rate": 72.5,
  "negative_samples_avg_ppl": 2.649854753386205,
  "positive_samples_avg_ppl": 1.2961808376661308
}