{
  "correct_idxs": [
    0,
    1,
    5,
    7,
    8,
    9,
    10,
    11,
    13,
    15,
    16,
    18,
    20,
    22,
    27,
    28,
    29,
    32,
    35,
    37,
    38,
    40,
    41,
    42,
    43,
    47,
    48,
    50,
    52,
    54,
    59,
    60,
    61,
    62,
    63,
    64,
    66,
    67,
    68,
    69,
    71,
    72,
    73,
    74,
    75,
    76,
    77,
    78,
    80,
    81,
    83,
    85,
    87,
    90,
    92,
    93,
    95,
    97,
    99,
    100,
    105,
    107,
    108,
    110,
    111,
    112,
    114,
    116,
    117,
    118,
    119,
    120,
    122,
    124,
    125,
    128,
    131,
    132,
    134,
    136,
    137,
    138,
    140,
    141,
    143,
    144,
    146,
    147,
    148,
    150,
    154,
    156,
    157,
    158,
    160,
    164,
    165,
    166,
    167,
    169,
    172,
    173,
    175,
    179,
    181,
    183,
    185,
    187,
    192,
    194,
    195,
    198
  ],
  "correct_rate": 56.0,
  "negative_samples_avg_ppl": 206.90285495980172,
  "positive_samples_avg_ppl": 194.03151349262248
}