{
  "correct_idxs": [
    1,
    2,
    5,
    8,
    11,
    13,
    16,
    19,
    20,
    25,
    26,
    27,
    28,
    29,
    30,
    32,
    36,
    37,
    38,
    40,
    41,
    43,
    45,
    52,
    54,
    56,
    59,
    60,
    63,
    64,
    65,
    67,
    69,
    71,
    72,
    73,
    74,
    76,
    78,
    80,
    81,
    83,
    85,
    86,
    89,
    90,
    92,
    94,
    95,
    96,
    98,
    99,
    100,
    101,
    102,
    103,
    104,
    105,
    106,
    107,
    108,
    109,
    110,
    113,
    114,
    117,
    118,
    121,
    123,
    124,
    127,
    129,
    130,
    132,
    136,
    141,
    143,
    144,
    145,
    146,
    148,
    151,
    154,
    157,
    158,
    160,
    161,
    164,
    166,
    167,
    169,
    171,
    172,
    173,
    175,
    176,
    177,
    178,
    179,
    180,
    185,
    186,
    187,
    188,
    189,
    190,
    192,
    194
  ],
  "correct_rate": 54.0,
  "negative_samples_avg_ppl": 196.64911250627082,
  "positive_samples_avg_ppl": 187.8505847613387
}