{
  "correct_idxs": [
    2,
    8,
    13,
    15,
    28,
    30,
    37,
    41,
    43,
    45,
    52,
    54,
    60,
    63,
    64,
    69,
    71,
    72,
    74,
    76,
    78,
    81,
    85,
    90,
    92,
    95,
    96,
    102,
    103,
    107,
    108,
    117,
    118,
    123,
    124,
    127,
    130,
    132,
    136,
    141,
    143,
    144,
    146,
    148,
    154,
    157,
    167,
    169,
    172,
    173,
    175,
    176,
    178,
    185,
    187,
    188
  ],
  "correct_rate": 53.333333333333336,
  "negative_samples_avg_ppl": 120.85641337194674,
  "positive_samples_avg_ppl": 117.31957098410936
}