{
  "correct_idxs": [
    0,
    3,
    4,
    5,
    7,
    10,
    11,
    13,
    14,
    15,
    16,
    17,
    22,
    23,
    25,
    26,
    28,
    29,
    30,
    31,
    33,
    36,
    38,
    40,
    41,
    42,
    43,
    44,
    46,
    49,
    52,
    53,
    54,
    55,
    56,
    57,
    59,
    60,
    61,
    62,
    64,
    65,
    67,
    68,
    69,
    70,
    71,
    73,
    75,
    76,
    77,
    78,
    79,
    83,
    84,
    86,
    87,
    88,
    89,
    91,
    92,
    93,
    94,
    95,
    98,
    99,
    100,
    102,
    103,
    104,
    105,
    107,
    108,
    109,
    110,
    113,
    114,
    115,
    117,
    118,
    119,
    121,
    122,
    124,
    125,
    126,
    129,
    130,
    131,
    134,
    137,
    140,
    141,
    142,
    143,
    145,
    148,
    151,
    152,
    153,
    155,
    157,
    158,
    159,
    160,
    161,
    163,
    164,
    166,
    168,
    169,
    170,
    171,
    172,
    175,
    177,
    178,
    180,
    181,
    182,
    183,
    184,
    186,
    187,
    189,
    191,
    193,
    194,
    196,
    198
  ],
  "correct_rate": 65.0,
  "negative_samples_avg_ppl": 0.7029710403874947,
  "positive_samples_avg_ppl": 0.48785824204252254
}