{
  "correct_idxs": [
    0,
    1,
    2,
    3,
    4,
    5,
    6,
    8,
    9,
    10,
    11,
    13,
    15,
    16,
    17,
    19,
    21,
    27,
    28,
    29,
    30,
    34,
    35,
    36,
    37,
    39,
    40,
    43,
    44,
    46,
    51,
    52,
    53,
    57,
    60,
    62,
    65,
    66,
    67,
    68,
    70,
    72,
    74,
    77,
    79,
    80,
    86,
    87,
    88,
    89,
    90,
    91,
    94,
    95,
    96,
    97,
    98,
    100,
    101,
    104,
    105,
    106,
    108,
    109,
    112,
    114,
    116,
    122,
    123,
    127,
    128,
    130,
    131,
    132,
    133,
    134,
    137,
    139,
    141,
    142,
    145,
    146,
    151,
    153,
    154,
    156,
    157,
    158,
    160,
    164,
    165,
    168,
    170,
    173,
    174,
    175,
    177,
    178,
    181,
    182,
    185,
    186,
    188,
    189,
    190,
    192,
    193,
    197
  ],
  "correct_rate": 54.0,
  "negative_samples_avg_ppl": 45.98945787543658,
  "positive_samples_avg_ppl": 42.86948558893058
}