{
  "correct_idxs": [
    1,
    3,
    4,
    6,
    7,
    8,
    11,
    12,
    13,
    18,
    19,
    21,
    22,
    23,
    24,
    26,
    27,
    30,
    31,
    32,
    33,
    34,
    35,
    36,
    37,
    40,
    42,
    43,
    47,
    48,
    49,
    50,
    52,
    55,
    56,
    58,
    61,
    62,
    64,
    65,
    71,
    72,
    73,
    77,
    80,
    81,
    82,
    83,
    86,
    87,
    89,
    91,
    95,
    96,
    97,
    98,
    102,
    103,
    104,
    105,
    106,
    109,
    111,
    112,
    113,
    114,
    118,
    120,
    122,
    125,
    126,
    127,
    128,
    130,
    131,
    132,
    134,
    135,
    136,
    137,
    140,
    143,
    144,
    145,
    148,
    149,
    150,
    154,
    155,
    157,
    159,
    160,
    162,
    165,
    166,
    168,
    169,
    170,
    171,
    172,
    175,
    176,
    177,
    180,
    181,
    184,
    185,
    186,
    187,
    188,
    189,
    190,
    191,
    193,
    194,
    195,
    197,
    198,
    199
  ],
  "correct_rate": 59.5,
  "negative_samples_avg_ppl": 17.94398491600082,
  "positive_samples_avg_ppl": 16.00672477340919
}