{
  "correct_idxs": [
    0,
    4,
    5,
    11,
    13,
    15,
    16,
    17,
    19,
    20,
    22,
    24,
    26,
    27,
    37,
    38,
    39,
    41,
    42,
    45,
    47,
    49,
    52,
    53,
    54,
    57,
    61,
    62,
    64,
    65,
    68,
    69,
    71,
    72,
    76,
    79,
    80,
    81,
    85,
    86,
    87,
    90,
    95,
    97,
    98,
    99,
    100,
    103,
    104,
    106,
    108,
    110,
    111,
    112,
    119,
    120,
    123,
    124,
    126,
    127,
    128,
    130,
    132,
    133,
    136,
    138,
    139,
    140,
    141,
    148,
    153,
    154,
    156,
    159,
    160,
    162,
    163,
    164,
    165,
    167,
    168,
    173,
    175,
    180,
    181,
    183,
    184,
    185,
    186,
    187,
    193,
    196,
    197,
    198,
    199
  ],
  "correct_rate": 47.5,
  "negative_samples_avg_ppl": 0.9796907158411524,
  "positive_samples_avg_ppl": 1.0207303017477412
}