{
  "correct_idxs": [
    2,
    3,
    4,
    7,
    8,
    9,
    11,
    12,
    14,
    19,
    21,
    22,
    24,
    26,
    27,
    28,
    30,
    31,
    33,
    35,
    38,
    39,
    40,
    41,
    43,
    45,
    46,
    48,
    49,
    54,
    56,
    57,
    65,
    66,
    67,
    68,
    70,
    71,
    72,
    74,
    76,
    77,
    82,
    83,
    84,
    86,
    89,
    91,
    92,
    93,
    94,
    95,
    97,
    98,
    100,
    101,
    102,
    103,
    104,
    105,
    106,
    107,
    109,
    112,
    113,
    114,
    115,
    116,
    117,
    122,
    123,
    125,
    128,
    130,
    131,
    134,
    135,
    136,
    139,
    141,
    142,
    143,
    144,
    145,
    146,
    148,
    149,
    150,
    155,
    156,
    160,
    162,
    163,
    164,
    165,
    166,
    169,
    170,
    171,
    176,
    177,
    179,
    180,
    181,
    182,
    184,
    186,
    187,
    188,
    190,
    192,
    195,
    197,
    198,
    199
  ],
  "correct_rate": 57.75,
  "negative_samples_avg_ppl": 170.73810493936463,
  "positive_samples_avg_ppl": 103.57957350982184
}