{
  "correct_idxs": [
    0,
    2,
    3,
    4,
    6,
    7,
    8,
    9,
    11,
    12,
    14,
    15,
    16,
    17,
    19,
    20,
    21,
    22,
    23,
    24,
    25,
    26,
    28,
    29,
    30,
    31,
    32,
    33,
    34,
    35,
    36,
    37,
    39,
    40,
    41,
    44,
    45,
    46,
    47,
    48,
    49,
    50,
    51,
    53,
    54,
    56,
    58,
    59,
    60,
    62,
    63,
    64,
    65,
    66,
    67,
    68,
    69,
    70,
    71,
    72,
    76,
    77,
    78,
    79,
    80,
    82,
    83,
    84,
    85,
    86,
    87,
    88,
    89,
    90,
    91,
    92,
    93,
    94,
    95,
    96,
    97,
    99,
    100,
    101,
    102,
    103,
    105,
    106,
    107,
    110,
    112,
    113,
    114,
    117,
    119,
    120,
    122,
    123,
    124,
    127,
    128,
    130,
    131,
    133,
    134,
    135,
    137,
    139,
    140,
    141,
    142,
    143,
    144,
    145,
    146,
    148,
    150,
    151,
    152,
    153,
    154,
    155,
    156,
    158,
    159,
    160,
    163,
    164,
    165,
    166,
    167,
    168,
    169,
    170,
    171,
    172,
    173,
    174,
    175,
    176,
    177,
    178,
    179,
    180,
    181,
    182,
    184,
    185,
    186,
    187,
    188,
    189,
    190,
    191,
    192,
    193,
    194,
    195,
    196,
    197,
    198
  ],
  "correct_rate": 80.5,
  "negative_samples_avg_ppl": 5.643575757801382,
  "positive_samples_avg_ppl": 0.17719262448415843
}