{
  "correct_idxs": [
    1,
    2,
    4,
    6,
    7,
    11,
    14,
    17,
    19,
    20,
    21,
    22,
    25,
    26,
    28,
    31,
    32,
    33,
    36,
    38,
    40,
    42,
    44,
    47,
    48,
    50,
    56,
    57,
    58,
    59,
    60,
    65,
    68,
    72,
    74,
    75,
    76,
    77,
    80,
    81,
    85,
    86,
    88,
    89,
    93,
    94,
    95,
    96,
    98,
    99,
    100,
    101,
    103,
    104,
    105,
    106,
    107,
    109,
    114,
    117,
    119,
    120,
    121,
    122,
    123,
    125,
    128,
    133,
    134,
    135,
    136,
    138,
    139,
    140,
    141,
    143,
    145,
    146,
    147,
    149,
    151,
    154,
    157,
    158,
    159,
    160,
    161,
    162,
    165,
    166,
    167,
    168,
    169,
    170,
    171,
    173,
    176,
    179,
    180,
    181,
    183,
    184,
    187,
    188,
    189,
    190,
    191,
    193,
    194,
    198
  ],
  "correct_rate": 55.0,
  "negative_samples_avg_ppl": 58.74020036464933,
  "positive_samples_avg_ppl": 55.358072639215244
}