{
  "correct_idxs": [
    0,
    2,
    4,
    5,
    6,
    7,
    8,
    10,
    11,
    12,
    13,
    15,
    16,
    20,
    23,
    27,
    28,
    31,
    32,
    35,
    36,
    37,
    39,
    41,
    44,
    45,
    46,
    51,
    54,
    56,
    58,
    60,
    62,
    65,
    66,
    67,
    69,
    70,
    73,
    76,
    80,
    81,
    83,
    84,
    85,
    93,
    97,
    99,
    100,
    101,
    102,
    104,
    105,
    108,
    116,
    118,
    119,
    120,
    121,
    123,
    124,
    126,
    128,
    129,
    130,
    131,
    132,
    137,
    140,
    142,
    143,
    146,
    147,
    149,
    151,
    152,
    154,
    155,
    157,
    158,
    159,
    161,
    162,
    163,
    165,
    168,
    170,
    171,
    172,
    176,
    179,
    180,
    185,
    188,
    189,
    190,
    193,
    199
  ],
  "correct_rate": 49.0,
  "negative_samples_avg_ppl": 5.982932733517266,
  "positive_samples_avg_ppl": 6.117000695857893
}