{
  "correct_idxs": [
    0,
    1,
    4,
    5,
    6,
    7,
    10,
    11,
    13,
    15,
    19,
    20,
    21,
    23,
    29,
    31,
    32,
    34,
    35,
    36,
    37,
    38,
    39,
    40,
    49,
    51,
    52,
    53,
    55,
    60,
    62,
    63,
    65,
    66,
    76,
    77,
    78,
    80,
    82,
    85,
    88,
    93,
    97,
    100,
    101,
    102,
    103,
    104,
    106,
    108,
    111,
    112,
    113,
    115,
    117,
    118,
    120,
    121,
    123,
    126,
    129,
    130,
    131,
    132,
    138,
    141,
    142,
    143,
    146,
    147,
    149,
    151,
    152,
    154,
    155,
    156,
    159,
    163,
    165,
    167,
    168,
    170,
    171,
    173,
    176,
    178,
    179,
    180,
    181,
    184,
    185,
    186,
    188,
    189,
    190,
    192,
    193,
    195,
    199
  ],
  "correct_rate": 49.5,
  "negative_samples_avg_ppl": 6.557997227742226,
  "positive_samples_avg_ppl": 6.117000695857893
}