{
  "correct_idxs": [
    0,
    1,
    4,
    5,
    6,
    9,
    10,
    11,
    13,
    14,
    17,
    18,
    19,
    20,
    21,
    22,
    28,
    30,
    31,
    33,
    34,
    35,
    36,
    37,
    39,
    40,
    41,
    42,
    43,
    44,
    46,
    51,
    53,
    54,
    56,
    57,
    58,
    60,
    62,
    65,
    66,
    67,
    68,
    69,
    71,
    72,
    74,
    77,
    78,
    79,
    82,
    83,
    84,
    85,
    86,
    87,
    89,
    90,
    91,
    95,
    96,
    97,
    98,
    100,
    101,
    102,
    104,
    108,
    109,
    112,
    114,
    115,
    116,
    117,
    119,
    122,
    123,
    126,
    127,
    128,
    130,
    133,
    137,
    139,
    141,
    146,
    148,
    150,
    152,
    153,
    154,
    155,
    156,
    157,
    158,
    160,
    163,
    164,
    165,
    167,
    169,
    170,
    173,
    174,
    175,
    177,
    179,
    182,
    183,
    184,
    186,
    187,
    192,
    193,
    197,
    199
  ],
  "correct_rate": 58.0,
  "negative_samples_avg_ppl": 15.559258762028335,
  "positive_samples_avg_ppl": 14.397807099536822
}