{
  "correct_idxs": [
    0,
    1,
    2,
    4,
    5,
    6,
    7,
    8,
    10,
    11,
    13,
    15,
    16,
    17,
    18,
    20,
    22,
    23,
    24,
    25,
    26,
    27,
    28,
    29,
    30,
    31,
    33,
    34,
    35,
    37,
    38,
    39,
    41,
    42,
    43,
    44,
    47,
    48,
    49,
    50,
    51,
    52,
    53,
    55,
    59,
    60,
    61,
    62,
    63,
    64,
    65,
    66,
    67,
    69,
    70,
    71,
    72,
    74,
    75,
    76,
    77,
    79,
    80,
    83,
    84,
    85,
    86,
    87,
    88,
    90,
    92,
    93,
    94,
    95,
    96,
    97,
    98,
    100,
    101,
    102,
    103,
    104,
    105,
    106,
    107,
    108,
    109,
    111,
    112,
    114,
    115,
    116,
    118,
    119,
    120,
    121,
    122,
    124,
    125,
    126,
    127,
    129,
    130,
    132,
    133,
    134,
    135,
    137,
    140,
    141,
    142,
    143,
    144,
    145,
    146,
    147,
    148,
    149,
    150,
    151,
    152,
    153,
    154,
    157,
    158,
    159,
    160,
    161,
    162,
    163,
    164,
    165,
    166,
    168,
    169,
    170,
    171,
    172,
    175,
    176,
    177,
    178,
    179,
    180,
    183,
    185,
    186,
    187,
    189,
    190,
    191,
    192,
    193,
    195,
    196,
    197,
    199
  ],
  "correct_rate": 78.5,
  "negative_samples_avg_ppl": 59.96948387089928,
  "positive_samples_avg_ppl": 19.0537549900751
}