{
  "correct_idxs": [
    0,
    9,
    11,
    12,
    19,
    21,
    22,
    31,
    41,
    43,
    45,
    46,
    50,
    53,
    54,
    64,
    68,
    70,
    72,
    77,
    90,
    96,
    100,
    103,
    107,
    125,
    126,
    139,
    140,
    144,
    149,
    153,
    159,
    160,
    177,
    178,
    188,
    189,
    190,
    195,
    196
  ],
  "correct_rate": 42.708333333333336,
  "negative_samples_avg_ppl": 170.0631556349563,
  "positive_samples_avg_ppl": 204.73902331462338
}