{
  "correct_idxs": [
    0,
    1,
    6,
    8,
    9,
    10,
    11,
    12,
    15,
    16,
    18,
    19,
    21,
    22,
    26,
    30,
    31,
    41,
    43,
    45,
    46,
    50,
    53,
    54,
    60,
    62,
    64,
    65,
    68,
    70,
    71,
    72,
    73,
    74,
    75,
    76,
    77,
    83,
    90,
    93,
    96,
    97,
    100,
    103,
    104,
    107,
    113,
    119,
    122,
    123,
    124,
    125,
    126,
    127,
    131,
    134,
    136,
    139,
    140,
    144,
    148,
    149,
    153,
    155,
    156,
    159,
    160,
    161,
    163,
    167,
    173,
    177,
    178,
    182,
    184,
    186,
    188,
    189,
    190,
    193,
    195,
    196,
    197,
    199
  ],
  "correct_rate": 42.0,
  "negative_samples_avg_ppl": 217.42794028882025,
  "positive_samples_avg_ppl": 255.56478465748398
}