{
  "correct_idxs": [
    0,
    1,
    6,
    8,
    9,
    10,
    12,
    15,
    16,
    18,
    19,
    21,
    22,
    26,
    30,
    31,
    43,
    45,
    46,
    49,
    50,
    54,
    60,
    64,
    65,
    68,
    70,
    71,
    72,
    73,
    74,
    75,
    76,
    77,
    83,
    90,
    91,
    93,
    96,
    97,
    100,
    101,
    103,
    107,
    113,
    119,
    122,
    123,
    124,
    125,
    126,
    127,
    131,
    136,
    139,
    140,
    148,
    149,
    152,
    153,
    155,
    156,
    159,
    160,
    161,
    163,
    166,
    172,
    173,
    174,
    177,
    178,
    182,
    186,
    188,
    189,
    190,
    193,
    196,
    197,
    199
  ],
  "correct_rate": 40.5,
  "negative_samples_avg_ppl": 215.72256804381016,
  "positive_samples_avg_ppl": 260.0114283176301
}