{
  "correct_idxs": [
    1,
    3,
    6,
    7,
    8,
    9,
    10,
    13,
    16,
    17,
    18,
    19,
    21,
    22,
    26,
    27,
    30,
    31,
    34,
    41,
    45,
    46,
    48,
    49,
    51,
    54,
    56,
    58,
    59,
    60,
    62,
    64,
    65,
    68,
    73,
    76,
    79,
    83,
    85,
    86,
    88,
    91,
    96,
    97,
    100,
    101,
    103,
    108,
    110,
    113,
    115,
    117,
    119,
    120,
    122,
    123,
    124,
    125,
    129,
    134,
    135,
    136,
    139,
    140,
    151,
    152,
    155,
    156,
    160,
    161,
    163,
    166,
    169,
    171,
    173,
    174,
    176,
    184,
    186,
    188,
    190,
    191,
    193,
    197,
    198,
    199
  ],
  "correct_rate": 43.0,
  "negative_samples_avg_ppl": 240.60882771259284,
  "positive_samples_avg_ppl": 268.8849058463089
}