{
  "correct_idxs": [
    0,
    3,
    5,
    6,
    10,
    11,
    13,
    14,
    15,
    16,
    17,
    20,
    21,
    23,
    24,
    25,
    28,
    29,
    31,
    32,
    33,
    36,
    40,
    42,
    43,
    45,
    48,
    49,
    51,
    52,
    53,
    57,
    59,
    60,
    61,
    63,
    64,
    66,
    68,
    70,
    72,
    73,
    74,
    75,
    81,
    82,
    83,
    87,
    88,
    90,
    92,
    93,
    94,
    95,
    98,
    100,
    101,
    106,
    107,
    110,
    113,
    115,
    116,
    120,
    121,
    125,
    133,
    137,
    138,
    140,
    141,
    142,
    143,
    145,
    150,
    151,
    152,
    153,
    154,
    155,
    156,
    158,
    161,
    163,
    165,
    166,
    167,
    168,
    169,
    170,
    172,
    174,
    175,
    176,
    177,
    178,
    180,
    181,
    182,
    183,
    184,
    186,
    188,
    190,
    194,
    196,
    197,
    198,
    199
  ],
  "correct_rate": 54.5,
  "negative_samples_avg_ppl": 7.898740486815181,
  "positive_samples_avg_ppl": 6.425085299239461
}