{
  "correct_idxs": [
    2,
    3,
    4,
    5,
    6,
    7,
    11,
    13,
    15,
    16,
    17,
    18,
    19,
    22,
    23,
    27,
    28,
    29,
    31,
    32,
    33,
    35,
    36,
    38,
    39,
    45,
    46,
    47,
    48,
    54,
    55,
    56,
    57,
    61,
    62,
    65,
    66,
    67,
    68,
    71,
    72,
    76,
    77,
    80,
    81,
    82,
    86,
    87,
    89,
    93,
    94,
    95,
    97,
    99,
    103,
    109,
    111,
    113,
    116,
    118,
    119,
    120,
    123,
    124,
    125,
    126,
    128,
    129,
    130,
    133,
    136,
    137,
    140,
    145,
    147,
    150,
    151,
    154,
    155,
    156,
    159,
    161,
    163,
    164,
    166,
    168,
    169,
    170,
    171,
    173,
    174,
    175,
    176,
    177,
    178,
    179,
    183,
    184,
    185,
    188,
    189,
    191,
    193,
    194,
    197
  ],
  "correct_rate": 52.5,
  "negative_samples_avg_ppl": 144.49351873085652,
  "positive_samples_avg_ppl": 137.18304745728872
}