{
  "correct_idxs": [
    3,
    5,
    7,
    10,
    14,
    15,
    16,
    17,
    20,
    21,
    23,
    24,
    25,
    26,
    28,
    29,
    30,
    32,
    33,
    35,
    36,
    37,
    41,
    42,
    45,
    47,
    48,
    49,
    50,
    51,
    52,
    57,
    59,
    60,
    61,
    62,
    63,
    66,
    68,
    71,
    72,
    73,
    74,
    75,
    81,
    82,
    83,
    84,
    85,
    90,
    92,
    94,
    95,
    98,
    100,
    106,
    107,
    110,
    111,
    112,
    115,
    116,
    120,
    121,
    124,
    125,
    126,
    132,
    133,
    134,
    137,
    138,
    140,
    141,
    142,
    145,
    150,
    151,
    152,
    153,
    154,
    155,
    162,
    163,
    164,
    165,
    166,
    167,
    168,
    169,
    175,
    176,
    177,
    178,
    181,
    182,
    183,
    188,
    190,
    194,
    197,
    198
  ],
  "correct_rate": 51.25,
  "negative_samples_avg_ppl": 8.549302883432528,
  "positive_samples_avg_ppl": 7.612333752545136
}