{
  "correct_idxs": [
    4,
    5,
    6,
    7,
    8,
    10,
    11,
    12,
    14,
    16,
    17,
    18,
    19,
    21,
    23,
    25,
    28,
    29,
    30,
    33,
    34,
    39,
    42,
    44,
    46,
    47,
    50,
    52,
    54,
    55,
    60,
    61,
    62,
    64,
    66,
    67,
    68,
    69,
    71,
    72,
    74,
    76,
    78,
    80,
    81,
    87,
    88,
    89,
    90,
    91,
    92,
    94,
    95,
    96,
    97,
    98,
    101,
    102,
    103,
    107,
    109,
    113,
    115,
    117,
    118,
    119,
    120,
    121,
    122,
    123,
    124,
    125,
    127,
    131,
    133,
    134,
    135,
    136,
    137,
    138,
    140,
    141,
    142,
    144,
    145,
    146,
    148,
    150,
    152,
    155,
    156,
    161,
    163,
    164,
    166,
    167,
    169,
    172,
    173,
    174,
    175,
    177,
    180,
    181,
    183,
    184,
    185,
    186,
    187,
    189,
    190,
    191,
    192,
    194,
    195,
    197,
    199
  ],
  "correct_rate": 58.5,
  "negative_samples_avg_ppl": 139.84438939941185,
  "positive_samples_avg_ppl": 84.64637502320436
}