{
  "correct_idxs": [
    1,
    5,
    6,
    7,
    10,
    11,
    13,
    14,
    15,
    16,
    18,
    19,
    22,
    23,
    24,
    27,
    35,
    36,
    37,
    39,
    41,
    44,
    45,
    47,
    48,
    49,
    50,
    52,
    53,
    54,
    55,
    57,
    58,
    59,
    61,
    62,
    63,
    64,
    65,
    68,
    69,
    71,
    75,
    76,
    78,
    79,
    81,
    82,
    85,
    87,
    90,
    95,
    97,
    98,
    99,
    103,
    104,
    106,
    108,
    111,
    112,
    114,
    115,
    116,
    122,
    123,
    124,
    125,
    126,
    127,
    128,
    130,
    131,
    132,
    133,
    136,
    138,
    140,
    141,
    143,
    144,
    148,
    154,
    156,
    159,
    160,
    161,
    163,
    165,
    167,
    170,
    172,
    173,
    175,
    179,
    180,
    181,
    183,
    186,
    187,
    188,
    191,
    193,
    195,
    196,
    197,
    199
  ],
  "correct_rate": 53.5,
  "negative_samples_avg_ppl": 44.64639331076795,
  "positive_samples_avg_ppl": 43.357584993484586
}