{
  "correct_idxs": [
    0,
    2,
    5,
    6,
    7,
    8,
    16,
    17,
    20,
    31,
    33,
    37,
    41,
    42,
    45,
    49,
    50,
    53,
    54,
    56,
    57,
    61,
    64,
    66,
    68,
    71,
    76,
    83,
    84,
    85,
    89,
    91,
    92,
    93,
    94,
    96,
    97,
    98,
    99,
    100,
    105,
    106,
    107,
    109,
    110,
    112,
    114,
    115,
    118,
    121,
    123,
    125,
    130,
    132,
    135,
    136,
    137,
    138,
    141,
    142,
    145,
    149,
    152,
    153,
    154,
    155,
    156,
    157,
    159,
    163,
    164,
    167,
    168,
    169,
    173,
    174,
    175,
    176,
    181,
    185,
    186,
    187,
    188,
    189,
    191,
    193,
    194,
    195,
    196,
    197
  ],
  "correct_rate": 45.0,
  "negative_samples_avg_ppl": 767.1492790946688,
  "positive_samples_avg_ppl": 866.1387504645837
}