{
  "correct_idxs": [
    12,
    17,
    20,
    39,
    44,
    46,
    47,
    55,
    68,
    71,
    73,
    80,
    83,
    84,
    95,
    96,
    98,
    99,
    100,
    104,
    109,
    114,
    123,
    125,
    133,
    137,
    141,
    150,
    151,
    154,
    159,
    167,
    168,
    169,
    170,
    174,
    175,
    176,
    181,
    185,
    189,
    198,
    199
  ],
  "correct_rate": 40.95238095238095,
  "negative_samples_avg_ppl": 1054.5956458991893,
  "positive_samples_avg_ppl": 1114.2894567318338
}