{
  "correct_idxs": [
    0,
    1,
    2,
    7,
    8,
    11,
    12,
    13,
    16,
    24,
    25,
    27,
    30,
    33,
    35,
    36,
    41,
    42,
    43,
    45,
    47,
    49,
    50,
    53,
    54,
    56,
    57,
    58,
    59,
    62,
    64,
    65,
    67,
    68,
    71,
    73,
    76,
    78,
    79,
    80,
    83,
    84,
    85,
    89,
    91,
    95,
    96,
    98,
    99,
    101,
    104,
    106,
    108,
    118,
    120,
    121,
    123,
    127,
    128,
    129,
    130,
    131,
    132,
    133,
    134,
    135,
    136,
    138,
    141,
    142,
    144,
    145,
    149,
    152,
    153,
    154,
    155,
    156,
    157,
    163,
    164,
    165,
    167,
    168,
    172,
    173,
    176,
    177,
    178,
    180,
    182,
    185,
    186,
    187,
    188,
    192,
    193,
    194,
    195,
    196
  ],
  "correct_rate": 50.0,
  "negative_samples_avg_ppl": 548.8392281500603,
  "positive_samples_avg_ppl": 552.6823647246497
}