{
  "correct_idxs": [
    0,
    2,
    5,
    7,
    8,
    16,
    20,
    31,
    39,
    40,
    41,
    42,
    43,
    44,
    47,
    49,
    51,
    54,
    56,
    61,
    64,
    68,
    71,
    74,
    77,
    80,
    83,
    84,
    89,
    92,
    93,
    95,
    96,
    98,
    100,
    101,
    102,
    104,
    105,
    106,
    107,
    108,
    109,
    110,
    114,
    115,
    121,
    123,
    125,
    135,
    136,
    137,
    138,
    141,
    142,
    143,
    144,
    145,
    149,
    150,
    151,
    152,
    153,
    154,
    155,
    156,
    157,
    159,
    161,
    162,
    163,
    164,
    167,
    168,
    169,
    175,
    177,
    181,
    185,
    188,
    189,
    192,
    193,
    194,
    196,
    198,
    199
  ],
  "correct_rate": 44.61538461538461,
  "negative_samples_avg_ppl": 1507.056913697554,
  "positive_samples_avg_ppl": 1704.1884844208741
}