{
  "correct_idxs": [
    1,
    2,
    3,
    5,
    6,
    7,
    9,
    14,
    15,
    16,
    17,
    18,
    20,
    21,
    23,
    24,
    26,
    27,
    29,
    33,
    35,
    38,
    39,
    42,
    43,
    45,
    46,
    48,
    49,
    52,
    53,
    54,
    55,
    56,
    57,
    59,
    60,
    63,
    64,
    65,
    66,
    68,
    69,
    70,
    71,
    74,
    76,
    77,
    78,
    79,
    84,
    85,
    87,
    89,
    90,
    91,
    92,
    93,
    94,
    95,
    96,
    97,
    99,
    100,
    101,
    102,
    103,
    105,
    106,
    107,
    108,
    113,
    114,
    115,
    118,
    119,
    120,
    121,
    123,
    125,
    127,
    128,
    129,
    134,
    137,
    138,
    139,
    141,
    142,
    144,
    146,
    147,
    150,
    153,
    154,
    155,
    157,
    159,
    160,
    161,
    163,
    164,
    166,
    167,
    168,
    169,
    170,
    172,
    173,
    175,
    176,
    178,
    179,
    180,
    181,
    184,
    186,
    187,
    189,
    190,
    192,
    193,
    195,
    199
  ],
  "correct_rate": 62.0,
  "negative_samples_avg_ppl": 8.239781394613273,
  "positive_samples_avg_ppl": 5.518968288115021
}