{
  "correct_idxs": [
    0,
    1,
    8,
    11,
    13,
    15,
    16,
    17,
    18,
    19,
    20,
    22,
    24,
    25,
    26,
    29,
    30,
    32,
    33,
    34,
    35,
    39,
    40,
    41,
    42,
    43,
    45,
    46,
    47,
    48,
    49,
    52,
    53,
    54,
    56,
    57,
    59,
    63,
    67,
    68,
    69,
    70,
    72,
    73,
    75,
    76,
    82,
    83,
    84,
    85,
    87,
    88,
    90,
    91,
    94,
    95,
    97,
    98,
    99,
    100,
    101,
    106,
    107,
    108,
    110,
    111,
    113,
    114,
    115,
    120,
    123,
    125,
    127,
    128,
    129,
    132,
    133,
    135,
    136,
    138,
    141,
    142,
    143,
    149,
    150,
    152,
    153,
    161,
    162,
    163,
    166,
    167,
    169,
    171,
    172,
    173,
    174,
    176,
    177,
    179,
    180,
    181,
    182,
    183,
    184,
    185,
    186,
    188,
    191,
    193,
    194,
    196,
    197,
    198,
    199
  ],
  "correct_rate": 57.5,
  "negative_samples_avg_ppl": 0.7137546028761297,
  "positive_samples_avg_ppl": 0.6436101977934876
}