{
  "correct_idxs": [
    0,
    1,
    3,
    4,
    6,
    7,
    8,
    10,
    11,
    12,
    13,
    14,
    17,
    18,
    21,
    24,
    27,
    28,
    32,
    33,
    34,
    36,
    37,
    38,
    40,
    42,
    43,
    44,
    45,
    47,
    48,
    49,
    50,
    53,
    55,
    56,
    57,
    60,
    62,
    63,
    64,
    65,
    69,
    70,
    71,
    72,
    76,
    78,
    79,
    80,
    81,
    82,
    83,
    84,
    85,
    86,
    87,
    88,
    90,
    95,
    96,
    97,
    98,
    99,
    102,
    103,
    104,
    108,
    109,
    110,
    112,
    113,
    115,
    117,
    120,
    121,
    125,
    126,
    127,
    128,
    130,
    131,
    132,
    133,
    134,
    135,
    136,
    138,
    140,
    141,
    143,
    144,
    146,
    148,
    149,
    150,
    152,
    153,
    154,
    155,
    156,
    157,
    158,
    161,
    166,
    167,
    168,
    169,
    170,
    171,
    172,
    173,
    174,
    175,
    176,
    177,
    178,
    179,
    181,
    183,
    184,
    185,
    186,
    187,
    189,
    190,
    191,
    193,
    194,
    199
  ],
  "correct_rate": 65.0,
  "negative_samples_avg_ppl": 3.805942672648291,
  "positive_samples_avg_ppl": 3.4613425769426622
}