{
  "correct_idxs": [
    2,
    3,
    4,
    5,
    9,
    10,
    12,
    16,
    17,
    18,
    21,
    23,
    27,
    28,
    29,
    31,
    32,
    33,
    34,
    37,
    38,
    44,
    45,
    47,
    48,
    49,
    52,
    54,
    56,
    57,
    59,
    64,
    70,
    71,
    73,
    74,
    78,
    79,
    83,
    84,
    87,
    89,
    91,
    92,
    93,
    94,
    103,
    105,
    107,
    111,
    117,
    119,
    123,
    124,
    131,
    133,
    134,
    135,
    138,
    140,
    143,
    144,
    152,
    154,
    156,
    158,
    159,
    161,
    164,
    167,
    169,
    170,
    171,
    172,
    174,
    175,
    176,
    181,
    184,
    185,
    188,
    189,
    190,
    191,
    192,
    193,
    197,
    199
  ],
  "correct_rate": 46.808510638297875,
  "negative_samples_avg_ppl": 2623.4084506045842,
  "positive_samples_avg_ppl": 2654.8437275072392
}