{
  "correct_idxs": [
    4,
    9,
    12,
    16,
    17,
    23,
    32,
    33,
    36,
    38,
    45,
    49,
    52,
    57,
    71,
    73,
    79,
    81,
    83,
    84,
    87,
    91,
    94,
    117,
    123,
    124,
    133,
    138,
    143,
    144,
    154,
    159,
    181,
    185,
    190,
    191,
    193,
    197
  ],
  "correct_rate": 40.86021505376344,
  "negative_samples_avg_ppl": 1804.8050967640568,
  "positive_samples_avg_ppl": 2005.1910533520763
}