{
  "correct_idxs": [
    2,
    6,
    8,
    9,
    10,
    12,
    14,
    17,
    19,
    20,
    21,
    22,
    24,
    28,
    29,
    30,
    31,
    32,
    33,
    34,
    36,
    38,
    39,
    40,
    42,
    44,
    45,
    46,
    47,
    49,
    54,
    56,
    59,
    60,
    62,
    67,
    68,
    74,
    76,
    77,
    78,
    81,
    83,
    84,
    87,
    88,
    89,
    90,
    91,
    92,
    94,
    95,
    97,
    99,
    100,
    103,
    105,
    109,
    110,
    111,
    112,
    117,
    118,
    119,
    120,
    123,
    124,
    127,
    130,
    131,
    134,
    135,
    136,
    137,
    138,
    139,
    140,
    141,
    142,
    144,
    145,
    152,
    154,
    155,
    158,
    161,
    162,
    163,
    167,
    168,
    169,
    170,
    171,
    173,
    175,
    176,
    177,
    179,
    182,
    184,
    188,
    189,
    190,
    192,
    193,
    198,
    199
  ],
  "correct_rate": 53.5,
  "negative_samples_avg_ppl": 719.5877356369573,
  "positive_samples_avg_ppl": 700.1563413958128
}