{
  "correct_idxs": [
    2,
    3,
    6,
    8,
    9,
    10,
    14,
    15,
    17,
    18,
    19,
    21,
    22,
    23,
    25,
    26,
    29,
    31,
    32,
    33,
    34,
    36,
    37,
    38,
    40,
    41,
    44,
    45,
    46,
    47,
    48,
    49,
    55,
    56,
    57,
    59,
    60,
    63,
    64,
    67,
    68,
    71,
    73,
    74,
    77,
    81,
    83,
    87,
    89,
    91,
    92,
    93,
    95,
    99,
    103,
    105,
    107,
    109,
    111,
    112,
    117,
    118,
    120,
    123,
    124,
    129,
    131,
    134,
    135,
    136,
    138,
    143,
    144,
    145,
    148,
    152,
    154,
    156,
    157,
    158,
    161,
    162,
    167,
    168,
    169,
    170,
    171,
    173,
    175,
    176,
    178,
    179,
    181,
    182,
    184,
    186,
    188,
    189,
    190,
    191,
    192,
    193,
    197,
    199
  ],
  "correct_rate": 52.0,
  "negative_samples_avg_ppl": 1117.2596349501016,
  "positive_samples_avg_ppl": 1149.6191094654332
}