{
  "correct_idxs": [
    2,
    4,
    5,
    6,
    7,
    9,
    10,
    12,
    14,
    15,
    16,
    17,
    20,
    22,
    25,
    27,
    28,
    31,
    32,
    34,
    35,
    37,
    40,
    41,
    42,
    43,
    44,
    45,
    50,
    52,
    53,
    54,
    59,
    60,
    61,
    63,
    65,
    69,
    70,
    71,
    73,
    74,
    78,
    80,
    81,
    82,
    83,
    85,
    86,
    87,
    92,
    93,
    97,
    98,
    101,
    103,
    104,
    105,
    106,
    109,
    114,
    115,
    117,
    119,
    120,
    121,
    122,
    125,
    126,
    128,
    129,
    131,
    132,
    133,
    134,
    136,
    137,
    138,
    139,
    141,
    143,
    146,
    147,
    148,
    149,
    150,
    151,
    156,
    158,
    162,
    163,
    164,
    165,
    166,
    168,
    169,
    171,
    174,
    175,
    179,
    180,
    181,
    184,
    185,
    186,
    187,
    190,
    193,
    196,
    198,
    199
  ],
  "correct_rate": 55.5,
  "negative_samples_avg_ppl": 81.20518170647976,
  "positive_samples_avg_ppl": 74.8683909119963
}