{
  "correct_idxs": [
    2,
    4,
    6,
    9,
    14,
    15,
    16,
    22,
    24,
    25,
    33,
    34,
    35,
    36,
    39,
    40,
    43,
    44,
    46,
    48,
    49,
    50,
    51,
    52,
    53,
    55,
    56,
    60,
    61,
    63,
    65,
    66,
    68,
    69,
    70,
    71,
    72,
    74,
    75,
    77,
    78,
    79,
    80,
    81,
    82,
    83,
    85,
    88,
    92,
    94,
    100,
    101,
    103,
    105,
    108,
    113,
    115,
    118,
    120,
    121,
    125,
    126,
    131,
    132,
    135,
    136,
    138,
    143,
    146,
    147,
    148,
    150,
    153,
    154,
    156,
    158,
    163,
    165,
    166,
    167,
    168,
    172,
    174,
    178,
    179,
    180,
    181,
    182,
    184,
    185,
    187,
    189,
    191
  ],
  "correct_rate": 46.5,
  "negative_samples_avg_ppl": 889.791365777336,
  "positive_samples_avg_ppl": 816.6520117516633
}