{
  "correct_idxs": [
    1,
    3,
    4,
    5,
    6,
    13,
    14,
    15,
    16,
    20,
    22,
    23,
    24,
    26,
    29,
    30,
    31,
    32,
    35,
    36,
    38,
    39,
    40,
    41,
    44,
    45,
    47,
    49,
    51,
    52,
    53,
    55,
    56,
    58,
    60,
    61,
    62,
    63,
    65,
    67,
    69,
    71,
    75,
    76,
    78,
    80,
    82,
    83,
    85,
    87,
    91,
    93,
    95,
    98,
    99,
    101,
    102,
    104,
    106,
    108,
    109,
    110,
    111,
    112,
    117,
    119,
    121,
    124,
    125,
    126,
    130,
    132,
    133,
    138,
    141,
    143,
    144,
    145,
    148,
    152,
    154,
    156,
    160,
    161,
    163,
    164,
    166,
    167,
    168,
    169,
    171,
    172,
    176,
    178,
    180,
    181,
    184,
    186,
    190,
    191,
    192,
    193,
    194,
    195,
    196
  ],
  "correct_rate": 52.5,
  "negative_samples_avg_ppl": 189.00367376661126,
  "positive_samples_avg_ppl": 186.65738110731624
}