{
  "correct_idxs": [
    1,
    2,
    4,
    6,
    8,
    10,
    12,
    13,
    14,
    16,
    20,
    22,
    23,
    24,
    26,
    29,
    31,
    35,
    38,
    39,
    40,
    41,
    43,
    44,
    45,
    47,
    49,
    50,
    51,
    52,
    56,
    57,
    60,
    62,
    63,
    65,
    67,
    70,
    71,
    76,
    77,
    78,
    80,
    81,
    82,
    83,
    84,
    85,
    87,
    90,
    91,
    93,
    95,
    97,
    98,
    102,
    104,
    106,
    108,
    109,
    110,
    112,
    117,
    119,
    120,
    125,
    126,
    127,
    130,
    133,
    134,
    138,
    141,
    144,
    145,
    148,
    149,
    152,
    154,
    155,
    156,
    160,
    163,
    164,
    166,
    167,
    173,
    175,
    176,
    177,
    178,
    180,
    182,
    184,
    190,
    191,
    193,
    194,
    195
  ],
  "correct_rate": 49.5,
  "negative_samples_avg_ppl": 167.0433285313866,
  "positive_samples_avg_ppl": 166.49629688417923
}