{
  "correct_idxs": [
    2,
    3,
    4,
    5,
    6,
    11,
    13,
    14,
    15,
    16,
    20,
    23,
    24,
    25,
    28,
    29,
    31,
    32,
    34,
    36,
    37,
    38,
    39,
    40,
    41,
    42,
    44,
    46,
    47,
    48,
    49,
    51,
    54,
    55,
    56,
    57,
    59,
    62,
    64,
    66,
    67,
    68,
    69,
    70,
    71,
    72,
    74,
    77,
    78,
    80,
    81,
    82,
    84,
    86,
    87,
    88,
    90,
    91,
    93,
    95,
    96,
    99,
    101,
    102,
    103,
    105,
    106,
    107,
    109,
    111,
    113,
    116,
    118,
    120,
    121,
    123,
    125,
    127,
    128,
    130,
    131,
    132,
    133,
    134,
    137,
    138,
    139,
    140,
    141,
    143,
    147,
    148,
    150,
    154,
    155,
    158,
    160,
    166,
    167,
    168,
    169,
    170,
    172,
    174,
    177,
    180,
    181,
    184,
    185,
    189,
    190,
    193,
    194,
    195,
    197,
    198,
    199
  ],
  "correct_rate": 58.5,
  "negative_samples_avg_ppl": 5576.480990296531,
  "positive_samples_avg_ppl": 3798.429416815968
}