{
  "correct_idxs": [
    1,
    2,
    4,
    5,
    6,
    9,
    16,
    19,
    20,
    21,
    23,
    24,
    26,
    27,
    28,
    29,
    30,
    31,
    33,
    34,
    35,
    39,
    40,
    44,
    46,
    49,
    51,
    53,
    55,
    59,
    65,
    66,
    67,
    69,
    73,
    74,
    76,
    79,
    80,
    81,
    83,
    84,
    86,
    88,
    89,
    91,
    92,
    96,
    98,
    100,
    101,
    102,
    104,
    106,
    109,
    113,
    115,
    119,
    120,
    123,
    124,
    126,
    129,
    130,
    135,
    137,
    138,
    139,
    142,
    143,
    147,
    149,
    151,
    152,
    153,
    155,
    157,
    160,
    161,
    162,
    163,
    164,
    166,
    174,
    176,
    177,
    179,
    180,
    181,
    183,
    185,
    189,
    192,
    195,
    196,
    197,
    198,
    199
  ],
  "correct_rate": 49.0,
  "negative_samples_avg_ppl": 179.48993620117926,
  "positive_samples_avg_ppl": 179.25923669162265
}