{
  "correct_idxs": [
    0,
    1,
    2,
    3,
    4,
    5,
    6,
    7,
    8,
    9,
    10,
    11,
    12,
    13,
    15,
    16,
    18,
    19,
    20,
    21,
    22,
    25,
    26,
    27,
    28,
    30,
    31,
    33,
    34,
    36,
    37,
    38,
    40,
    41,
    42,
    45,
    46,
    49,
    50,
    51,
    52,
    53,
    54,
    55,
    56,
    58,
    59,
    60,
    61,
    62,
    63,
    65,
    66,
    68,
    69,
    70,
    71,
    72,
    74,
    76,
    78,
    83,
    84,
    85,
    87,
    88,
    90,
    91,
    92,
    93,
    94,
    95,
    96,
    97,
    99,
    101,
    102,
    103,
    105,
    106,
    108,
    109,
    111,
    112,
    113,
    115,
    117,
    118,
    119,
    120,
    121,
    122,
    123,
    124,
    125,
    128,
    129,
    131,
    132,
    133,
    135,
    136,
    137,
    139,
    140,
    141,
    142,
    143,
    144,
    145,
    146,
    147,
    148,
    149,
    151,
    152,
    153,
    155,
    156,
    157,
    158,
    160,
    161,
    162,
    163,
    164,
    165,
    167,
    168,
    169,
    170,
    171,
    172,
    173,
    174,
    175,
    176,
    177,
    178,
    179,
    180,
    181,
    182,
    183,
    184,
    185,
    187,
    188,
    189,
    191,
    192,
    193,
    194,
    195
  ],
  "correct_rate": 77.0,
  "negative_samples_avg_ppl": 0.8049703013119627,
  "positive_samples_avg_ppl": 0.6288354857773284
}