{
  "correct_idxs": [
    0,
    1,
    2,
    4,
    6,
    7,
    10,
    11,
    12,
    13,
    15,
    17,
    19,
    20,
    21,
    22,
    28,
    29,
    30,
    31,
    34,
    35,
    37,
    39,
    40,
    42,
    43,
    44,
    45,
    46,
    52,
    53,
    54,
    55,
    56,
    57,
    59,
    62,
    66,
    67,
    69,
    70,
    71,
    72,
    75,
    76,
    79,
    80,
    83,
    84,
    85,
    87,
    90,
    91,
    92,
    93,
    94,
    95,
    97,
    98,
    101,
    108,
    110,
    112,
    113,
    115,
    116,
    117,
    119,
    123,
    128,
    129,
    130,
    132,
    134,
    135,
    137,
    138,
    139,
    140,
    143,
    146,
    147,
    150,
    152,
    153,
    154,
    155,
    156,
    157,
    159,
    163,
    165,
    167,
    168,
    169,
    170,
    172,
    174,
    175,
    177,
    180,
    181,
    182,
    183,
    186,
    187,
    188,
    190,
    192,
    195,
    196,
    197
  ],
  "correct_rate": 56.5,
  "negative_samples_avg_ppl": 1.8162955522964659,
  "positive_samples_avg_ppl": 1.6831923012376042
}