{
  "correct_idxs": [
    0,
    1,
    2,
    5,
    7,
    8,
    9,
    10,
    12,
    14,
    16,
    17,
    19,
    20,
    22,
    25,
    27,
    28,
    29,
    31,
    32,
    33,
    34,
    35,
    37,
    39,
    40,
    41,
    42,
    44,
    49,
    52,
    53,
    58,
    61,
    62,
    63,
    65,
    70,
    71,
    80,
    82,
    93,
    94,
    95,
    98,
    104,
    105,
    106,
    107,
    109,
    110,
    111,
    112,
    118,
    121,
    123,
    127,
    128,
    132,
    133,
    135,
    137,
    142,
    143,
    144,
    145,
    146,
    147,
    151,
    156,
    157,
    158,
    160,
    161,
    162,
    164,
    165,
    166,
    167,
    168,
    169,
    173,
    174,
    175,
    176,
    179,
    181,
    182,
    183,
    184,
    185,
    186,
    187,
    188,
    190,
    193,
    198,
    199
  ],
  "correct_rate": 49.5,
  "negative_samples_avg_ppl": 51.6181156932843,
  "positive_samples_avg_ppl": 51.348321573478174
}