{
  "correct_idxs": [
    3,
    4,
    5,
    6,
    7,
    8,
    10,
    11,
    12,
    14,
    15,
    16,
    17,
    18,
    19,
    20,
    21,
    23,
    25,
    28,
    29,
    30,
    32,
    33,
    34,
    36,
    39,
    42,
    44,
    46,
    47,
    48,
    50,
    53,
    54,
    55,
    57,
    60,
    61,
    62,
    64,
    66,
    67,
    68,
    69,
    70,
    71,
    72,
    74,
    76,
    78,
    80,
    81,
    82,
    87,
    88,
    89,
    90,
    91,
    92,
    94,
    95,
    96,
    97,
    98,
    101,
    102,
    103,
    107,
    108,
    109,
    112,
    113,
    114,
    115,
    117,
    119,
    120,
    121,
    122,
    123,
    125,
    127,
    131,
    133,
    134,
    135,
    136,
    137,
    138,
    139,
    140,
    141,
    144,
    145,
    146,
    148,
    149,
    150,
    151,
    152,
    153,
    155,
    156,
    161,
    163,
    164,
    166,
    167,
    169,
    172,
    173,
    174,
    175,
    176,
    178,
    180,
    181,
    183,
    184,
    185,
    187,
    189,
    190,
    191,
    192,
    194,
    195,
    197
  ],
  "correct_rate": 64.5,
  "negative_samples_avg_ppl": 836.4214829825879,
  "positive_samples_avg_ppl": 388.6886230767287
}