{
  "correct_idxs": [
    2,
    4,
    5,
    6,
    8,
    11,
    12,
    13,
    14,
    16,
    20,
    23,
    24,
    25,
    28,
    29,
    31,
    34,
    38,
    40,
    41,
    42,
    43,
    44,
    45,
    49,
    50,
    52,
    53,
    56,
    59,
    60,
    61,
    62,
    66,
    68,
    69,
    72,
    73,
    74,
    75,
    79,
    81,
    83,
    84,
    85,
    87,
    90,
    98,
    100,
    103,
    104,
    105,
    109,
    113,
    114,
    118,
    119,
    120,
    123,
    125,
    128,
    131,
    133,
    135,
    136,
    138,
    141,
    145,
    146,
    149,
    150,
    151,
    154,
    155,
    156,
    160,
    165,
    167,
    169,
    171,
    173,
    174,
    175,
    177,
    179,
    182,
    183,
    184,
    185,
    188,
    189,
    190,
    192,
    197
  ],
  "correct_rate": 47.5,
  "negative_samples_avg_ppl": 4.0651307705573645,
  "positive_samples_avg_ppl": 4.1620683839798875
}