{
  "correct_idxs": [
    0,
    3,
    5,
    6,
    8,
    9,
    11,
    13,
    15,
    16,
    17,
    20,
    21,
    22,
    24,
    25,
    26,
    27,
    28,
    29,
    30,
    31,
    33,
    34,
    35,
    36,
    37,
    39,
    40,
    41,
    43,
    46,
    48,
    52,
    54,
    55,
    59,
    61,
    63,
    64,
    65,
    68,
    69,
    70,
    72,
    73,
    74,
    76,
    77,
    79,
    81,
    84,
    85,
    87,
    88,
    90,
    91,
    93,
    94,
    95,
    97,
    98,
    99,
    100,
    101,
    102,
    103,
    104,
    106,
    107,
    108,
    111,
    112,
    114,
    115,
    116,
    117,
    118,
    119,
    120,
    121,
    122,
    123,
    124,
    126,
    127,
    128,
    129,
    130,
    131,
    134,
    140,
    141,
    142,
    143,
    144,
    145,
    150,
    151,
    152,
    153,
    154,
    155,
    157,
    159,
    165,
    166,
    167,
    168,
    169,
    171,
    173,
    174,
    175,
    176,
    177,
    178,
    179,
    180,
    181,
    184,
    186,
    187,
    191,
    192,
    193,
    196,
    197,
    198,
    199
  ],
  "correct_rate": 65.0,
  "negative_samples_avg_ppl": 5289.422727258085,
  "positive_samples_avg_ppl": 3081.376215623655
}