{
  "correct_idxs": [
    0,
    2,
    4,
    5,
    6,
    7,
    10,
    12,
    13,
    17,
    18,
    19,
    20,
    22,
    23,
    24,
    25,
    26,
    29,
    30,
    31,
    33,
    34,
    35,
    36,
    37,
    39,
    40,
    42,
    43,
    44,
    46,
    49,
    50,
    52,
    53,
    54,
    57,
    58,
    59,
    60,
    61,
    64,
    67,
    68,
    69,
    70,
    72,
    73,
    74,
    75,
    76,
    77,
    78,
    79,
    82,
    83,
    85,
    87,
    88,
    90,
    91,
    92,
    93,
    95,
    97,
    98,
    99,
    100,
    101,
    102,
    103,
    105,
    106,
    108,
    110,
    112,
    114,
    115,
    116,
    120,
    121,
    122,
    124,
    125,
    126,
    129,
    130,
    131,
    133,
    134,
    136,
    137,
    138,
    139,
    140,
    142,
    143,
    144,
    145,
    146,
    147,
    148,
    149,
    151,
    152,
    153,
    157,
    159,
    160,
    163,
    164,
    167,
    168,
    169,
    170,
    174,
    176,
    177,
    178,
    179,
    180,
    181,
    182,
    184,
    185,
    186,
    187,
    188,
    191,
    193,
    194,
    196,
    198
  ],
  "correct_rate": 67.0,
  "negative_samples_avg_ppl": 354.21397520786195,
  "positive_samples_avg_ppl": 168.12891962563626
}