{
  "correct_idxs": [
    2,
    4,
    5,
    6,
    8,
    9,
    11,
    12,
    15,
    16,
    19,
    20,
    25,
    26,
    27,
    28,
    30,
    33,
    34,
    35,
    36,
    37,
    39,
    40,
    46,
    48,
    50,
    51,
    52,
    56,
    57,
    60,
    62,
    63,
    64,
    66,
    67,
    69,
    70,
    72,
    73,
    74,
    75,
    76,
    79,
    81,
    83,
    87,
    88,
    90,
    91,
    92,
    93,
    94,
    95,
    97,
    98,
    100,
    102,
    103,
    104,
    105,
    106,
    108,
    110,
    112,
    113,
    114,
    115,
    116,
    117,
    119,
    120,
    125,
    127,
    131,
    133,
    134,
    135,
    139,
    143,
    144,
    147,
    150,
    151,
    156,
    158,
    163,
    164,
    165,
    166,
    167,
    170,
    171,
    172,
    173,
    176,
    177,
    179,
    181,
    182,
    183,
    184,
    185,
    186,
    187,
    188,
    191,
    192,
    195,
    196,
    197
  ],
  "correct_rate": 56.0,
  "negative_samples_avg_ppl": 0.6949145811526801,
  "positive_samples_avg_ppl": 0.6908387036486281
}