{
  "correct_idxs": [
    0,
    1,
    2,
    3,
    7,
    13,
    15,
    18,
    19,
    22,
    24,
    25,
    28,
    29,
    34,
    35,
    37,
    39,
    40,
    41,
    43,
    46,
    49,
    50,
    51,
    52,
    55,
    60,
    61,
    63,
    65,
    67,
    68,
    69,
    70,
    71,
    72,
    74,
    75,
    77,
    79,
    83,
    85,
    86,
    88,
    91,
    92,
    93,
    95,
    96,
    97,
    98,
    99,
    102,
    103,
    104,
    105,
    106,
    109,
    110,
    116,
    120,
    123,
    126,
    128,
    131,
    134,
    135,
    137,
    140,
    142,
    144,
    145,
    147,
    148,
    149,
    152,
    154,
    155,
    157,
    160,
    163,
    164,
    165,
    167,
    170,
    171,
    173,
    175,
    177,
    179,
    181,
    182,
    186,
    188,
    190,
    191,
    196,
    197
  ],
  "correct_rate": 49.5,
  "negative_samples_avg_ppl": 0.0004803413205500078,
  "positive_samples_avg_ppl": 0.000500850874905381
}