{
  "correct_idxs": [
    0,
    1,
    2,
    5,
    6,
    8,
    10,
    13,
    15,
    16,
    18,
    19,
    20,
    21,
    22,
    25,
    27,
    28,
    31,
    36,
    37,
    38,
    39,
    40,
    41,
    44,
    46,
    48,
    50,
    53,
    55,
    57,
    58,
    60,
    61,
    62,
    63,
    64,
    67,
    68,
    70,
    73,
    74,
    75,
    76,
    77,
    78,
    81,
    83,
    84,
    86,
    90,
    92,
    93,
    94,
    96,
    98,
    101,
    103,
    105,
    107,
    108,
    109,
    110,
    112,
    114,
    115,
    117,
    118,
    125,
    128,
    130,
    131,
    133,
    134,
    137,
    138,
    139,
    141,
    142,
    143,
    144,
    148,
    149,
    150,
    152,
    154,
    155,
    156,
    157,
    159,
    163,
    165,
    166,
    167,
    169,
    173,
    175,
    176,
    179,
    182,
    183,
    184,
    185,
    186,
    187,
    190,
    191,
    192,
    193,
    194,
    195,
    196,
    199
  ],
  "correct_rate": 57.0,
  "negative_samples_avg_ppl": 22.330924067372198,
  "positive_samples_avg_ppl": 20.47572131601935
}