{
  "correct_idxs": [
    1,
    3,
    6,
    7,
    9,
    11,
    12,
    13,
    18,
    19,
    21,
    22,
    23,
    24,
    26,
    27,
    29,
    31,
    34,
    35,
    37,
    38,
    40,
    41,
    42,
    43,
    47,
    49,
    50,
    51,
    52,
    55,
    56,
    59,
    60,
    61,
    62,
    64,
    65,
    71,
    72,
    73,
    75,
    80,
    81,
    82,
    85,
    86,
    87,
    91,
    92,
    94,
    97,
    98,
    100,
    101,
    105,
    106,
    109,
    111,
    112,
    113,
    120,
    121,
    122,
    125,
    126,
    128,
    130,
    132,
    134,
    136,
    137,
    140,
    141,
    148,
    149,
    150,
    154,
    155,
    156,
    157,
    159,
    162,
    163,
    165,
    166,
    167,
    168,
    169,
    170,
    171,
    172,
    175,
    176,
    177,
    179,
    180,
    182,
    184,
    185,
    186,
    187,
    188,
    190,
    191,
    193,
    194,
    195,
    198,
    199
  ],
  "correct_rate": 55.5,
  "negative_samples_avg_ppl": 51.37925842375467,
  "positive_samples_avg_ppl": 44.52934558203263
}