{
  "correct_idxs": [
    1,
    3,
    4,
    5,
    6,
    7,
    9,
    10,
    13,
    15,
    17,
    18,
    19,
    22,
    23,
    24,
    26,
    27,
    29,
    31,
    34,
    35,
    36,
    37,
    38,
    39,
    42,
    44,
    45,
    47,
    50,
    51,
    52,
    54,
    57,
    61,
    63,
    64,
    67,
    68,
    69,
    71,
    73,
    79,
    82,
    83,
    84,
    85,
    86,
    87,
    90,
    93,
    94,
    96,
    100,
    101,
    102,
    103,
    104,
    105,
    106,
    107,
    108,
    109,
    110,
    113,
    116,
    120,
    122,
    126,
    129,
    130,
    133,
    134,
    136,
    138,
    139,
    141,
    143,
    144,
    147,
    150,
    151,
    153,
    161,
    162,
    165,
    166,
    168,
    169,
    171,
    172,
    173,
    180,
    182,
    183,
    184,
    187,
    191,
    192,
    193,
    195,
    196,
    197
  ],
  "correct_rate": 52.0,
  "negative_samples_avg_ppl": 25.418553366013054,
  "positive_samples_avg_ppl": 24.620904947810235
}