{
  "correct_idxs": [
    1,
    4,
    8,
    9,
    10,
    11,
    13,
    14,
    15,
    17,
    21,
    23,
    24,
    26,
    27,
    28,
    29,
    30,
    32,
    33,
    34,
    35,
    36,
    37,
    40,
    41,
    42,
    43,
    44,
    45,
    47,
    48,
    50,
    51,
    53,
    56,
    60,
    62,
    64,
    65,
    66,
    67,
    69,
    72,
    74,
    76,
    78,
    80,
    82,
    83,
    85,
    88,
    92,
    95,
    97,
    98,
    99,
    103,
    105,
    106,
    108,
    109,
    110,
    113,
    115,
    117,
    120,
    122,
    125,
    126,
    128,
    130,
    132,
    133,
    134,
    135,
    136,
    138,
    140,
    141,
    143,
    144,
    147,
    149,
    150,
    152,
    153,
    154,
    155,
    156,
    157,
    159,
    161,
    164,
    167,
    168,
    169,
    170,
    171,
    173,
    174,
    175,
    176,
    177,
    179,
    181,
    182,
    183,
    184,
    185,
    187,
    188,
    189,
    190,
    191,
    192,
    193,
    199
  ],
  "correct_rate": 59.0,
  "negative_samples_avg_ppl": 21.820194903646495,
  "positive_samples_avg_ppl": 17.845949635015703
}