{
  "correct_idxs": [
    1,
    3,
    4,
    5,
    6,
    7,
    8,
    9,
    10,
    13,
    15,
    16,
    17,
    18,
    19,
    22,
    24,
    26,
    29,
    31,
    34,
    35,
    36,
    37,
    38,
    39,
    42,
    44,
    45,
    46,
    47,
    50,
    51,
    52,
    54,
    56,
    62,
    63,
    64,
    68,
    69,
    71,
    73,
    79,
    83,
    84,
    85,
    86,
    87,
    90,
    93,
    94,
    96,
    97,
    100,
    101,
    102,
    103,
    104,
    105,
    106,
    108,
    109,
    113,
    115,
    116,
    120,
    123,
    126,
    129,
    130,
    132,
    133,
    134,
    136,
    137,
    138,
    139,
    141,
    143,
    144,
    148,
    150,
    151,
    153,
    162,
    165,
    166,
    169,
    171,
    172,
    176,
    178,
    180,
    182,
    183,
    184,
    187,
    191,
    192,
    193,
    194,
    195,
    196,
    197
  ],
  "correct_rate": 52.5,
  "negative_samples_avg_ppl": 45.22489246857086,
  "positive_samples_avg_ppl": 44.40943844602071
}