{
  "correct_idxs": [
    0,
    1,
    2,
    3,
    4,
    6,
    7,
    9,
    11,
    12,
    14,
    18,
    21,
    23,
    24,
    27,
    28,
    29,
    32,
    33,
    34,
    35,
    36,
    37,
    38,
    40,
    41,
    42,
    43,
    44,
    45,
    47,
    51,
    52,
    55,
    56,
    60,
    61,
    62,
    63,
    64,
    65,
    70,
    71,
    72,
    74,
    79,
    82,
    84,
    85,
    91,
    93,
    95,
    96,
    97,
    98,
    100,
    102,
    103,
    106,
    108,
    109,
    110,
    111,
    112,
    113,
    114,
    115,
    117,
    120,
    121,
    122,
    125,
    126,
    127,
    128,
    132,
    134,
    136,
    138,
    140,
    141,
    142,
    143,
    144,
    145,
    146,
    147,
    148,
    150,
    152,
    153,
    154,
    155,
    156,
    157,
    164,
    165,
    166,
    168,
    170,
    171,
    172,
    173,
    175,
    176,
    177,
    178,
    179,
    181,
    182,
    183,
    184,
    185,
    186,
    188,
    189,
    190,
    191,
    193,
    194,
    195,
    198,
    199
  ],
  "correct_rate": 62.0,
  "negative_samples_avg_ppl": 6.901739464705031,
  "positive_samples_avg_ppl": 5.783503558572543
}