{
  "correct_idxs": [
    0,
    1,
    2,
    3,
    8,
    9,
    13,
    17,
    20,
    21,
    23,
    24,
    27,
    28,
    31,
    37,
    38,
    39,
    42,
    45,
    52,
    53,
    58,
    59,
    61,
    62,
    66,
    69,
    75,
    78,
    82,
    89,
    90,
    94,
    95,
    96,
    98,
    99,
    102,
    104,
    107,
    108,
    111,
    113,
    114,
    119,
    120,
    121,
    122,
    123,
    126,
    128,
    131,
    135,
    136,
    137,
    138,
    141,
    143,
    147,
    148,
    149,
    150,
    154,
    155,
    156,
    159,
    161,
    164,
    165,
    168,
    169,
    172,
    174,
    175,
    176,
    183,
    187,
    189,
    191,
    193,
    194,
    198,
    199
  ],
  "correct_rate": 42.0,
  "negative_samples_avg_ppl": 2.2399662417794715,
  "positive_samples_avg_ppl": 2.2397000981654522
}