{
  "correct_idxs": [
    2,
    3,
    4,
    5,
    7,
    8,
    9,
    10,
    13,
    15,
    17,
    19,
    20,
    21,
    22,
    25,
    26,
    28,
    29,
    30,
    31,
    32,
    35,
    37,
    38,
    39,
    40,
    42,
    43,
    45,
    46,
    47,
    48,
    49,
    50,
    51,
    54,
    55,
    56,
    57,
    59,
    60,
    62,
    64,
    66,
    67,
    69,
    71,
    72,
    73,
    75,
    77,
    79,
    80,
    81,
    82,
    83,
    84,
    88,
    90,
    91,
    92,
    93,
    94,
    95,
    96,
    97,
    98,
    100,
    103,
    104,
    105,
    108,
    109,
    110,
    111,
    112,
    113,
    116,
    118,
    119,
    120,
    124,
    126,
    128,
    131,
    132,
    135,
    136,
    137,
    138,
    139,
    140,
    143,
    144,
    145,
    146,
    150,
    152,
    153,
    157,
    160,
    161,
    162,
    164,
    167,
    169,
    171,
    172,
    173,
    175,
    176,
    177,
    179,
    180,
    181,
    182,
    183,
    184,
    185,
    189,
    192,
    193,
    194,
    195,
    196,
    198,
    199
  ],
  "correct_rate": 64.0,
  "negative_samples_avg_ppl": 0.30261114159912617,
  "positive_samples_avg_ppl": 0.2140198449429279
}