{
  "correct_idxs": [
    0,
    3,
    4,
    5,
    7,
    9,
    10,
    13,
    14,
    15,
    16,
    17,
    19,
    22,
    23,
    24,
    25,
    26,
    28,
    29,
    30,
    31,
    32,
    33,
    34,
    36,
    38,
    40,
    41,
    42,
    43,
    44,
    46,
    47,
    52,
    53,
    54,
    55,
    56,
    57,
    59,
    60,
    61,
    63,
    64,
    65,
    66,
    67,
    68,
    69,
    70,
    71,
    73,
    74,
    76,
    79,
    83,
    84,
    85,
    87,
    88,
    91,
    92,
    93,
    95,
    98,
    99,
    102,
    103,
    104,
    105,
    107,
    108,
    109,
    110,
    113,
    114,
    115,
    118,
    121,
    122,
    124,
    125,
    126,
    129,
    130,
    131,
    134,
    135,
    139,
    140,
    141,
    142,
    143,
    144,
    145,
    146,
    147,
    151,
    152,
    153,
    154,
    155,
    157,
    158,
    159,
    160,
    161,
    163,
    164,
    165,
    166,
    168,
    169,
    170,
    171,
    175,
    177,
    178,
    179,
    180,
    181,
    182,
    183,
    184,
    186,
    187,
    193,
    194,
    195,
    196,
    197,
    198
  ],
  "correct_rate": 66.5,
  "negative_samples_avg_ppl": 0.8851324803917192,
  "positive_samples_avg_ppl": 0.6123918037035753
}