{
  "correct_idxs": [
    0,
    1,
    3,
    4,
    7,
    8,
    9,
    13,
    14,
    17,
    19,
    20,
    21,
    22,
    23,
    27,
    28,
    30,
    32,
    33,
    37,
    41,
    45,
    47,
    50,
    53,
    54,
    55,
    56,
    58,
    59,
    60,
    61,
    63,
    64,
    65,
    67,
    68,
    73,
    75,
    77,
    78,
    84,
    85,
    86,
    87,
    88,
    89,
    90,
    93,
    94,
    97,
    99,
    101,
    102,
    104,
    105,
    107,
    108,
    111,
    113,
    116,
    117,
    118,
    119,
    121,
    122,
    123,
    125,
    128,
    130,
    132,
    134,
    140,
    145,
    147,
    150,
    151,
    152,
    153,
    155,
    156,
    158,
    159,
    162,
    163,
    167,
    168,
    169,
    170,
    172,
    173,
    175,
    176,
    178,
    179,
    181,
    184,
    189,
    190,
    191,
    192,
    193,
    194,
    196
  ],
  "correct_rate": 52.5,
  "negative_samples_avg_ppl": 33.438640814219056,
  "positive_samples_avg_ppl": 33.68678127651848
}