{
  "correct_idxs": [
    1,
    2,
    4,
    5,
    7,
    9,
    17,
    18,
    19,
    22,
    25,
    28,
    31,
    32,
    33,
    34,
    41,
    43,
    44,
    45,
    47,
    51,
    52,
    54,
    56,
    61,
    63,
    64,
    65,
    69,
    70,
    73,
    74,
    75,
    77,
    79,
    80,
    82,
    83,
    84,
    86,
    90,
    93,
    97,
    101,
    103,
    105,
    106,
    107,
    110,
    111,
    112,
    113,
    115,
    117,
    118,
    119,
    122,
    123,
    125,
    132,
    133,
    134,
    141,
    150,
    158,
    159,
    161,
    163,
    164,
    168,
    170,
    173,
    174,
    175,
    176,
    178,
    179,
    180,
    181,
    186,
    190,
    192,
    193,
    194
  ],
  "correct_rate": 42.5,
  "negative_samples_avg_ppl": 32.25405144034103,
  "positive_samples_avg_ppl": 33.78585135516885
}