{
  "correct_idxs": [
    2,
    7,
    8,
    10,
    11,
    12,
    13,
    15,
    18,
    20,
    21,
    23,
    25,
    27,
    28,
    29,
    31,
    33,
    38,
    40,
    41,
    42,
    43,
    44,
    45,
    46,
    49,
    52,
    54,
    56,
    57,
    59,
    60,
    61,
    66,
    70,
    72,
    73,
    74,
    76,
    77,
    78,
    82,
    83,
    84,
    87,
    88,
    89,
    90,
    92,
    94,
    99,
    100,
    103,
    105,
    107,
    108,
    110,
    111,
    113,
    114,
    117,
    120,
    121,
    122,
    123,
    124,
    125,
    126,
    127,
    128,
    131,
    133,
    134,
    135,
    137,
    138,
    139,
    140,
    141,
    142,
    145,
    149,
    150,
    151,
    152,
    155,
    161,
    162,
    166,
    167,
    168,
    169,
    170,
    171,
    173,
    175,
    177,
    178,
    180,
    182,
    183,
    185,
    188,
    189,
    192,
    197,
    198,
    199
  ],
  "correct_rate": 54.5,
  "negative_samples_avg_ppl": 10.105184420913114,
  "positive_samples_avg_ppl": 9.623539529831572
}