{
  "correct_idxs": [
    2,
    4,
    8,
    11,
    13,
    15,
    18,
    21,
    25,
    27,
    28,
    29,
    31,
    34,
    38,
    39,
    40,
    41,
    42,
    43,
    44,
    46,
    49,
    50,
    54,
    56,
    59,
    61,
    65,
    72,
    74,
    76,
    77,
    79,
    80,
    84,
    87,
    88,
    89,
    90,
    94,
    96,
    100,
    101,
    102,
    103,
    107,
    108,
    110,
    113,
    114,
    117,
    122,
    123,
    124,
    125,
    126,
    128,
    129,
    132,
    134,
    135,
    137,
    138,
    140,
    141,
    142,
    147,
    148,
    150,
    151,
    152,
    154,
    160,
    161,
    166,
    167,
    169,
    170,
    171,
    173,
    175,
    177,
    178,
    182,
    183,
    185,
    188,
    192,
    193,
    196,
    197,
    198,
    199
  ],
  "correct_rate": 47.25,
  "negative_samples_avg_ppl": 156.44542001943083,
  "positive_samples_avg_ppl": 155.17126431842573
}