{
  "correct_idxs": [
    3,
    5,
    7,
    10,
    11,
    14,
    15,
    16,
    17,
    19,
    20,
    21,
    23,
    24,
    25,
    26,
    28,
    29,
    30,
    32,
    33,
    35,
    36,
    37,
    39,
    41,
    42,
    45,
    47,
    48,
    49,
    50,
    51,
    57,
    60,
    61,
    62,
    63,
    66,
    67,
    68,
    71,
    73,
    74,
    75,
    81,
    83,
    84,
    90,
    92,
    93,
    95,
    100,
    105,
    106,
    107,
    110,
    111,
    115,
    116,
    120,
    121,
    124,
    125,
    132,
    133,
    136,
    137,
    138,
    140,
    141,
    142,
    145,
    150,
    151,
    152,
    154,
    155,
    162,
    163,
    164,
    165,
    166,
    167,
    169,
    174,
    175,
    176,
    177,
    178,
    180,
    181,
    182,
    183,
    187,
    190,
    197,
    198
  ],
  "correct_rate": 49.25,
  "negative_samples_avg_ppl": 9.440632417762885,
  "positive_samples_avg_ppl": 8.443658389707352
}