{
  "correct_idxs": [
    2,
    7,
    10,
    12,
    14,
    15,
    19,
    22,
    23,
    26,
    27,
    31,
    33,
    34,
    36,
    38,
    40,
    43,
    45,
    46,
    48,
    49,
    51,
    52,
    54,
    61,
    62,
    63,
    64,
    66,
    68,
    69,
    70,
    73,
    75,
    76,
    82,
    85,
    87,
    89,
    90,
    91,
    92,
    94,
    96,
    97,
    98,
    99,
    101,
    104,
    106,
    107,
    109,
    114,
    115,
    116,
    117,
    118,
    119,
    120,
    122,
    123,
    126,
    128,
    132,
    133,
    134,
    135,
    138,
    139,
    140,
    141,
    143,
    146,
    147,
    148,
    149,
    150,
    152,
    153,
    154,
    158,
    160,
    165,
    166,
    167,
    169,
    170,
    171,
    172,
    173,
    174,
    175,
    177,
    178,
    179,
    180,
    181,
    182,
    186,
    194,
    195,
    198,
    199
  ],
  "correct_rate": 52.0,
  "negative_samples_avg_ppl": 0.6600778705569812,
  "positive_samples_avg_ppl": 0.6455730643984132
}