{
  "correct_idxs": [
    0,
    1,
    3,
    5,
    8,
    10,
    13,
    15,
    16,
    18,
    23,
    24,
    25,
    27,
    28,
    30,
    38,
    43,
    44,
    45,
    48,
    49,
    50,
    54,
    55,
    57,
    58,
    59,
    61,
    62,
    64,
    66,
    68,
    71,
    73,
    74,
    75,
    76,
    77,
    78,
    81,
    83,
    84,
    90,
    91,
    93,
    95,
    97,
    99,
    101,
    107,
    108,
    109,
    110,
    111,
    112,
    114,
    115,
    117,
    119,
    120,
    121,
    122,
    123,
    124,
    125,
    127,
    128,
    129,
    130,
    131,
    133,
    134,
    137,
    138,
    139,
    141,
    143,
    144,
    148,
    149,
    150,
    154,
    155,
    156,
    157,
    158,
    159,
    161,
    163,
    165,
    167,
    168,
    169,
    170,
    174,
    175,
    176,
    177,
    179,
    181,
    182,
    183,
    184,
    185,
    186,
    187,
    188,
    191,
    193,
    195,
    196,
    198
  ],
  "correct_rate": 56.5,
  "negative_samples_avg_ppl": 5.962883180636603,
  "positive_samples_avg_ppl": 5.852751546790479
}