{
  "correct_idxs": [
    0,
    1,
    2,
    3,
    5,
    7,
    8,
    13,
    15,
    18,
    20,
    21,
    22,
    23,
    24,
    28,
    32,
    35,
    36,
    37,
    39,
    40,
    41,
    44,
    48,
    49,
    50,
    51,
    53,
    58,
    59,
    60,
    62,
    63,
    67,
    68,
    70,
    72,
    75,
    76,
    77,
    80,
    82,
    85,
    89,
    92,
    93,
    98,
    103,
    105,
    107,
    109,
    110,
    111,
    113,
    115,
    116,
    118,
    119,
    120,
    121,
    122,
    126,
    129,
    130,
    131,
    133,
    134,
    135,
    136,
    137,
    139,
    140,
    141,
    142,
    147,
    151,
    152,
    154,
    155,
    157,
    159,
    160,
    161,
    162,
    163,
    165,
    167,
    169,
    171,
    172,
    174,
    177,
    178,
    179,
    180,
    181,
    182,
    186,
    188,
    190,
    191,
    194,
    196,
    197
  ],
  "correct_rate": 52.5,
  "negative_samples_avg_ppl": 0.22871248615952658,
  "positive_samples_avg_ppl": 0.20933857504150752
}