{
  "correct_idxs": [
    0,
    1,
    3,
    4,
    6,
    7,
    8,
    9,
    10,
    11,
    14,
    15,
    16,
    17,
    18,
    19,
    22,
    27,
    28,
    32,
    33,
    36,
    39,
    42,
    43,
    45,
    47,
    48,
    49,
    51,
    55,
    56,
    57,
    58,
    59,
    62,
    64,
    67,
    68,
    69,
    70,
    71,
    72,
    73,
    74,
    75,
    76,
    77,
    82,
    84,
    90,
    91,
    93,
    95,
    96,
    97,
    99,
    100,
    103,
    104,
    106,
    107,
    108,
    111,
    112,
    116,
    117,
    119,
    120,
    124,
    126,
    127,
    128,
    130,
    131,
    133,
    135,
    136,
    138,
    140,
    143,
    145,
    146,
    148,
    149,
    150,
    154,
    156,
    158,
    159,
    160,
    161,
    164,
    167,
    168,
    169,
    173,
    175,
    177,
    179,
    180,
    181,
    182,
    183,
    184,
    185,
    187,
    192,
    193,
    194,
    195,
    196,
    198,
    199
  ],
  "correct_rate": 57.0,
  "negative_samples_avg_ppl": 0.7785425708052253,
  "positive_samples_avg_ppl": 0.7507159942001348
}