{
  "correct_idxs": [
    2,
    3,
    4,
    5,
    8,
    11,
    13,
    15,
    16,
    21,
    23,
    26,
    28,
    30,
    34,
    35,
    36,
    39,
    40,
    46,
    48,
    54,
    60,
    62,
    63,
    64,
    67,
    69,
    71,
    72,
    73,
    74,
    77,
    79,
    85,
    86,
    87,
    88,
    89,
    91,
    94,
    95,
    97,
    100,
    104,
    105,
    106,
    107,
    108,
    109,
    110,
    112,
    113,
    115,
    116,
    117,
    119,
    120,
    121,
    123,
    124,
    125,
    127,
    129,
    134,
    135,
    136,
    137,
    138,
    139,
    140,
    143,
    147,
    148,
    150,
    151,
    152,
    155,
    157,
    161,
    163,
    164,
    165,
    166,
    167,
    170,
    172,
    173,
    176,
    177,
    178,
    179,
    180,
    183,
    184,
    185,
    187,
    191,
    196,
    197,
    199
  ],
  "correct_rate": 50.5,
  "negative_samples_avg_ppl": 1.0596077470060001,
  "positive_samples_avg_ppl": 0.9437454594170095
}