{
  "correct_idxs": [
    0,
    4,
    5,
    9,
    11,
    13,
    14,
    15,
    16,
    17,
    19,
    20,
    22,
    23,
    26,
    33,
    38,
    39,
    42,
    45,
    49,
    51,
    52,
    54,
    55,
    57,
    58,
    60,
    62,
    64,
    65,
    69,
    72,
    73,
    77,
    79,
    80,
    83,
    84,
    86,
    87,
    88,
    89,
    91,
    95,
    96,
    97,
    98,
    100,
    104,
    105,
    108,
    109,
    110,
    119,
    120,
    121,
    122,
    125,
    127,
    130,
    133,
    136,
    138,
    139,
    141,
    142,
    147,
    151,
    152,
    153,
    154,
    156,
    160,
    163,
    164,
    165,
    166,
    168,
    173,
    176,
    180,
    181,
    183,
    184,
    185,
    186,
    189,
    192,
    195,
    196
  ],
  "correct_rate": 45.5,
  "negative_samples_avg_ppl": 0.9546584148773488,
  "positive_samples_avg_ppl": 1.0474950876837728
}