{
  "correct_idxs": [
    0,
    1,
    4,
    5,
    6,
    7,
    8,
    10,
    11,
    12,
    15,
    16,
    18,
    20,
    23,
    25,
    26,
    30,
    31,
    32,
    34,
    36,
    38,
    44,
    45,
    46,
    48,
    49,
    50,
    51,
    55,
    57,
    58,
    60,
    63,
    65,
    66,
    69,
    72,
    73,
    75,
    76,
    77,
    78,
    79,
    80,
    81,
    83,
    85,
    88,
    90,
    92,
    94,
    95,
    96,
    100,
    101,
    102,
    103,
    104,
    107,
    111,
    113,
    114,
    115,
    116,
    118,
    119,
    120,
    122,
    123,
    125,
    126,
    127,
    128,
    130,
    131,
    133,
    134,
    135,
    139,
    141,
    143,
    145,
    146,
    147,
    149,
    150,
    151,
    152,
    153,
    154,
    155,
    156,
    157,
    159,
    160,
    162,
    164,
    169,
    171,
    172,
    177,
    179,
    181,
    182,
    184,
    188,
    189,
    191,
    192,
    194,
    196,
    197,
    198
  ],
  "correct_rate": 57.5,
  "negative_samples_avg_ppl": 10.035358169251559,
  "positive_samples_avg_ppl": 9.52964669710181
}