{
  "correct_idxs": [
    0,
    1,
    2,
    3,
    4,
    5,
    6,
    8,
    9,
    10,
    12,
    13,
    14,
    17,
    18,
    19,
    21,
    22,
    24,
    26,
    28,
    29,
    32,
    33,
    35,
    37,
    38,
    41,
    43,
    44,
    45,
    46,
    47,
    49,
    50,
    51,
    52,
    53,
    54,
    55,
    57,
    58,
    59,
    60,
    62,
    64,
    65,
    67,
    68,
    69,
    70,
    71,
    72,
    73,
    74,
    75,
    76,
    77,
    78,
    79,
    81,
    82,
    83,
    84,
    85,
    91,
    92,
    94,
    95,
    97,
    98,
    100,
    101,
    102,
    104,
    108,
    109,
    110,
    111,
    112,
    113,
    115,
    116,
    118,
    119,
    120,
    121,
    122,
    123,
    126,
    127,
    130,
    131,
    132,
    133,
    134,
    136,
    138,
    140,
    141,
    142,
    143,
    144,
    145,
    146,
    147,
    148,
    149,
    150,
    153,
    154,
    156,
    157,
    160,
    161,
    162,
    163,
    164,
    166,
    167,
    168,
    169,
    173,
    174,
    175,
    177,
    179,
    180,
    182,
    183,
    184,
    185,
    188,
    189,
    190,
    191,
    192,
    193,
    195,
    197,
    198,
    199
  ],
  "correct_rate": 71.0,
  "negative_samples_avg_ppl": 0.824577123787912,
  "positive_samples_avg_ppl": 0.6746067646714581
}