{
  "correct_idxs": [
    0,
    2,
    5,
    7,
    9,
    10,
    11,
    12,
    14,
    15,
    18,
    20,
    23,
    24,
    25,
    29,
    32,
    34,
    35,
    36,
    37,
    38,
    39,
    40,
    45,
    46,
    47,
    49,
    50,
    52,
    53,
    55,
    56,
    58,
    60,
    61,
    63,
    64,
    67,
    69,
    71,
    72,
    73,
    75,
    76,
    78,
    79,
    80,
    81,
    82,
    83,
    84,
    85,
    87,
    88,
    91,
    92,
    93,
    94,
    95,
    97,
    98,
    103,
    104,
    105,
    107,
    108,
    110,
    111,
    112,
    113,
    114,
    116,
    118,
    119,
    120,
    122,
    123,
    124,
    125,
    126,
    127,
    128,
    130,
    131,
    132,
    133,
    134,
    135,
    136,
    139,
    141,
    142,
    143,
    146,
    147,
    149,
    152,
    153,
    154,
    156,
    159,
    160,
    161,
    164,
    167,
    169,
    173,
    175,
    177,
    182,
    183,
    184,
    187,
    189,
    192,
    193,
    195,
    196,
    197
  ],
  "correct_rate": 60.0,
  "negative_samples_avg_ppl": 390.8558504783813,
  "positive_samples_avg_ppl": 273.20043567499965
}