{
  "correct_idxs": [
    2,
    5,
    7,
    9,
    10,
    11,
    14,
    15,
    18,
    19,
    20,
    22,
    23,
    24,
    25,
    32,
    34,
    35,
    36,
    37,
    38,
    39,
    40,
    46,
    47,
    49,
    53,
    55,
    56,
    58,
    59,
    60,
    61,
    64,
    72,
    76,
    77,
    78,
    79,
    80,
    81,
    82,
    83,
    84,
    85,
    87,
    88,
    90,
    91,
    92,
    93,
    94,
    95,
    97,
    98,
    99,
    101,
    103,
    104,
    105,
    107,
    108,
    110,
    116,
    119,
    120,
    122,
    123,
    124,
    125,
    126,
    127,
    130,
    131,
    132,
    133,
    134,
    135,
    136,
    139,
    141,
    142,
    143,
    149,
    152,
    153,
    154,
    155,
    156,
    159,
    160,
    161,
    164,
    167,
    169,
    170,
    173,
    175,
    177,
    182,
    187,
    189,
    192,
    193,
    194,
    195,
    196,
    197,
    198,
    199
  ],
  "correct_rate": 55.0,
  "negative_samples_avg_ppl": 364.062810817326,
  "positive_samples_avg_ppl": 273.20043567499965
}