{
  "correct_idxs": [
    0,
    1,
    5,
    9,
    11,
    13,
    14,
    16,
    20,
    21,
    22,
    25,
    27,
    28,
    31,
    32,
    36,
    37,
    39,
    41,
    42,
    43,
    44,
    46,
    47,
    48,
    49,
    54,
    55,
    56,
    57,
    58,
    59,
    63,
    66,
    69,
    70,
    71,
    72,
    73,
    76,
    78,
    79,
    81,
    82,
    85,
    89,
    90,
    92,
    95,
    98,
    99,
    100,
    106,
    108,
    110,
    111,
    112,
    113,
    116,
    117,
    121,
    123,
    124,
    125,
    126,
    128,
    130,
    132,
    133,
    134,
    136,
    138,
    139,
    140,
    141,
    142,
    144,
    145,
    146,
    147,
    149,
    150,
    152,
    154,
    156,
    157,
    159,
    160,
    161,
    163,
    165,
    168,
    169,
    170,
    171,
    172,
    174,
    175,
    177,
    178,
    184,
    187,
    190,
    192,
    196,
    198
  ],
  "correct_rate": 53.75,
  "negative_samples_avg_ppl": 5.857887280439,
  "positive_samples_avg_ppl": 5.357343450891633
}