{
  "correct_idxs": [
    0,
    1,
    2,
    3,
    4,
    6,
    7,
    9,
    10,
    11,
    12,
    18,
    21,
    24,
    27,
    29,
    32,
    34,
    35,
    36,
    37,
    38,
    40,
    41,
    42,
    43,
    44,
    48,
    49,
    51,
    52,
    55,
    56,
    60,
    61,
    62,
    63,
    65,
    71,
    72,
    74,
    79,
    82,
    84,
    85,
    91,
    96,
    97,
    98,
    100,
    102,
    103,
    104,
    106,
    108,
    109,
    110,
    111,
    112,
    113,
    115,
    117,
    120,
    121,
    122,
    126,
    127,
    128,
    130,
    131,
    132,
    133,
    134,
    136,
    140,
    141,
    142,
    143,
    145,
    146,
    148,
    149,
    150,
    152,
    153,
    154,
    155,
    156,
    157,
    162,
    164,
    165,
    166,
    168,
    169,
    170,
    171,
    172,
    173,
    175,
    176,
    177,
    179,
    181,
    182,
    183,
    184,
    185,
    186,
    189,
    190,
    191,
    193,
    194,
    195,
    199
  ],
  "correct_rate": 58.0,
  "negative_samples_avg_ppl": 7.493984192000776,
  "positive_samples_avg_ppl": 6.482853227669637
}