{
  "correct_idxs": [
    0,
    3,
    4,
    5,
    7,
    8,
    9,
    11,
    13,
    15,
    17,
    18,
    19,
    20,
    21,
    22,
    24,
    25,
    29,
    30,
    32,
    33,
    34,
    35,
    36,
    39,
    41,
    42,
    43,
    45,
    47,
    48,
    49,
    50,
    52,
    53,
    54,
    56,
    58,
    60,
    67,
    68,
    69,
    70,
    72,
    73,
    74,
    76,
    77,
    82,
    83,
    85,
    87,
    89,
    90,
    91,
    92,
    94,
    95,
    97,
    98,
    99,
    100,
    101,
    105,
    106,
    107,
    108,
    110,
    111,
    113,
    114,
    115,
    118,
    123,
    124,
    125,
    129,
    130,
    138,
    140,
    143,
    147,
    148,
    149,
    150,
    153,
    155,
    156,
    157,
    160,
    163,
    165,
    166,
    168,
    169,
    170,
    171,
    172,
    174,
    177,
    179,
    180,
    181,
    182,
    183,
    184,
    185,
    186,
    187,
    188,
    190,
    193,
    194,
    197,
    199
  ],
  "correct_rate": 58.0,
  "negative_samples_avg_ppl": 0.7949661399485997,
  "positive_samples_avg_ppl": 0.7431698466977714
}