{
  "correct_idxs": [
    0,
    1,
    4,
    7,
    11,
    12,
    13,
    14,
    15,
    16,
    20,
    22,
    23,
    24,
    26,
    27,
    29,
    30,
    31,
    32,
    33,
    34,
    36,
    38,
    40,
    41,
    42,
    43,
    46,
    47,
    48,
    54,
    56,
    60,
    62,
    67,
    70,
    71,
    76,
    78,
    80,
    84,
    85,
    86,
    89,
    91,
    92,
    93,
    94,
    95,
    96,
    97,
    98,
    102,
    108,
    109,
    110,
    111,
    112,
    114,
    115,
    117,
    118,
    119,
    120,
    121,
    122,
    123,
    128,
    129,
    131,
    132,
    135,
    136,
    139,
    141,
    142,
    144,
    145,
    146,
    148,
    149,
    150,
    153,
    156,
    157,
    160,
    161,
    162,
    163,
    164,
    165,
    168,
    170,
    174,
    175,
    179,
    181,
    183,
    184,
    186,
    188,
    189,
    190,
    192,
    193,
    198,
    199
  ],
  "correct_rate": 54.25,
  "negative_samples_avg_ppl": 11.31163058167742,
  "positive_samples_avg_ppl": 5.778933677559474
}