{
  "correct_idxs": [
    0,
    1,
    2,
    5,
    6,
    7,
    8,
    9,
    10,
    11,
    12,
    15,
    16,
    18,
    20,
    21,
    22,
    23,
    24,
    25,
    26,
    31,
    32,
    34,
    36,
    37,
    38,
    42,
    44,
    45,
    48,
    49,
    51,
    52,
    53,
    55,
    58,
    60,
    61,
    64,
    66,
    69,
    71,
    72,
    75,
    76,
    77,
    79,
    80,
    81,
    83,
    84,
    85,
    88,
    90,
    92,
    95,
    96,
    98,
    100,
    101,
    102,
    103,
    104,
    108,
    111,
    114,
    115,
    116,
    118,
    119,
    120,
    121,
    122,
    123,
    125,
    127,
    128,
    130,
    133,
    134,
    135,
    141,
    143,
    145,
    149,
    150,
    151,
    153,
    154,
    155,
    156,
    157,
    158,
    160,
    161,
    162,
    163,
    164,
    171,
    177,
    180,
    181,
    184,
    188,
    189,
    192,
    194,
    195,
    197
  ],
  "correct_rate": 55.0,
  "negative_samples_avg_ppl": 26.22991463511306,
  "positive_samples_avg_ppl": 23.63352655862135
}