{
  "correct_idxs": [
    0,
    1,
    4,
    5,
    6,
    7,
    10,
    11,
    12,
    13,
    14,
    15,
    19,
    20,
    23,
    29,
    31,
    32,
    34,
    35,
    36,
    37,
    38,
    39,
    44,
    49,
    51,
    53,
    54,
    55,
    57,
    58,
    59,
    60,
    62,
    64,
    65,
    67,
    68,
    72,
    73,
    77,
    78,
    79,
    80,
    82,
    85,
    88,
    93,
    95,
    97,
    98,
    100,
    101,
    102,
    104,
    106,
    108,
    109,
    111,
    113,
    118,
    120,
    121,
    126,
    128,
    130,
    132,
    138,
    140,
    141,
    143,
    145,
    146,
    147,
    149,
    152,
    153,
    154,
    155,
    157,
    159,
    160,
    162,
    163,
    165,
    167,
    168,
    169,
    170,
    171,
    176,
    178,
    179,
    180,
    182,
    185,
    187,
    188,
    189,
    192,
    193,
    195,
    196,
    198,
    199
  ],
  "correct_rate": 53.0,
  "negative_samples_avg_ppl": 5.280907129200455,
  "positive_samples_avg_ppl": 5.238372245419295
}