{
  "correct_idxs": [
    0,
    2,
    5,
    7,
    11,
    12,
    14,
    15,
    18,
    20,
    22,
    23,
    25,
    28,
    30,
    32,
    34,
    35,
    36,
    37,
    38,
    39,
    40,
    45,
    46,
    47,
    49,
    55,
    56,
    57,
    59,
    60,
    64,
    66,
    67,
    71,
    72,
    73,
    76,
    77,
    78,
    79,
    80,
    81,
    83,
    84,
    85,
    88,
    90,
    91,
    92,
    94,
    95,
    96,
    98,
    103,
    104,
    108,
    110,
    113,
    116,
    118,
    119,
    120,
    122,
    123,
    125,
    126,
    127,
    128,
    130,
    131,
    133,
    135,
    136,
    141,
    142,
    143,
    144,
    146,
    147,
    149,
    150,
    152,
    154,
    156,
    159,
    160,
    161,
    164,
    166,
    167,
    168,
    169,
    172,
    173,
    175,
    180,
    182,
    184,
    185,
    187,
    189,
    192,
    194,
    196,
    197,
    199
  ],
  "correct_rate": 54.0,
  "negative_samples_avg_ppl": 8.836551369743546,
  "positive_samples_avg_ppl": 8.191937168138136
}