{
  "correct_idxs": [
    5,
    6,
    7,
    10,
    13,
    14,
    20,
    21,
    25,
    27,
    35,
    37,
    38,
    39,
    41,
    43,
    44,
    54,
    65,
    70,
    75,
    79,
    82,
    83,
    95,
    96,
    98,
    99,
    101,
    103,
    105,
    108,
    109,
    112,
    113,
    114,
    116,
    118,
    119,
    121,
    124,
    129,
    130,
    131,
    135,
    136,
    137,
    138,
    141,
    147,
    155,
    156,
    162,
    163,
    169,
    173,
    175,
    179,
    184,
    185,
    186,
    190,
    192,
    197
  ],
  "correct_rate": 32.0,
  "negative_samples_avg_ppl": 325.7541077579506,
  "positive_samples_avg_ppl": 330.18451110598454
}