{
  "correct_idxs": [
    2,
    3,
    6,
    10,
    15,
    16,
    19,
    20,
    21,
    22,
    25,
    26,
    27,
    31,
    33,
    34,
    35,
    36,
    37,
    38,
    40,
    41,
    43,
    44,
    50,
    52,
    54,
    56,
    58,
    59,
    61,
    62,
    64,
    70,
    71,
    73,
    74,
    75,
    79,
    82,
    83,
    85,
    93,
    94,
    95,
    96,
    97,
    99,
    100,
    103,
    104,
    106,
    108,
    112,
    115,
    116,
    118,
    119,
    124,
    126,
    130,
    135,
    136,
    137,
    138,
    139,
    141,
    143,
    147,
    149,
    151,
    152,
    155,
    156,
    158,
    163,
    166,
    167,
    169,
    171,
    172,
    174,
    175,
    177,
    178,
    179,
    185,
    186,
    189,
    195,
    197
  ],
  "correct_rate": 45.5,
  "negative_samples_avg_ppl": 7.941092324166196,
  "positive_samples_avg_ppl": 8.113269238253034
}