{
  "correct_idxs": [
    4,
    6,
    9,
    10,
    11,
    12,
    14,
    16,
    17,
    18,
    20,
    24,
    26,
    27,
    28,
    29,
    30,
    31,
    34,
    35,
    36,
    38,
    39,
    40,
    43,
    45,
    46,
    51,
    56,
    57,
    58,
    60,
    61,
    62,
    63,
    64,
    67,
    69,
    74,
    75,
    76,
    77,
    78,
    82,
    84,
    85,
    90,
    93,
    95,
    97,
    100,
    102,
    106,
    109,
    111,
    114,
    115,
    117,
    119,
    120,
    121,
    122,
    123,
    125,
    127,
    128,
    131,
    134,
    135,
    138,
    140,
    141,
    144,
    145,
    146,
    148,
    150,
    151,
    152,
    153,
    156,
    157,
    160,
    162,
    164,
    165,
    168,
    169,
    170,
    171,
    174,
    177,
    179,
    180,
    181,
    183,
    184,
    193,
    194,
    195,
    196,
    197,
    199
  ],
  "correct_rate": 51.5,
  "negative_samples_avg_ppl": 0.5462806874364914,
  "positive_samples_avg_ppl": 0.41167799995225934
}