{
  "correct_idxs": [
    0,
    3,
    4,
    5,
    6,
    7,
    8,
    9,
    11,
    12,
    13,
    14,
    15,
    16,
    18,
    19,
    20,
    21,
    23,
    24,
    25,
    27,
    28,
    29,
    30,
    31,
    32,
    33,
    34,
    35,
    36,
    39,
    40,
    41,
    42,
    43,
    44,
    47,
    49,
    50,
    51,
    52,
    54,
    55,
    56,
    57,
    59,
    60,
    63,
    65,
    67,
    68,
    69,
    70,
    72,
    73,
    74,
    75,
    76,
    77,
    78,
    79,
    80,
    84,
    85,
    90,
    91,
    92,
    93,
    94,
    95,
    96,
    98,
    99,
    100,
    102,
    103,
    104,
    105,
    108,
    109,
    110,
    111,
    112,
    113,
    114,
    115,
    116,
    118,
    119,
    120,
    123,
    124,
    125,
    126,
    127,
    128,
    129,
    130,
    134,
    136,
    137,
    138,
    139,
    144,
    145,
    146,
    148,
    149,
    150,
    153,
    155,
    156,
    159,
    160,
    161,
    162,
    163,
    164,
    165,
    166,
    167,
    168,
    169,
    170,
    171,
    172,
    173,
    174,
    175,
    176,
    177,
    179,
    181,
    182,
    183,
    185,
    186,
    188,
    189,
    190,
    192,
    194,
    195,
    196,
    198,
    199
  ],
  "correct_rate": 73.5,
  "negative_samples_avg_ppl": 156.1979473129313,
  "positive_samples_avg_ppl": 72.42788251953473
}