{
  "correct_idxs": [
    0,
    3,
    4,
    5,
    6,
    7,
    8,
    9,
    11,
    12,
    13,
    15,
    16,
    18,
    20,
    21,
    22,
    23,
    26,
    28,
    29,
    31,
    32,
    33,
    34,
    35,
    36,
    40,
    42,
    43,
    44,
    45,
    47,
    49,
    50,
    51,
    52,
    54,
    55,
    56,
    57,
    58,
    63,
    65,
    66,
    67,
    68,
    69,
    70,
    71,
    72,
    74,
    75,
    76,
    78,
    79,
    80,
    81,
    83,
    84,
    85,
    87,
    88,
    91,
    92,
    93,
    94,
    98,
    99,
    100,
    102,
    103,
    104,
    105,
    106,
    107,
    108,
    109,
    110,
    111,
    112,
    114,
    115,
    116,
    118,
    119,
    120,
    121,
    123,
    124,
    125,
    126,
    128,
    129,
    130,
    132,
    134,
    136,
    144,
    146,
    148,
    151,
    153,
    155,
    156,
    159,
    160,
    161,
    162,
    163,
    165,
    166,
    167,
    168,
    169,
    170,
    171,
    172,
    173,
    174,
    175,
    176,
    177,
    180,
    181,
    183,
    185,
    186,
    187,
    188,
    189,
    190,
    192,
    194,
    195,
    197,
    198,
    199
  ],
  "correct_rate": 69.0,
  "negative_samples_avg_ppl": 0.7751324866562432,
  "positive_samples_avg_ppl": 0.38357293694286443
}