{
  "correct_idxs": [
    1,
    4,
    8,
    9,
    10,
    11,
    17,
    19,
    21,
    22,
    23,
    24,
    27,
    28,
    29,
    30,
    31,
    32,
    33,
    34,
    35,
    36,
    40,
    41,
    42,
    43,
    44,
    45,
    50,
    51,
    52,
    56,
    60,
    62,
    64,
    65,
    67,
    71,
    72,
    74,
    75,
    77,
    78,
    80,
    82,
    85,
    88,
    90,
    92,
    93,
    95,
    96,
    97,
    98,
    99,
    103,
    104,
    106,
    108,
    109,
    110,
    111,
    112,
    113,
    115,
    117,
    118,
    122,
    123,
    125,
    126,
    130,
    132,
    133,
    134,
    135,
    136,
    138,
    139,
    140,
    141,
    143,
    144,
    149,
    150,
    152,
    153,
    154,
    155,
    156,
    157,
    159,
    161,
    163,
    164,
    167,
    168,
    169,
    170,
    171,
    173,
    174,
    175,
    176,
    177,
    179,
    181,
    182,
    183,
    185,
    187,
    188,
    189,
    191,
    193,
    196,
    199
  ],
  "correct_rate": 58.75,
  "negative_samples_avg_ppl": 120.58812455892028,
  "positive_samples_avg_ppl": 88.11383773243939
}