{
  "correct_idxs": [
    0,
    2,
    4,
    5,
    6,
    9,
    12,
    13,
    14,
    15,
    16,
    17,
    18,
    19,
    20,
    21,
    23,
    25,
    26,
    27,
    28,
    30,
    31,
    33,
    34,
    35,
    37,
    38,
    40,
    41,
    42,
    43,
    44,
    45,
    46,
    47,
    48,
    50,
    51,
    52,
    55,
    56,
    57,
    58,
    59,
    61,
    64,
    65,
    67,
    69,
    72,
    73,
    74,
    75,
    76,
    77,
    79,
    81,
    83,
    86,
    88,
    89,
    90,
    92,
    93,
    94,
    97,
    98,
    99,
    100,
    101,
    102,
    103,
    104,
    105,
    107,
    109,
    112,
    113,
    114,
    115,
    116,
    117,
    119,
    120,
    122,
    123,
    124,
    125,
    126,
    128,
    133,
    134,
    137,
    138,
    139,
    140,
    141,
    143,
    144,
    145,
    147,
    152,
    153,
    154,
    155,
    160,
    162,
    166,
    168,
    171,
    172,
    175,
    176,
    177,
    179,
    180,
    181,
    182,
    187,
    188,
    189,
    191,
    192,
    193,
    194,
    195,
    197,
    199
  ],
  "correct_rate": 64.5,
  "negative_samples_avg_ppl": 0.8642152383381544,
  "positive_samples_avg_ppl": 0.7569049607682747
}