{
  "correct_idxs": [
    0,
    3,
    4,
    5,
    6,
    7,
    10,
    12,
    14,
    15,
    20,
    21,
    22,
    23,
    28,
    29,
    31,
    34,
    35,
    36,
    37,
    38,
    39,
    40,
    42,
    44,
    46,
    48,
    49,
    51,
    54,
    56,
    57,
    60,
    62,
    63,
    64,
    67,
    69,
    70,
    72,
    73,
    74,
    75,
    77,
    78,
    79,
    81,
    82,
    83,
    86,
    88,
    90,
    93,
    94,
    100,
    101,
    102,
    104,
    106,
    110,
    112,
    114,
    116,
    118,
    119,
    120,
    121,
    127,
    129,
    131,
    132,
    133,
    134,
    142,
    143,
    146,
    147,
    149,
    152,
    154,
    155,
    156,
    157,
    158,
    159,
    160,
    162,
    165,
    167,
    168,
    170,
    172,
    174,
    175,
    178,
    182,
    188,
    189,
    191,
    193,
    196,
    197,
    198,
    199
  ],
  "correct_rate": 52.5,
  "negative_samples_avg_ppl": 1.018793717793219,
  "positive_samples_avg_ppl": 1.018772433767825
}