{
  "correct_idxs": [
    0,
    1,
    2,
    4,
    5,
    6,
    8,
    11,
    13,
    15,
    18,
    26,
    27,
    30,
    35,
    36,
    39,
    45,
    46,
    48,
    53,
    55,
    56,
    57,
    59,
    60,
    62,
    63,
    64,
    65,
    66,
    67,
    69,
    71,
    72,
    73,
    75,
    76,
    78,
    79,
    80,
    81,
    83,
    85,
    86,
    87,
    89,
    91,
    93,
    94,
    97,
    98,
    100,
    101,
    102,
    104,
    106,
    109,
    110,
    111,
    113,
    115,
    116,
    117,
    119,
    121,
    125,
    127,
    128,
    130,
    132,
    134,
    135,
    136,
    138,
    139,
    140,
    141,
    142,
    143,
    144,
    145,
    147,
    150,
    151,
    155,
    157,
    158,
    161,
    164,
    167,
    169,
    170,
    172,
    173,
    174,
    177,
    179,
    180,
    181,
    183,
    184,
    185,
    186,
    187,
    188,
    192,
    196,
    197
  ],
  "correct_rate": 54.5,
  "negative_samples_avg_ppl": 35.827914797352506,
  "positive_samples_avg_ppl": 32.425855409057164
}