{
  "correct_idxs": [
    1,
    4,
    6,
    9,
    10,
    11,
    12,
    13,
    17,
    21,
    23,
    24,
    25,
    26,
    27,
    28,
    29,
    30,
    31,
    32,
    33,
    34,
    35,
    36,
    37,
    38,
    39,
    40,
    41,
    42,
    43,
    44,
    45,
    47,
    48,
    50,
    55,
    56,
    60,
    62,
    63,
    65,
    66,
    69,
    72,
    74,
    76,
    78,
    79,
    80,
    81,
    82,
    84,
    85,
    87,
    88,
    93,
    96,
    97,
    98,
    99,
    103,
    105,
    106,
    108,
    109,
    110,
    111,
    112,
    113,
    114,
    115,
    118,
    120,
    122,
    125,
    126,
    128,
    130,
    131,
    132,
    133,
    134,
    136,
    137,
    138,
    140,
    141,
    143,
    144,
    147,
    148,
    150,
    152,
    153,
    154,
    155,
    156,
    157,
    161,
    164,
    167,
    168,
    169,
    170,
    171,
    172,
    175,
    176,
    177,
    179,
    181,
    182,
    183,
    185,
    186,
    189,
    190,
    191,
    193,
    199
  ],
  "correct_rate": 60.5,
  "negative_samples_avg_ppl": 9.396845879999615,
  "positive_samples_avg_ppl": 8.07385764932404
}