{
  "correct_idxs": [
    3,
    7,
    8,
    12,
    16,
    18,
    19,
    20,
    21,
    23,
    25,
    26,
    27,
    29,
    30,
    31,
    32,
    34,
    37,
    38,
    40,
    44,
    45,
    47,
    48,
    49,
    50,
    51,
    52,
    53,
    54,
    55,
    56,
    57,
    58,
    60,
    61,
    62,
    63,
    64,
    66,
    67,
    68,
    69,
    71,
    72,
    74,
    75,
    77,
    79,
    80,
    81,
    84,
    85,
    86,
    87,
    89,
    90,
    92,
    93,
    94,
    96,
    98,
    99,
    100,
    102,
    103,
    104,
    105,
    106,
    107,
    108,
    109,
    110,
    111,
    113,
    114,
    115,
    116,
    117,
    118,
    119,
    120,
    126,
    129,
    130,
    132,
    133,
    135,
    137,
    138,
    139,
    141,
    142,
    143,
    144,
    145,
    146,
    147,
    150,
    151,
    152,
    154,
    156,
    157,
    160,
    161,
    164,
    166,
    167,
    168,
    170,
    171,
    172,
    177,
    178,
    181,
    182,
    183,
    184,
    185,
    186,
    188,
    189,
    190,
    191,
    193,
    194,
    195,
    196,
    197
  ],
  "correct_rate": 65.5,
  "negative_samples_avg_ppl": 44.287209275387426,
  "positive_samples_avg_ppl": 27.36577842259478
}