{
  "correct_idxs": [
    1,
    3,
    5,
    6,
    8,
    9,
    13,
    17,
    18,
    19,
    22,
    24,
    25,
    26,
    27,
    30,
    31,
    34,
    37,
    40,
    41,
    42,
    43,
    47,
    50,
    52,
    53,
    55,
    56,
    58,
    60,
    61,
    62,
    68,
    71,
    74,
    76,
    78,
    79,
    81,
    83,
    84,
    87,
    88,
    90,
    91,
    92,
    96,
    97,
    98,
    100,
    105,
    106,
    108,
    109,
    110,
    111,
    112,
    116,
    117,
    120,
    121,
    123,
    124,
    125,
    128,
    129,
    134,
    137,
    139,
    141,
    142,
    144,
    146,
    148,
    149,
    150,
    152,
    154,
    155,
    156,
    160,
    162,
    164,
    170,
    171,
    175,
    176,
    177,
    178,
    182,
    184,
    185,
    187,
    188,
    189,
    192,
    193,
    195,
    196,
    198
  ],
  "correct_rate": 50.5,
  "negative_samples_avg_ppl": 0.09358128555080604,
  "positive_samples_avg_ppl": 0.09326335225531775
}