{
  "correct_idxs": [
    0,
    1,
    3,
    4,
    6,
    7,
    9,
    10,
    12,
    13,
    14,
    15,
    16,
    18,
    19,
    21,
    24,
    30,
    32,
    33,
    35,
    36,
    39,
    40,
    43,
    44,
    45,
    46,
    47,
    50,
    54,
    55,
    56,
    59,
    60,
    61,
    62,
    64,
    66,
    69,
    70,
    72,
    73,
    77,
    79,
    83,
    84,
    87,
    94,
    98,
    100,
    103,
    111,
    114,
    118,
    119,
    121,
    122,
    124,
    125,
    126,
    127,
    128,
    131,
    133,
    134,
    135,
    140,
    143,
    144,
    145,
    146,
    150,
    151,
    152,
    155,
    156,
    157,
    158,
    160,
    162,
    163,
    168,
    170,
    171,
    173,
    174,
    175,
    177,
    179,
    183,
    186,
    188,
    189,
    191,
    192,
    194,
    196
  ],
  "correct_rate": 49.0,
  "negative_samples_avg_ppl": 0.872271391241388,
  "positive_samples_avg_ppl": 0.8623725265521912
}