{
  "correct_idxs": [
    1,
    2,
    3,
    4,
    5,
    6,
    8,
    9,
    10,
    11,
    13,
    15,
    18,
    19,
    20,
    21,
    23,
    27,
    29,
    34,
    35,
    39,
    40,
    41,
    46,
    47,
    48,
    49,
    51,
    55,
    56,
    58,
    60,
    61,
    62,
    63,
    64,
    66,
    67,
    69,
    71,
    72,
    75,
    77,
    79,
    83,
    84,
    85,
    86,
    87,
    88,
    92,
    95,
    96,
    97,
    98,
    102,
    104,
    107,
    108,
    110,
    112,
    119,
    120,
    122,
    123,
    124,
    125,
    126,
    127,
    128,
    130,
    134,
    135,
    136,
    137,
    139,
    146,
    147,
    150,
    151,
    153,
    156,
    157,
    161,
    164,
    165,
    166,
    167,
    169,
    174,
    175,
    176,
    177,
    178,
    179,
    180,
    181,
    182,
    183,
    184,
    185,
    187,
    188,
    190,
    196,
    197
  ],
  "correct_rate": 53.5,
  "negative_samples_avg_ppl": 57.991947510762735,
  "positive_samples_avg_ppl": 51.21469861560008
}