{
  "correct_idxs": [
    0,
    2,
    4,
    5,
    6,
    7,
    8,
    9,
    10,
    11,
    12,
    13,
    14,
    17,
    18,
    19,
    20,
    21,
    22,
    23,
    24,
    25,
    26,
    28,
    29,
    30,
    31,
    32,
    33,
    34,
    35,
    36,
    37,
    38,
    39,
    41,
    43,
    44,
    45,
    46,
    47,
    48,
    50,
    51,
    52,
    53,
    54,
    55,
    56,
    57,
    59,
    60,
    63,
    64,
    65,
    66,
    69,
    70,
    71,
    72,
    73,
    75,
    76,
    77,
    78,
    79,
    80,
    81,
    82,
    83,
    84,
    85,
    86,
    87,
    88,
    89,
    90,
    91,
    92,
    93,
    94,
    95,
    96,
    97,
    98,
    99,
    100,
    101,
    103,
    104,
    105,
    106,
    107,
    109,
    110,
    112,
    113,
    114,
    115,
    116,
    117,
    118,
    121,
    122,
    123,
    124,
    125,
    126,
    127,
    128,
    130,
    131,
    132,
    133,
    134,
    136,
    137,
    138,
    140,
    141,
    143,
    144,
    145,
    147,
    148,
    149,
    151,
    152,
    153,
    155,
    157,
    158,
    159,
    160,
    161,
    162,
    163,
    164,
    165,
    166,
    167,
    170,
    172,
    173,
    174,
    176,
    177,
    178,
    179,
    180,
    181,
    182,
    184,
    185,
    186,
    187,
    188,
    189,
    190,
    191,
    193,
    194,
    195,
    196,
    197,
    198,
    199
  ],
  "correct_rate": 83.5,
  "negative_samples_avg_ppl": 122.8821067805166,
  "positive_samples_avg_ppl": 46.37733301462697
}