{
  "correct_idxs": [
    0,
    1,
    2,
    3,
    5,
    6,
    8,
    9,
    11,
    12,
    13,
    15,
    16,
    17,
    19,
    22,
    23,
    25,
    26,
    31,
    32,
    33,
    34,
    35,
    36,
    37,
    38,
    39,
    40,
    41,
    45,
    46,
    47,
    48,
    49,
    50,
    51,
    54,
    55,
    56,
    58,
    61,
    62,
    63,
    64,
    67,
    68,
    69,
    70,
    72,
    75,
    76,
    77,
    78,
    80,
    81,
    82,
    83,
    84,
    85,
    86,
    87,
    88,
    89,
    90,
    91,
    92,
    93,
    94,
    95,
    96,
    97,
    98,
    99,
    100,
    101,
    102,
    103,
    106,
    107,
    108,
    109,
    111,
    116,
    117,
    120,
    121,
    123,
    124,
    125,
    126,
    127,
    128,
    130,
    132,
    134,
    136,
    137,
    138,
    139,
    140,
    141,
    143,
    144,
    145,
    147,
    149,
    150,
    151,
    152,
    154,
    155,
    156,
    157,
    159,
    162,
    164,
    165,
    167,
    168,
    169,
    170,
    172,
    174,
    175,
    176,
    177,
    179,
    181,
    183,
    184,
    185,
    186,
    187,
    188,
    189,
    190,
    193,
    195,
    196,
    198,
    199
  ],
  "correct_rate": 71.0,
  "negative_samples_avg_ppl": 8.143998027253923,
  "positive_samples_avg_ppl": 6.408511535307659
}