{
  "correct_idxs": [
    0,
    1,
    2,
    3,
    4,
    6,
    7,
    8,
    9,
    10,
    11,
    12,
    16,
    18,
    19,
    21,
    27,
    28,
    30,
    33,
    34,
    35,
    37,
    39,
    40,
    41,
    42,
    43,
    44,
    50,
    51,
    53,
    56,
    57,
    58,
    60,
    62,
    64,
    65,
    66,
    67,
    70,
    71,
    77,
    79,
    83,
    84,
    85,
    86,
    89,
    92,
    93,
    96,
    97,
    101,
    104,
    105,
    106,
    108,
    109,
    111,
    112,
    114,
    116,
    125,
    126,
    128,
    131,
    132,
    134,
    137,
    141,
    142,
    146,
    148,
    150,
    153,
    154,
    157,
    158,
    160,
    161,
    164,
    165,
    168,
    170,
    173,
    175,
    177,
    178,
    179,
    181,
    182,
    186,
    187,
    188,
    190,
    191,
    192,
    197,
    199
  ],
  "correct_rate": 50.5,
  "negative_samples_avg_ppl": 291.0035083075091,
  "positive_samples_avg_ppl": 289.5761672304564
}