{
  "correct_idxs": [
    2,
    3,
    5,
    6,
    8,
    9,
    10,
    13,
    14,
    15,
    17,
    19,
    21,
    23,
    25,
    26,
    28,
    29,
    30,
    31,
    35,
    37,
    39,
    40,
    41,
    43,
    44,
    49,
    51,
    52,
    54,
    56,
    57,
    58,
    61,
    63,
    64,
    65,
    66,
    67,
    69,
    73,
    74,
    75,
    76,
    77,
    79,
    82,
    85,
    87,
    88,
    89,
    90,
    91,
    92,
    93,
    94,
    95,
    97,
    99,
    101,
    102,
    103,
    105,
    106,
    107,
    108,
    109,
    110,
    112,
    113,
    114,
    115,
    116,
    118,
    119,
    122,
    123,
    124,
    125,
    126,
    127,
    128,
    129,
    132,
    136,
    137,
    138,
    140,
    142,
    143,
    145,
    147,
    148,
    151,
    152,
    153,
    155,
    156,
    157,
    159,
    160,
    161,
    162,
    163,
    165,
    169,
    173,
    175,
    176,
    177,
    179,
    182,
    183,
    186,
    188,
    189,
    191,
    192,
    193,
    194,
    195,
    197,
    198
  ],
  "correct_rate": 62.0,
  "negative_samples_avg_ppl": 50.25219242474364,
  "positive_samples_avg_ppl": 21.26263452159914
}