{
  "correct_idxs": [
    0,
    3,
    4,
    5,
    7,
    8,
    9,
    12,
    14,
    15,
    16,
    17,
    19,
    23,
    25,
    26,
    27,
    31,
    34,
    35,
    36,
    37,
    38,
    40,
    42,
    44,
    45,
    47,
    49,
    50,
    53,
    54,
    56,
    61,
    62,
    63,
    67,
    69,
    70,
    72,
    74,
    77,
    78,
    80,
    82,
    84,
    85,
    89,
    90,
    91,
    93,
    94,
    97,
    98,
    100,
    101,
    103,
    104,
    108,
    110,
    112,
    113,
    115,
    116,
    117,
    124,
    125,
    127,
    133,
    136,
    141,
    142,
    146,
    150,
    151,
    153,
    154,
    155,
    157,
    159,
    160,
    161,
    162,
    164,
    165,
    166,
    173,
    175,
    177,
    181,
    182,
    185,
    186,
    187,
    188,
    189,
    191,
    198
  ],
  "correct_rate": 49.0,
  "negative_samples_avg_ppl": 0.20713820056343007,
  "positive_samples_avg_ppl": 0.20908104718506546
}