{
  "correct_idxs": [
    0,
    1,
    4,
    5,
    6,
    7,
    10,
    11,
    12,
    13,
    14,
    19,
    20,
    23,
    29,
    31,
    32,
    33,
    35,
    36,
    38,
    39,
    41,
    43,
    44,
    49,
    51,
    52,
    53,
    56,
    57,
    58,
    59,
    60,
    61,
    64,
    65,
    67,
    72,
    77,
    78,
    79,
    80,
    82,
    88,
    89,
    93,
    95,
    97,
    99,
    100,
    101,
    102,
    104,
    106,
    108,
    111,
    113,
    118,
    120,
    121,
    126,
    127,
    128,
    130,
    132,
    134,
    138,
    140,
    141,
    143,
    145,
    146,
    147,
    149,
    152,
    153,
    154,
    155,
    157,
    159,
    160,
    162,
    163,
    165,
    167,
    168,
    169,
    170,
    171,
    176,
    178,
    179,
    180,
    182,
    185,
    187,
    188,
    189,
    192,
    193,
    195,
    196,
    198,
    199
  ],
  "correct_rate": 52.5,
  "negative_samples_avg_ppl": 5.233996310215716,
  "positive_samples_avg_ppl": 5.232647718681603
}