{
  "correct_idxs": [
    0,
    1,
    3,
    4,
    5,
    6,
    7,
    8,
    11,
    12,
    13,
    14,
    15,
    16,
    18,
    19,
    23,
    25,
    27,
    28,
    29,
    31,
    32,
    33,
    35,
    37,
    39,
    41,
    42,
    43,
    44,
    45,
    47,
    50,
    51,
    52,
    55,
    56,
    57,
    59,
    63,
    64,
    65,
    67,
    68,
    69,
    70,
    71,
    72,
    73,
    74,
    75,
    76,
    77,
    78,
    79,
    80,
    81,
    82,
    85,
    87,
    88,
    89,
    90,
    91,
    92,
    93,
    94,
    95,
    96,
    97,
    99,
    100,
    102,
    103,
    104,
    105,
    106,
    107,
    108,
    109,
    110,
    111,
    112,
    114,
    115,
    116,
    117,
    118,
    119,
    120,
    121,
    123,
    126,
    128,
    130,
    131,
    132,
    133,
    136,
    138,
    139,
    140,
    142,
    143,
    146,
    147,
    148,
    149,
    150,
    153,
    155,
    157,
    159,
    160,
    161,
    163,
    164,
    166,
    167,
    168,
    169,
    170,
    172,
    173,
    174,
    175,
    178,
    179,
    181,
    182,
    183,
    185,
    186,
    187,
    188,
    189,
    191,
    192,
    193,
    194,
    195,
    197,
    199
  ],
  "correct_rate": 72.0,
  "negative_samples_avg_ppl": 53.34143487632469,
  "positive_samples_avg_ppl": 27.754390950761653
}