{
  "correct_idxs": [
    0,
    1,
    4,
    11,
    13,
    14,
    15,
    16,
    17,
    21,
    22,
    24,
    25,
    27,
    28,
    29,
    30,
    31,
    32,
    33,
    34,
    35,
    36,
    37,
    38,
    39,
    41,
    42,
    43,
    44,
    45,
    46,
    48,
    50,
    51,
    52,
    53,
    54,
    55,
    56,
    57,
    59,
    60,
    62,
    63,
    64,
    65,
    68,
    69,
    70,
    72,
    73,
    78,
    79,
    80,
    81,
    82,
    83,
    85,
    87,
    90,
    91,
    92,
    95,
    96,
    97,
    98,
    99,
    102,
    103,
    105,
    106,
    108,
    109,
    110,
    112,
    113,
    115,
    116,
    117,
    120,
    122,
    123,
    128,
    130,
    132,
    133,
    134,
    135,
    136,
    137,
    141,
    142,
    149,
    153,
    154,
    155,
    156,
    157,
    159,
    161,
    164,
    165,
    166,
    168,
    169,
    170,
    172,
    173,
    174,
    176,
    177,
    178,
    179,
    181,
    184,
    185,
    186,
    187,
    188,
    189,
    190,
    192,
    193,
    194,
    196,
    198,
    199
  ],
  "correct_rate": 64.0,
  "negative_samples_avg_ppl": 310.8020598934408,
  "positive_samples_avg_ppl": 206.08703276684054
}