{
  "correct_idxs": [
    0,
    2,
    3,
    6,
    7,
    8,
    10,
    14,
    15,
    16,
    18,
    19,
    21,
    22,
    23,
    26,
    27,
    32,
    33,
    35,
    38,
    39,
    41,
    44,
    45,
    49,
    52,
    56,
    57,
    60,
    61,
    62,
    63,
    64,
    66,
    68,
    69,
    70,
    74,
    76,
    78,
    79,
    81,
    83,
    84,
    85,
    89,
    90,
    91,
    92,
    94,
    95,
    97,
    99,
    100,
    102,
    106,
    107,
    108,
    109,
    110,
    111,
    113,
    114,
    115,
    118,
    119,
    121,
    123,
    127,
    128,
    133,
    134,
    135,
    137,
    138,
    139,
    140,
    141,
    142,
    143,
    144,
    146,
    147,
    150,
    154,
    155,
    161,
    162,
    163,
    164,
    166,
    167,
    170,
    172,
    173,
    175,
    176,
    177,
    178,
    179,
    180,
    181,
    186,
    187,
    188,
    189,
    190,
    192,
    195,
    197,
    198,
    199
  ],
  "correct_rate": 56.5,
  "negative_samples_avg_ppl": 0.1303082056832697,
  "positive_samples_avg_ppl": 0.0925941181282918
}