{
  "correct_idxs": [
    0,
    2,
    3,
    4,
    7,
    8,
    9,
    10,
    11,
    12,
    13,
    14,
    18,
    19,
    21,
    22,
    24,
    26,
    27,
    28,
    30,
    31,
    33,
    34,
    38,
    39,
    40,
    41,
    43,
    45,
    46,
    48,
    49,
    52,
    57,
    60,
    63,
    65,
    66,
    68,
    70,
    71,
    72,
    74,
    76,
    82,
    83,
    84,
    86,
    89,
    92,
    93,
    94,
    95,
    96,
    97,
    98,
    100,
    101,
    102,
    103,
    107,
    108,
    109,
    112,
    114,
    115,
    116,
    117,
    122,
    123,
    125,
    129,
    130,
    131,
    132,
    135,
    136,
    139,
    140,
    141,
    142,
    143,
    144,
    145,
    146,
    148,
    149,
    150,
    152,
    155,
    160,
    161,
    162,
    163,
    164,
    165,
    166,
    169,
    170,
    171,
    174,
    176,
    177,
    178,
    179,
    180,
    181,
    182,
    183,
    184,
    187,
    188,
    190,
    191,
    192,
    193,
    195,
    198,
    199
  ],
  "correct_rate": 60.0,
  "negative_samples_avg_ppl": 164.65681423293012,
  "positive_samples_avg_ppl": 90.09710327967834
}