{
  "correct_idxs": [
    1,
    2,
    4,
    5,
    6,
    7,
    9,
    10,
    11,
    13,
    14,
    16,
    19,
    24,
    25,
    27,
    29,
    31,
    34,
    35,
    38,
    39,
    40,
    41,
    42,
    43,
    44,
    45,
    46,
    48,
    50,
    51,
    52,
    54,
    60,
    61,
    62,
    65,
    68,
    69,
    71,
    72,
    73,
    74,
    75,
    78,
    79,
    81,
    82,
    83,
    84,
    85,
    86,
    88,
    89,
    90,
    91,
    92,
    93,
    96,
    97,
    99,
    100,
    103,
    106,
    107,
    110,
    111,
    112,
    116,
    117,
    118,
    119,
    120,
    121,
    122,
    124,
    125,
    126,
    127,
    128,
    131,
    132,
    135,
    137,
    140,
    142,
    143,
    144,
    148,
    149,
    154,
    157,
    160,
    161,
    164,
    168,
    169,
    170,
    173,
    174,
    177,
    178,
    181,
    183,
    186,
    187,
    189,
    193,
    195,
    196,
    197,
    198
  ],
  "correct_rate": 56.5,
  "negative_samples_avg_ppl": 0.11007508448544216,
  "positive_samples_avg_ppl": 0.10375697257890845
}