{
  "correct_idxs": [
    1,
    2,
    4,
    5,
    6,
    8,
    9,
    10,
    14,
    21,
    22,
    24,
    26,
    28,
    29,
    31,
    32,
    35,
    36,
    37,
    38,
    39,
    41,
    43,
    44,
    45,
    48,
    49,
    50,
    51,
    53,
    57,
    58,
    60,
    62,
    64,
    65,
    69,
    70,
    72,
    74,
    76,
    78,
    79,
    81,
    82,
    83,
    85,
    89,
    90,
    91,
    93,
    94,
    97,
    98,
    100,
    101,
    102,
    108,
    110,
    111,
    112,
    113,
    115,
    116,
    118,
    120,
    121,
    122,
    123,
    127,
    128,
    129,
    131,
    132,
    134,
    135,
    136,
    137,
    138,
    140,
    142,
    143,
    144,
    145,
    146,
    147,
    148,
    150,
    152,
    154,
    156,
    158,
    160,
    161,
    162,
    163,
    164,
    167,
    168,
    172,
    179,
    180,
    181,
    183,
    184,
    185,
    186,
    188,
    189,
    190,
    193,
    194,
    195,
    197,
    199
  ],
  "correct_rate": 58.0,
  "negative_samples_avg_ppl": 0.5797565511640663,
  "positive_samples_avg_ppl": 0.486344069218561
}