{
  "correct_idxs": [
    0,
    2,
    6,
    7,
    8,
    9,
    12,
    14,
    17,
    20,
    22,
    23,
    24,
    25,
    26,
    27,
    28,
    30,
    33,
    34,
    35,
    37,
    39,
    40,
    43,
    44,
    45,
    46,
    47,
    48,
    49,
    50,
    51,
    52,
    53,
    54,
    55,
    58,
    59,
    60,
    62,
    63,
    64,
    65,
    67,
    68,
    69,
    72,
    73,
    74,
    76,
    77,
    79,
    80,
    81,
    82,
    83,
    85,
    86,
    88,
    89,
    90,
    91,
    92,
    93,
    95,
    96,
    97,
    98,
    99,
    100,
    101,
    102,
    105,
    106,
    107,
    108,
    110,
    112,
    113,
    114,
    116,
    117,
    118,
    120,
    121,
    122,
    123,
    125,
    126,
    127,
    128,
    129,
    132,
    133,
    135,
    136,
    137,
    140,
    141,
    143,
    144,
    145,
    146,
    147,
    148,
    149,
    150,
    151,
    154,
    155,
    156,
    157,
    158,
    159,
    160,
    161,
    162,
    163,
    165,
    166,
    168,
    169,
    170,
    171,
    172,
    173,
    174,
    176,
    177,
    178,
    179,
    180,
    181,
    182,
    183,
    184,
    188,
    189,
    190,
    191,
    195,
    196,
    197,
    198,
    199
  ],
  "correct_rate": 73.0,
  "negative_samples_avg_ppl": 0.8614032299315432,
  "positive_samples_avg_ppl": 0.7546404714089953
}