{
  "correct_idxs": [
    0,
    4,
    5,
    6,
    7,
    9,
    10,
    12,
    14,
    17,
    22,
    23,
    25,
    26,
    28,
    30,
    31,
    33,
    34,
    36,
    37,
    38,
    39,
    43,
    44,
    46,
    48,
    51,
    57,
    59,
    61,
    62,
    64,
    67,
    69,
    70,
    72,
    73,
    74,
    75,
    77,
    78,
    79,
    80,
    81,
    82,
    83,
    85,
    86,
    88,
    90,
    91,
    93,
    94,
    98,
    101,
    103,
    104,
    106,
    110,
    111,
    112,
    113,
    116,
    120,
    122,
    127,
    128,
    129,
    133,
    134,
    135,
    138,
    139,
    141,
    142,
    143,
    145,
    146,
    147,
    149,
    152,
    154,
    155,
    158,
    159,
    160,
    161,
    162,
    163,
    164,
    166,
    168,
    170,
    174,
    175,
    177,
    178,
    179,
    182,
    184,
    186,
    187,
    188,
    189,
    190,
    191,
    195,
    196,
    198,
    199
  ],
  "correct_rate": 55.5,
  "negative_samples_avg_ppl": 25.736484489746623,
  "positive_samples_avg_ppl": 23.876456258253913
}