{
  "correct_idxs": [
    0,
    4,
    5,
    6,
    7,
    9,
    10,
    12,
    14,
    17,
    19,
    22,
    23,
    25,
    28,
    29,
    30,
    31,
    33,
    34,
    36,
    37,
    38,
    44,
    46,
    48,
    51,
    54,
    55,
    57,
    59,
    60,
    61,
    62,
    64,
    67,
    70,
    72,
    73,
    74,
    77,
    78,
    79,
    80,
    81,
    82,
    83,
    85,
    87,
    88,
    90,
    91,
    93,
    94,
    96,
    97,
    99,
    101,
    103,
    104,
    105,
    106,
    108,
    112,
    113,
    118,
    119,
    120,
    122,
    128,
    129,
    130,
    133,
    135,
    137,
    141,
    142,
    143,
    145,
    146,
    147,
    149,
    152,
    154,
    155,
    158,
    159,
    160,
    161,
    163,
    168,
    170,
    174,
    175,
    177,
    178,
    182,
    184,
    185,
    186,
    187,
    188,
    189,
    191,
    193,
    195,
    196,
    198,
    199
  ],
  "correct_rate": 54.5,
  "negative_samples_avg_ppl": 25.740330229582764,
  "positive_samples_avg_ppl": 23.876456258253913
}