{
  "correct_idxs": [
    0,
    1,
    2,
    3,
    4,
    6,
    7,
    8,
    10,
    14,
    15,
    16,
    17,
    18,
    19,
    21,
    27,
    28,
    29,
    33,
    34,
    35,
    37,
    38,
    39,
    40,
    41,
    42,
    43,
    44,
    45,
    46,
    47,
    48,
    49,
    51,
    54,
    58,
    59,
    62,
    65,
    66,
    69,
    73,
    74,
    79,
    81,
    84,
    86,
    87,
    89,
    90,
    91,
    92,
    93,
    97,
    100,
    102,
    103,
    106,
    107,
    110,
    112,
    116,
    117,
    121,
    124,
    126,
    128,
    129,
    133,
    134,
    135,
    136,
    140,
    144,
    145,
    148,
    149,
    150,
    151,
    154,
    155,
    156,
    163,
    166,
    168,
    171,
    172,
    174,
    178,
    179,
    181,
    182,
    183,
    188,
    193,
    194,
    195,
    197,
    198
  ],
  "correct_rate": 50.5,
  "negative_samples_avg_ppl": 0.6929841688946466,
  "positive_samples_avg_ppl": 0.6720822363874397
}