{
  "correct_idxs": [
    0,
    1,
    4,
    5,
    6,
    7,
    11,
    12,
    13,
    14,
    15,
    19,
    29,
    31,
    32,
    33,
    34,
    35,
    36,
    38,
    39,
    44,
    47,
    49,
    50,
    51,
    53,
    55,
    57,
    58,
    60,
    63,
    64,
    65,
    67,
    68,
    72,
    73,
    77,
    78,
    79,
    80,
    82,
    88,
    89,
    93,
    95,
    97,
    99,
    100,
    101,
    102,
    104,
    105,
    106,
    108,
    109,
    111,
    113,
    118,
    120,
    121,
    126,
    128,
    130,
    132,
    138,
    139,
    140,
    141,
    143,
    145,
    146,
    147,
    151,
    152,
    153,
    154,
    155,
    156,
    157,
    159,
    160,
    162,
    163,
    165,
    166,
    167,
    168,
    169,
    170,
    171,
    178,
    179,
    180,
    182,
    185,
    187,
    188,
    189,
    193,
    195,
    196,
    197,
    198,
    199
  ],
  "correct_rate": 53.0,
  "negative_samples_avg_ppl": 4.948048780164884,
  "positive_samples_avg_ppl": 4.854309750592799
}