{
  "correct_idxs": [
    0,
    3,
    5,
    6,
    8,
    11,
    12,
    13,
    14,
    15,
    18,
    19,
    23,
    24,
    25,
    27,
    33,
    35,
    36,
    37,
    38,
    41,
    45,
    46,
    48,
    50,
    51,
    52,
    53,
    55,
    56,
    58,
    63,
    64,
    65,
    66,
    68,
    69,
    70,
    71,
    72,
    73,
    74,
    78,
    80,
    81,
    84,
    87,
    89,
    90,
    91,
    93,
    95,
    96,
    98,
    101,
    104,
    107,
    109,
    110,
    111,
    115,
    116,
    117,
    119,
    120,
    122,
    123,
    128,
    129,
    130,
    132,
    133,
    134,
    135,
    136,
    138,
    141,
    142,
    143,
    144,
    149,
    153,
    154,
    157,
    158,
    159,
    160,
    162,
    163,
    164,
    165,
    174,
    178,
    181,
    185,
    188,
    190,
    195,
    197,
    199
  ],
  "correct_rate": 50.5,
  "negative_samples_avg_ppl": 149.33067171780607,
  "positive_samples_avg_ppl": 124.93583354909234
}