{
  "correct_idxs": [
    0,
    1,
    4,
    5,
    9,
    15,
    16,
    18,
    19,
    20,
    21,
    23,
    24,
    27,
    28,
    31,
    38,
    39,
    44,
    46,
    48,
    49,
    51,
    53,
    55,
    56,
    59,
    65,
    66,
    67,
    73,
    74,
    75,
    76,
    77,
    79,
    80,
    81,
    82,
    83,
    84,
    86,
    87,
    88,
    89,
    90,
    92,
    93,
    96,
    97,
    100,
    101,
    106,
    107,
    108,
    109,
    113,
    115,
    120,
    121,
    124,
    125,
    128,
    129,
    130,
    132,
    135,
    137,
    138,
    139,
    142,
    143,
    144,
    147,
    151,
    152,
    154,
    155,
    156,
    157,
    163,
    164,
    165,
    166,
    169,
    171,
    174,
    176,
    177,
    180,
    181,
    182,
    183,
    184,
    185,
    186,
    189,
    190,
    192,
    193,
    195,
    196,
    197,
    199
  ],
  "correct_rate": 52.0,
  "negative_samples_avg_ppl": 27.37165195392767,
  "positive_samples_avg_ppl": 27.470622782637378
}