{
  "correct_idxs": [
    0,
    2,
    4,
    6,
    9,
    12,
    13,
    21,
    29,
    30,
    31,
    32,
    34,
    35,
    36,
    37,
    39,
    40,
    44,
    49,
    51,
    55,
    56,
    60,
    61,
    62,
    64,
    65,
    67,
    69,
    70,
    73,
    77,
    78,
    81,
    83,
    86,
    91,
    92,
    94,
    99,
    101,
    103,
    104,
    105,
    106,
    110,
    111,
    112,
    114,
    117,
    118,
    119,
    120,
    121,
    125,
    126,
    127,
    128,
    129,
    130,
    132,
    135,
    139,
    140,
    141,
    142,
    143,
    145,
    146,
    148,
    150,
    152,
    154,
    155,
    156,
    158,
    159,
    162,
    164,
    167,
    168,
    171,
    174,
    175,
    177,
    179,
    180,
    181,
    182,
    186,
    187,
    188,
    189,
    190,
    191,
    192,
    195,
    196,
    199
  ],
  "correct_rate": 50.0,
  "negative_samples_avg_ppl": 337.8528222300656,
  "positive_samples_avg_ppl": 279.83304233803744
}