{
  "correct_idxs": [
    4,
    5,
    6,
    7,
    13,
    16,
    17,
    21,
    26,
    27,
    28,
    33,
    35,
    39,
    47,
    48,
    51,
    53,
    54,
    55,
    56,
    57,
    59,
    60,
    62,
    63,
    66,
    69,
    71,
    73,
    75,
    76,
    78,
    80,
    82,
    84,
    85,
    86,
    91,
    92,
    94,
    95,
    98,
    99,
    105,
    107,
    108,
    112,
    114,
    116,
    118,
    119,
    124,
    125,
    127,
    128,
    131,
    136,
    138,
    142,
    146,
    149,
    151,
    152,
    153,
    154,
    156,
    162,
    163,
    167,
    168,
    170,
    171,
    172,
    176,
    178,
    180,
    181,
    183,
    184,
    185,
    187,
    188,
    191,
    195,
    196,
    197,
    198
  ],
  "correct_rate": 44.0,
  "negative_samples_avg_ppl": 4.8548854118883185,
  "positive_samples_avg_ppl": 4.895698545575189
}