{
  "correct_idxs": [
    0,
    4,
    5,
    6,
    7,
    8,
    9,
    12,
    13,
    14,
    16,
    21,
    22,
    23,
    28,
    30,
    31,
    32,
    36,
    37,
    38,
    39,
    42,
    43,
    44,
    46,
    48,
    51,
    54,
    57,
    59,
    61,
    62,
    64,
    67,
    69,
    70,
    71,
    72,
    73,
    74,
    75,
    77,
    78,
    79,
    80,
    81,
    82,
    83,
    88,
    89,
    91,
    93,
    94,
    99,
    100,
    103,
    104,
    105,
    106,
    110,
    111,
    112,
    113,
    116,
    120,
    122,
    126,
    127,
    128,
    129,
    133,
    134,
    135,
    136,
    138,
    141,
    143,
    145,
    146,
    147,
    149,
    152,
    153,
    154,
    155,
    157,
    158,
    159,
    160,
    162,
    163,
    164,
    165,
    166,
    167,
    168,
    170,
    171,
    172,
    174,
    175,
    182,
    185,
    186,
    187,
    188,
    189,
    191,
    194,
    196,
    198,
    199
  ],
  "correct_rate": 56.5,
  "negative_samples_avg_ppl": 9.436714687842736,
  "positive_samples_avg_ppl": 8.596667449739561
}