{
  "correct_idxs": [
    0,
    5,
    6,
    9,
    10,
    11,
    13,
    14,
    15,
    16,
    19,
    20,
    21,
    28,
    30,
    32,
    33,
    34,
    35,
    37,
    39,
    40,
    41,
    42,
    43,
    44,
    46,
    48,
    50,
    51,
    52,
    53,
    54,
    56,
    57,
    58,
    60,
    62,
    65,
    66,
    67,
    68,
    69,
    70,
    71,
    72,
    77,
    79,
    82,
    83,
    85,
    87,
    89,
    90,
    91,
    93,
    94,
    95,
    96,
    98,
    100,
    101,
    108,
    109,
    114,
    116,
    119,
    120,
    122,
    127,
    128,
    130,
    132,
    137,
    141,
    145,
    146,
    148,
    150,
    152,
    153,
    155,
    156,
    157,
    158,
    160,
    161,
    163,
    164,
    165,
    167,
    169,
    170,
    173,
    174,
    175,
    177,
    178,
    179,
    181,
    182,
    183,
    184,
    186,
    187,
    192,
    193,
    197,
    198,
    199
  ],
  "correct_rate": 55.0,
  "negative_samples_avg_ppl": 8.77985793467827,
  "positive_samples_avg_ppl": 8.35625462225411
}