{
  "correct_idxs": [
    0,
    2,
    3,
    4,
    5,
    6,
    7,
    9,
    10,
    11,
    12,
    13,
    14,
    15,
    16,
    17,
    18,
    19,
    20,
    21,
    25,
    26,
    27,
    29,
    30,
    31,
    32,
    35,
    36,
    37,
    38,
    40,
    47,
    48,
    49,
    50,
    52,
    53,
    56,
    58,
    59,
    60,
    62,
    63,
    64,
    65,
    66,
    70,
    72,
    73,
    75,
    76,
    77,
    78,
    82,
    83,
    84,
    85,
    87,
    90,
    91,
    92,
    95,
    97,
    98,
    99,
    100,
    104,
    108,
    109,
    110,
    111,
    112,
    113,
    114,
    115,
    117,
    118,
    119,
    120,
    121,
    122,
    124,
    125,
    129,
    131,
    133,
    134,
    136,
    138,
    140,
    141,
    145,
    146,
    150,
    151,
    153,
    155,
    156,
    157,
    159,
    160,
    161,
    162,
    168,
    172,
    173,
    174,
    175,
    176,
    177,
    178,
    184,
    186,
    187,
    189,
    190,
    192,
    193,
    194,
    196,
    197,
    198,
    199
  ],
  "correct_rate": 62.0,
  "negative_samples_avg_ppl": 71.60824304264729,
  "positive_samples_avg_ppl": 49.93389760136001
}