{
  "correct_idxs": [
    1,
    2,
    3,
    4,
    8,
    10,
    11,
    12,
    13,
    14,
    15,
    17,
    18,
    19,
    21,
    22,
    23,
    25,
    28,
    29,
    30,
    31,
    33,
    34,
    36,
    37,
    40,
    42,
    46,
    48,
    49,
    50,
    52,
    54,
    55,
    56,
    57,
    58,
    59,
    60,
    61,
    62,
    65,
    70,
    71,
    72,
    73,
    74,
    75,
    76,
    77,
    78,
    79,
    81,
    82,
    85,
    88,
    90,
    92,
    94,
    95,
    96,
    98,
    99,
    100,
    101,
    102,
    103,
    107,
    109,
    110,
    111,
    113,
    114,
    115,
    117,
    118,
    120,
    124,
    125,
    126,
    127,
    128,
    129,
    130,
    131,
    132,
    134,
    135,
    136,
    137,
    138,
    139,
    140,
    142,
    144,
    145,
    146,
    149,
    150,
    154,
    155,
    157,
    158,
    159,
    160,
    161,
    162,
    164,
    168,
    169,
    171,
    173,
    174,
    175,
    176,
    180,
    182,
    184,
    185,
    186,
    187,
    188,
    190,
    191,
    192,
    194,
    195,
    198,
    199
  ],
  "correct_rate": 65.0,
  "negative_samples_avg_ppl": 0.7149080983495285,
  "positive_samples_avg_ppl": 0.5650504280914618
}