{
  "correct_idxs": [
    3,
    4,
    6,
    7,
    9,
    10,
    12,
    13,
    16,
    20,
    21,
    22,
    23,
    24,
    25,
    28,
    30,
    31,
    32,
    33,
    34,
    36,
    39,
    43,
    44,
    45,
    46,
    48,
    49,
    53,
    54,
    57,
    59,
    60,
    62,
    63,
    64,
    65,
    67,
    69,
    70,
    72,
    73,
    74,
    77,
    78,
    79,
    80,
    81,
    83,
    88,
    91,
    92,
    93,
    96,
    97,
    98,
    99,
    101,
    102,
    103,
    104,
    105,
    106,
    110,
    111,
    112,
    113,
    117,
    119,
    120,
    122,
    127,
    128,
    129,
    130,
    133,
    134,
    135,
    136,
    139,
    142,
    143,
    145,
    146,
    147,
    149,
    152,
    154,
    155,
    158,
    159,
    160,
    161,
    162,
    163,
    164,
    167,
    168,
    172,
    174,
    175,
    177,
    178,
    179,
    181,
    182,
    184,
    186,
    187,
    189,
    191,
    194,
    195,
    196,
    197,
    198,
    199
  ],
  "correct_rate": 59.0,
  "negative_samples_avg_ppl": 127.78169383572612,
  "positive_samples_avg_ppl": 97.89601662763214
}