{
  "correct_idxs": [
    0,
    3,
    5,
    7,
    8,
    10,
    11,
    12,
    13,
    15,
    16,
    22,
    26,
    28,
    39,
    41,
    45,
    48,
    49,
    50,
    52,
    54,
    57,
    59,
    61,
    62,
    63,
    64,
    66,
    69,
    71,
    73,
    74,
    75,
    76,
    78,
    81,
    84,
    93,
    94,
    97,
    99,
    104,
    107,
    108,
    109,
    111,
    112,
    115,
    118,
    120,
    123,
    124,
    125,
    127,
    128,
    130,
    134,
    136,
    138,
    139,
    142,
    143,
    144,
    147,
    150,
    153,
    154,
    155,
    156,
    157,
    159,
    163,
    165,
    167,
    169,
    170,
    173,
    177,
    179,
    181,
    183,
    185,
    186,
    187,
    188,
    189,
    191,
    192,
    193,
    195,
    196,
    198,
    199
  ],
  "correct_rate": 47.0,
  "negative_samples_avg_ppl": 23.612237093847362,
  "positive_samples_avg_ppl": 24.220776509004406
}