{
  "correct_idxs": [
    1,
    2,
    3,
    5,
    6,
    7,
    8,
    9,
    12,
    13,
    15,
    22,
    24,
    25,
    26,
    27,
    33,
    35,
    37,
    38,
    39,
    40,
    41,
    43,
    44,
    46,
    48,
    49,
    50,
    53,
    55,
    58,
    59,
    60,
    63,
    66,
    69,
    71,
    72,
    73,
    74,
    77,
    78,
    79,
    80,
    83,
    84,
    88,
    89,
    93,
    94,
    95,
    97,
    101,
    102,
    103,
    104,
    108,
    111,
    112,
    113,
    114,
    119,
    120,
    121,
    122,
    123,
    124,
    126,
    127,
    128,
    129,
    130,
    131,
    132,
    133,
    134,
    135,
    137,
    139,
    141,
    144,
    146,
    148,
    149,
    150,
    153,
    154,
    155,
    157,
    158,
    160,
    161,
    166,
    168,
    169,
    170,
    171,
    172,
    174,
    176,
    178,
    180,
    181,
    182,
    183,
    184,
    185,
    186,
    189,
    190,
    194,
    199
  ],
  "correct_rate": 56.5,
  "negative_samples_avg_ppl": 5.053455648542188,
  "positive_samples_avg_ppl": 4.3686336617584605
}