{
  "correct_idxs": [
    0,
    1,
    2,
    3,
    5,
    6,
    7,
    8,
    9,
    10,
    11,
    12,
    13,
    15,
    16,
    22,
    24,
    25,
    26,
    27,
    28,
    29,
    30,
    31,
    33,
    34,
    35,
    36,
    38,
    39,
    41,
    42,
    43,
    44,
    45,
    46,
    47,
    48,
    49,
    51,
    52,
    53,
    55,
    59,
    61,
    62,
    63,
    64,
    65,
    66,
    67,
    69,
    70,
    71,
    72,
    73,
    74,
    75,
    76,
    77,
    79,
    80,
    82,
    84,
    85,
    86,
    87,
    88,
    93,
    94,
    95,
    97,
    100,
    101,
    102,
    103,
    104,
    105,
    106,
    107,
    108,
    111,
    112,
    113,
    114,
    115,
    116,
    119,
    120,
    121,
    122,
    124,
    125,
    127,
    128,
    129,
    130,
    132,
    134,
    135,
    137,
    140,
    141,
    142,
    143,
    144,
    145,
    146,
    147,
    149,
    151,
    152,
    153,
    154,
    156,
    157,
    158,
    159,
    160,
    161,
    162,
    163,
    164,
    165,
    166,
    168,
    169,
    171,
    172,
    175,
    176,
    177,
    178,
    179,
    180,
    181,
    183,
    184,
    185,
    186,
    187,
    188,
    189,
    192,
    196,
    197,
    198
  ],
  "correct_rate": 73.5,
  "negative_samples_avg_ppl": 9874.848786133458,
  "positive_samples_avg_ppl": 1844.2225042745
}