{
  "correct_idxs": [
    0,
    1,
    4,
    6,
    8,
    10,
    11,
    13,
    14,
    15,
    19,
    20,
    22,
    24,
    25,
    26,
    27,
    28,
    29,
    30,
    31,
    33,
    35,
    36,
    37,
    39,
    40,
    41,
    43,
    44,
    46,
    48,
    52,
    53,
    54,
    57,
    58,
    59,
    60,
    61,
    62,
    65,
    67,
    68,
    70,
    74,
    75,
    76,
    77,
    79,
    83,
    85,
    87,
    88,
    92,
    94,
    95,
    96,
    98,
    99,
    100,
    102,
    103,
    106,
    108,
    111,
    113,
    114,
    115,
    116,
    117,
    118,
    120,
    121,
    122,
    123,
    126,
    127,
    130,
    134,
    135,
    141,
    142,
    143,
    144,
    145,
    148,
    149,
    150,
    152,
    154,
    155,
    157,
    158,
    161,
    162,
    164,
    165,
    166,
    168,
    169,
    170,
    171,
    172,
    173,
    175,
    176,
    177,
    178,
    180,
    183,
    186,
    187,
    192,
    196,
    197,
    198,
    199
  ],
  "correct_rate": 59.0,
  "negative_samples_avg_ppl": 0.05663542017832393,
  "positive_samples_avg_ppl": 0.044448923924598066
}