{
  "correct_idxs": [
    0,
    2,
    4,
    5,
    6,
    7,
    9,
    10,
    12,
    13,
    14,
    16,
    18,
    22,
    23,
    28,
    30,
    31,
    32,
    34,
    36,
    37,
    38,
    39,
    40,
    42,
    43,
    44,
    46,
    48,
    51,
    57,
    59,
    61,
    62,
    64,
    67,
    70,
    71,
    72,
    73,
    74,
    75,
    77,
    79,
    80,
    81,
    82,
    83,
    88,
    91,
    92,
    93,
    94,
    99,
    100,
    103,
    104,
    106,
    108,
    110,
    111,
    112,
    116,
    118,
    120,
    122,
    126,
    127,
    128,
    129,
    130,
    134,
    136,
    138,
    141,
    143,
    145,
    147,
    149,
    152,
    154,
    155,
    158,
    159,
    162,
    163,
    166,
    167,
    168,
    170,
    172,
    174,
    175,
    177,
    182,
    185,
    186,
    187,
    188,
    189,
    191,
    192,
    194,
    195,
    196,
    198,
    199
  ],
  "correct_rate": 54.0,
  "negative_samples_avg_ppl": 10.329776253152032,
  "positive_samples_avg_ppl": 9.531030531087291
}