{
  "correct_idxs": [
    0,
    4,
    6,
    7,
    8,
    10,
    12,
    13,
    14,
    15,
    16,
    18,
    19,
    20,
    21,
    23,
    26,
    28,
    30,
    32,
    34,
    36,
    38,
    40,
    42,
    44,
    45,
    47,
    51,
    56,
    58,
    61,
    63,
    65,
    66,
    67,
    69,
    70,
    72,
    73,
    77,
    78,
    81,
    82,
    83,
    84,
    85,
    86,
    88,
    90,
    92,
    93,
    95,
    96,
    98,
    99,
    101,
    103,
    105,
    108,
    109,
    111,
    112,
    113,
    114,
    116,
    121,
    122,
    123,
    125,
    127,
    129,
    131,
    132,
    134,
    138,
    140,
    142,
    144,
    146,
    147,
    150,
    152,
    154,
    155,
    157,
    161,
    163,
    168,
    173,
    174,
    178,
    181,
    182,
    183,
    185,
    187,
    189,
    190,
    191,
    193,
    195,
    196,
    197
  ],
  "correct_rate": 52.0,
  "negative_samples_avg_ppl": 11.434670794413712,
  "positive_samples_avg_ppl": 11.019556463190138
}