{
  "correct_idxs": [
    0,
    2,
    6,
    7,
    11,
    17,
    18,
    19,
    20,
    22,
    23,
    24,
    25,
    26,
    27,
    31,
    33,
    35,
    37,
    38,
    39,
    40,
    42,
    45,
    50,
    51,
    52,
    54,
    56,
    58,
    59,
    60,
    63,
    64,
    65,
    66,
    67,
    68,
    69,
    71,
    72,
    73,
    74,
    77,
    80,
    83,
    84,
    85,
    86,
    87,
    88,
    89,
    92,
    93,
    94,
    95,
    98,
    99,
    100,
    101,
    102,
    103,
    104,
    105,
    106,
    107,
    108,
    112,
    113,
    114,
    115,
    116,
    118,
    119,
    120,
    123,
    125,
    128,
    129,
    130,
    131,
    132,
    133,
    134,
    135,
    137,
    140,
    143,
    145,
    146,
    147,
    149,
    150,
    151,
    153,
    154,
    162,
    165,
    166,
    167,
    168,
    169,
    170,
    171,
    172,
    174,
    177,
    180,
    184,
    185,
    187,
    188,
    189,
    191,
    196,
    197,
    199
  ],
  "correct_rate": 58.5,
  "negative_samples_avg_ppl": 0.8251887529825843,
  "positive_samples_avg_ppl": 0.7415554130237529
}