{
  "correct_idxs": [
    0,
    5,
    6,
    9,
    10,
    11,
    14,
    15,
    17,
    18,
    19,
    20,
    22,
    24,
    25,
    27,
    28,
    29,
    30,
    31,
    32,
    34,
    36,
    37,
    38,
    40,
    43,
    46,
    53,
    56,
    57,
    58,
    59,
    60,
    62,
    63,
    64,
    66,
    67,
    69,
    70,
    72,
    73,
    74,
    76,
    77,
    78,
    80,
    83,
    85,
    87,
    90,
    92,
    93,
    95,
    97,
    98,
    100,
    101,
    102,
    103,
    104,
    105,
    106,
    107,
    110,
    114,
    117,
    118,
    120,
    121,
    122,
    123,
    125,
    126,
    127,
    128,
    131,
    134,
    135,
    138,
    140,
    142,
    144,
    145,
    146,
    148,
    149,
    150,
    151,
    152,
    153,
    156,
    159,
    160,
    161,
    164,
    168,
    169,
    170,
    171,
    176,
    178,
    179,
    181,
    182,
    184,
    185,
    189,
    196,
    197
  ],
  "correct_rate": 55.75,
  "negative_samples_avg_ppl": 7.277898255473303,
  "positive_samples_avg_ppl": 6.210638809355392
}