{
  "correct_idxs": [
    0,
    3,
    4,
    5,
    7,
    9,
    11,
    12,
    15,
    16,
    18,
    20,
    23,
    24,
    27,
    28,
    29,
    31,
    32,
    34,
    35,
    36,
    37,
    38,
    39,
    40,
    42,
    44,
    45,
    46,
    48,
    51,
    52,
    53,
    54,
    56,
    57,
    59,
    62,
    64,
    65,
    67,
    69,
    70,
    72,
    75,
    76,
    77,
    80,
    81,
    82,
    83,
    84,
    85,
    87,
    89,
    90,
    93,
    94,
    95,
    96,
    97,
    98,
    101,
    102,
    105,
    106,
    107,
    110,
    111,
    113,
    117,
    118,
    120,
    121,
    124,
    126,
    127,
    131,
    132,
    135,
    136,
    138,
    140,
    141,
    143,
    144,
    147,
    148,
    150,
    152,
    154,
    155,
    156,
    157,
    159,
    161,
    162,
    163,
    166,
    167,
    168,
    171,
    173,
    174,
    175,
    177,
    178,
    179,
    180,
    181,
    184,
    185,
    186,
    188,
    189,
    195,
    196,
    197,
    198
  ],
  "correct_rate": 60.0,
  "negative_samples_avg_ppl": 0.8793396445778103,
  "positive_samples_avg_ppl": 0.4031090907249034
}