{
  "correct_idxs": [
    0,
    1,
    3,
    4,
    6,
    7,
    13,
    15,
    16,
    20,
    23,
    26,
    28,
    31,
    33,
    34,
    35,
    38,
    40,
    43,
    46,
    47,
    50,
    51,
    52,
    53,
    55,
    56,
    58,
    61,
    63,
    67,
    68,
    70,
    71,
    74,
    75,
    76,
    77,
    78,
    86,
    91,
    96,
    97,
    104,
    105,
    107,
    108,
    112,
    113,
    114,
    117,
    118,
    119,
    121,
    122,
    123,
    125,
    127,
    128,
    129,
    132,
    133,
    136,
    138,
    141,
    144,
    145,
    146,
    147,
    150,
    151,
    153,
    154,
    155,
    157,
    158,
    159,
    161,
    163,
    168,
    175,
    176,
    178,
    181,
    183,
    184,
    190,
    193,
    194,
    195,
    196,
    197,
    198,
    199
  ],
  "correct_rate": 50.0,
  "negative_samples_avg_ppl": 91.24373576283101,
  "positive_samples_avg_ppl": 92.78026155727598
}