{
  "correct_idxs": [
    0,
    1,
    2,
    3,
    4,
    5,
    6,
    7,
    8,
    9,
    13,
    14,
    17,
    19,
    20,
    21,
    22,
    23,
    28,
    31,
    32,
    33,
    34,
    37,
    38,
    45,
    46,
    49,
    50,
    51,
    52,
    53,
    55,
    56,
    58,
    59,
    61,
    63,
    64,
    75,
    77,
    83,
    86,
    87,
    89,
    90,
    91,
    94,
    97,
    101,
    104,
    105,
    106,
    107,
    111,
    112,
    113,
    114,
    116,
    117,
    119,
    121,
    122,
    123,
    125,
    130,
    131,
    132,
    133,
    136,
    140,
    141,
    144,
    146,
    150,
    151,
    152,
    153,
    154,
    155,
    156,
    158,
    159,
    160,
    161,
    162,
    163,
    167,
    168,
    169,
    170,
    172,
    173,
    175,
    181,
    186,
    189,
    190,
    191,
    192,
    193,
    194,
    196
  ],
  "correct_rate": 51.5,
  "negative_samples_avg_ppl": 56.743688364584784,
  "positive_samples_avg_ppl": 54.95067422594343
}