{
  "correct_idxs": [
    2,
    4,
    7,
    13,
    32,
    35,
    40,
    47,
    51,
    52,
    58,
    61,
    68,
    71,
    73,
    74,
    75,
    76,
    77,
    86,
    108,
    112,
    118,
    119,
    125,
    129,
    133,
    138,
    141,
    145,
    150,
    151,
    154,
    155,
    157,
    163,
    168,
    175,
    176,
    183,
    194,
    195,
    196,
    197,
    198,
    199
  ],
  "correct_rate": 46.93877551020408,
  "negative_samples_avg_ppl": 74.99446099204536,
  "positive_samples_avg_ppl": 76.45650675530446
}