{
  "correct_idxs": [
    0,
    1,
    2,
    3,
    5,
    7,
    8,
    9,
    13,
    16,
    18,
    21,
    22,
    23,
    25,
    26,
    28,
    30,
    31,
    32,
    33,
    34,
    37,
    38,
    40,
    44,
    45,
    46,
    48,
    49,
    50,
    51,
    52,
    55,
    56,
    58,
    59,
    61,
    63,
    70,
    71,
    74,
    75,
    77,
    79,
    83,
    86,
    90,
    91,
    94,
    97,
    101,
    105,
    107,
    108,
    113,
    114,
    115,
    117,
    119,
    122,
    123,
    125,
    130,
    131,
    132,
    133,
    134,
    138,
    143,
    146,
    150,
    152,
    153,
    154,
    155,
    156,
    157,
    158,
    159,
    161,
    162,
    163,
    164,
    168,
    170,
    173,
    175,
    176,
    178,
    179,
    180,
    181,
    184,
    186,
    189,
    190,
    192,
    193,
    194,
    199
  ],
  "correct_rate": 50.5,
  "negative_samples_avg_ppl": 57.863759155124704,
  "positive_samples_avg_ppl": 56.962591476073165
}