{
  "correct_idxs": [
    0,
    3,
    7,
    8,
    11,
    13,
    14,
    15,
    17,
    18,
    20,
    21,
    26,
    28,
    29,
    31,
    33,
    39,
    41,
    46,
    48,
    49,
    52,
    53,
    54,
    56,
    61,
    64,
    65,
    66,
    67,
    68,
    72,
    74,
    75,
    76,
    77,
    78,
    79,
    83,
    84,
    85,
    87,
    88,
    89,
    90,
    91,
    93,
    94,
    97,
    99,
    104,
    106,
    107,
    108,
    112,
    114,
    116,
    118,
    120,
    122,
    123,
    124,
    125,
    127,
    131,
    132,
    133,
    134,
    135,
    136,
    138,
    139,
    140,
    142,
    143,
    147,
    148,
    149,
    150,
    151,
    152,
    153,
    155,
    157,
    160,
    163,
    167,
    169,
    170,
    172,
    174,
    175,
    176,
    177,
    178,
    179,
    182,
    186,
    188,
    189,
    190,
    191,
    192,
    195,
    196,
    197,
    199
  ],
  "correct_rate": 54.0,
  "negative_samples_avg_ppl": 5452.956988344569,
  "positive_samples_avg_ppl": 5231.554604353294
}