{
  "correct_idxs": [
    1,
    2,
    3,
    5,
    6,
    7,
    8,
    11,
    12,
    13,
    14,
    15,
    16,
    17,
    18,
    19,
    20,
    21,
    22,
    23,
    24,
    25,
    26,
    28,
    29,
    30,
    33,
    35,
    36,
    37,
    38,
    44,
    46,
    47,
    48,
    50,
    51,
    53,
    56,
    57,
    58,
    59,
    61,
    62,
    63,
    64,
    65,
    66,
    67,
    70,
    71,
    73,
    74,
    76,
    78,
    79,
    80,
    81,
    82,
    84,
    86,
    88,
    89,
    90,
    91,
    92,
    93,
    94,
    95,
    96,
    97,
    99,
    100,
    101,
    102,
    107,
    108,
    110,
    111,
    112,
    113,
    115,
    117,
    118,
    120,
    122,
    123,
    124,
    126,
    127,
    130,
    131,
    133,
    135,
    137,
    138,
    139,
    140,
    141,
    143,
    146,
    147,
    148,
    149,
    150,
    151,
    154,
    156,
    157,
    159,
    161,
    163,
    164,
    165,
    166,
    167,
    169,
    172,
    173,
    174,
    175,
    176,
    178,
    181,
    182,
    183,
    184,
    185,
    187,
    192,
    193,
    194,
    197
  ],
  "correct_rate": 66.5,
  "negative_samples_avg_ppl": 100286.00196926256,
  "positive_samples_avg_ppl": 32983.094444296075
}