{
  "correct_idxs": [
    1,
    2,
    3,
    4,
    5,
    6,
    8,
    11,
    12,
    15,
    16,
    18,
    23,
    26,
    29,
    30,
    31,
    34,
    35,
    36,
    38,
    46,
    49,
    51,
    54,
    57,
    60,
    65,
    69,
    71,
    72,
    73,
    74,
    75,
    81,
    82,
    83,
    85,
    86,
    87,
    88,
    90,
    91,
    94,
    99,
    100,
    101,
    102,
    105,
    106,
    108,
    109,
    111,
    112,
    113,
    117,
    119,
    120,
    121,
    122,
    123,
    124,
    125,
    126,
    127,
    128,
    129,
    136,
    137,
    138,
    139,
    141,
    144,
    150,
    151,
    152,
    156,
    158,
    159,
    165,
    166,
    167,
    169,
    170,
    172,
    173,
    176,
    177,
    178,
    181,
    184,
    185,
    186,
    188,
    191,
    192,
    193,
    198,
    199
  ],
  "correct_rate": 49.5,
  "negative_samples_avg_ppl": 4985.613731507669,
  "positive_samples_avg_ppl": 5148.541423166859
}