{
  "correct_idxs": [
    0,
    1,
    2,
    4,
    5,
    6,
    8,
    10,
    11,
    13,
    15,
    16,
    18,
    21,
    23,
    26,
    29,
    30,
    31,
    34,
    35,
    36,
    38,
    44,
    46,
    49,
    51,
    54,
    57,
    60,
    63,
    65,
    66,
    67,
    69,
    71,
    72,
    73,
    74,
    79,
    81,
    82,
    83,
    85,
    86,
    87,
    88,
    92,
    94,
    97,
    102,
    105,
    106,
    108,
    109,
    112,
    113,
    117,
    119,
    120,
    121,
    122,
    123,
    124,
    125,
    129,
    131,
    134,
    136,
    137,
    138,
    139,
    141,
    143,
    145,
    151,
    152,
    153,
    158,
    161,
    164,
    165,
    166,
    167,
    169,
    170,
    172,
    173,
    176,
    177,
    178,
    179,
    184,
    185,
    186,
    188,
    191,
    192,
    195,
    198
  ],
  "correct_rate": 50.0,
  "negative_samples_avg_ppl": 3542.8797350714417,
  "positive_samples_avg_ppl": 3666.65493916327
}