{
  "correct_idxs": [
    1,
    4,
    5,
    6,
    8,
    11,
    13,
    18,
    23,
    25,
    26,
    27,
    30,
    33,
    35,
    36,
    38,
    46,
    48,
    50,
    51,
    52,
    54,
    56,
    57,
    59,
    60,
    64,
    65,
    66,
    67,
    69,
    71,
    72,
    73,
    78,
    79,
    80,
    81,
    82,
    85,
    86,
    88,
    91,
    92,
    93,
    94,
    95,
    97,
    100,
    101,
    102,
    103,
    104,
    106,
    107,
    108,
    110,
    112,
    113,
    114,
    115,
    117,
    119,
    120,
    121,
    124,
    125,
    127,
    129,
    133,
    134,
    135,
    136,
    137,
    138,
    140,
    141,
    144,
    145,
    147,
    150,
    151,
    155,
    158,
    159,
    161,
    166,
    167,
    168,
    170,
    171,
    172,
    173,
    174,
    176,
    177,
    179,
    180,
    184,
    185,
    188,
    190,
    192,
    193,
    197,
    198
  ],
  "correct_rate": 53.5,
  "negative_samples_avg_ppl": 142.74518157348402,
  "positive_samples_avg_ppl": 119.55774011565485
}