{
  "correct_idxs": [
    0,
    3,
    4,
    6,
    7,
    8,
    10,
    11,
    12,
    13,
    14,
    19,
    21,
    22,
    23,
    24,
    25,
    26,
    27,
    28,
    29,
    30,
    31,
    32,
    33,
    34,
    35,
    36,
    38,
    40,
    42,
    43,
    47,
    48,
    49,
    50,
    51,
    52,
    55,
    56,
    57,
    58,
    59,
    61,
    62,
    64,
    65,
    68,
    71,
    72,
    73,
    74,
    75,
    77,
    78,
    79,
    80,
    81,
    82,
    83,
    85,
    86,
    91,
    96,
    97,
    98,
    102,
    103,
    104,
    106,
    109,
    110,
    111,
    112,
    113,
    117,
    118,
    122,
    124,
    125,
    126,
    128,
    132,
    134,
    135,
    136,
    140,
    141,
    143,
    145,
    148,
    149,
    150,
    154,
    155,
    156,
    157,
    159,
    160,
    162,
    165,
    166,
    167,
    168,
    169,
    170,
    171,
    172,
    174,
    175,
    176,
    177,
    179,
    180,
    181,
    182,
    183,
    184,
    185,
    186,
    187,
    188,
    189,
    190,
    191,
    193,
    194,
    195,
    199
  ],
  "correct_rate": 64.5,
  "negative_samples_avg_ppl": 10.522253031591944,
  "positive_samples_avg_ppl": 9.37692745213597
}