{
  "correct_idxs": [
    0,
    1,
    2,
    3,
    4,
    6,
    8,
    9,
    11,
    12,
    15,
    17,
    19,
    20,
    25,
    26,
    28,
    31,
    34,
    35,
    38,
    41,
    42,
    45,
    46,
    49,
    50,
    54,
    55,
    56,
    57,
    58,
    61,
    62,
    63,
    64,
    65,
    67,
    68,
    70,
    72,
    75,
    76,
    77,
    78,
    80,
    81,
    83,
    84,
    85,
    86,
    87,
    92,
    94,
    95,
    96,
    97,
    98,
    99,
    100,
    101,
    102,
    103,
    104,
    106,
    108,
    109,
    110,
    111,
    112,
    114,
    116,
    117,
    118,
    120,
    121,
    122,
    123,
    124,
    125,
    130,
    131,
    132,
    134,
    135,
    136,
    137,
    138,
    139,
    141,
    142,
    143,
    144,
    145,
    146,
    147,
    149,
    150,
    151,
    154,
    155,
    156,
    157,
    159,
    162,
    164,
    165,
    168,
    169,
    170,
    174,
    175,
    176,
    177,
    181,
    183,
    185,
    186,
    188,
    189,
    193,
    194,
    195,
    196,
    198,
    199
  ],
  "correct_rate": 63.0,
  "negative_samples_avg_ppl": 150.9156047745762,
  "positive_samples_avg_ppl": 99.20789122979555
}