{
  "correct_idxs": [
    2,
    4,
    5,
    6,
    8,
    9,
    15,
    16,
    17,
    19,
    20,
    21,
    22,
    25,
    26,
    27,
    28,
    30,
    32,
    33,
    34,
    36,
    38,
    40,
    44,
    45,
    47,
    48,
    49,
    52,
    53,
    54,
    55,
    56,
    58,
    62,
    63,
    64,
    67,
    70,
    72,
    73,
    74,
    75,
    76,
    77,
    78,
    79,
    81,
    82,
    83,
    87,
    89,
    91,
    92,
    95,
    96,
    98,
    99,
    100,
    102,
    103,
    104,
    106,
    108,
    109,
    110,
    111,
    112,
    114,
    115,
    117,
    119,
    120,
    121,
    122,
    124,
    125,
    126,
    129,
    132,
    134,
    137,
    139,
    142,
    144,
    145,
    148,
    149,
    151,
    152,
    156,
    157,
    158,
    159,
    160,
    165,
    166,
    168,
    169,
    172,
    174,
    176,
    177,
    181,
    182,
    183,
    185,
    188,
    189,
    191,
    192,
    193,
    194,
    195,
    197,
    198
  ],
  "correct_rate": 58.5,
  "negative_samples_avg_ppl": 0.8992274601511389,
  "positive_samples_avg_ppl": 0.8533507844781629
}