{
  "correct_idxs": [
    0,
    1,
    2,
    3,
    5,
    7,
    9,
    10,
    13,
    16,
    19,
    21,
    25,
    28,
    31,
    32,
    33,
    34,
    35,
    37,
    40,
    43,
    44,
    45,
    46,
    49,
    50,
    51,
    52,
    54,
    55,
    56,
    58,
    59,
    63,
    66,
    71,
    74,
    75,
    76,
    77,
    79,
    80,
    83,
    86,
    91,
    94,
    96,
    97,
    101,
    105,
    107,
    108,
    112,
    113,
    115,
    117,
    118,
    119,
    121,
    122,
    123,
    125,
    126,
    127,
    129,
    132,
    134,
    136,
    138,
    141,
    143,
    144,
    146,
    150,
    151,
    153,
    154,
    155,
    158,
    159,
    161,
    163,
    166,
    168,
    173,
    175,
    176,
    179,
    181,
    183,
    186,
    189,
    190,
    192,
    193,
    194,
    196,
    199
  ],
  "correct_rate": 49.5,
  "negative_samples_avg_ppl": 1.0493460896178741,
  "positive_samples_avg_ppl": 1.0497980145847614
}