{
  "correct_idxs": [
    3,
    5,
    6,
    7,
    8,
    10,
    11,
    12,
    13,
    16,
    18,
    19,
    20,
    21,
    23,
    24,
    25,
    26,
    29,
    31,
    32,
    34,
    35,
    36,
    37,
    38,
    39,
    40,
    42,
    43,
    44,
    45,
    47,
    48,
    49,
    50,
    51,
    52,
    53,
    54,
    55,
    56,
    57,
    58,
    59,
    61,
    62,
    63,
    64,
    65,
    66,
    68,
    69,
    71,
    72,
    73,
    74,
    75,
    76,
    78,
    80,
    81,
    83,
    84,
    85,
    87,
    89,
    90,
    92,
    93,
    94,
    95,
    96,
    97,
    98,
    99,
    100,
    102,
    103,
    104,
    105,
    106,
    109,
    111,
    113,
    114,
    115,
    116,
    117,
    118,
    119,
    120,
    125,
    126,
    128,
    129,
    130,
    132,
    133,
    134,
    135,
    136,
    137,
    138,
    139,
    141,
    142,
    143,
    146,
    147,
    148,
    150,
    151,
    152,
    154,
    155,
    156,
    157,
    158,
    159,
    160,
    161,
    162,
    163,
    164,
    165,
    167,
    168,
    171,
    172,
    174,
    177,
    181,
    182,
    183,
    185,
    186,
    188,
    190,
    191,
    192,
    193,
    194,
    195,
    196,
    197
  ],
  "correct_rate": 73.0,
  "negative_samples_avg_ppl": 21.3708518654036,
  "positive_samples_avg_ppl": 7.758968066673179
}