{
  "correct_idxs": [
    0,
    1,
    2,
    3,
    4,
    6,
    7,
    10,
    11,
    12,
    13,
    14,
    18,
    19,
    21,
    22,
    23,
    24,
    34,
    36,
    37,
    38,
    39,
    40,
    41,
    42,
    44,
    45,
    47,
    48,
    49,
    50,
    52,
    53,
    55,
    56,
    57,
    58,
    59,
    60,
    62,
    65,
    67,
    70,
    72,
    73,
    74,
    77,
    78,
    79,
    82,
    85,
    90,
    95,
    96,
    98,
    99,
    100,
    103,
    104,
    106,
    108,
    109,
    110,
    111,
    112,
    113,
    114,
    115,
    117,
    118,
    120,
    125,
    126,
    127,
    128,
    129,
    130,
    131,
    133,
    134,
    135,
    137,
    138,
    140,
    143,
    144,
    145,
    146,
    147,
    148,
    149,
    150,
    152,
    155,
    159,
    162,
    164,
    168,
    169,
    170,
    171,
    172,
    173,
    174,
    175,
    176,
    179,
    180,
    182,
    184,
    185,
    186,
    187,
    188,
    189,
    190,
    195,
    196,
    197,
    198,
    199
  ],
  "correct_rate": 61.0,
  "negative_samples_avg_ppl": 5.152863878529988,
  "positive_samples_avg_ppl": 4.164751463852177
}