{
  "correct_idxs": [
    0,
    2,
    3,
    8,
    13,
    14,
    15,
    16,
    17,
    18,
    20,
    21,
    22,
    26,
    27,
    28,
    30,
    31,
    35,
    36,
    39,
    40,
    41,
    42,
    43,
    47,
    49,
    50,
    52,
    53,
    57,
    59,
    60,
    63,
    64,
    65,
    67,
    70,
    71,
    73,
    74,
    77,
    79,
    85,
    88,
    90,
    92,
    97,
    98,
    99,
    101,
    103,
    104,
    105,
    108,
    109,
    110,
    112,
    113,
    114,
    115,
    119,
    121,
    123,
    125,
    126,
    128,
    130,
    131,
    132,
    133,
    135,
    136,
    137,
    138,
    139,
    140,
    141,
    143,
    144,
    146,
    149,
    150,
    152,
    153,
    154,
    157,
    158,
    162,
    165,
    168,
    174,
    175,
    176,
    177,
    179,
    180,
    181,
    183,
    185,
    186,
    187,
    190,
    191,
    193,
    194,
    195,
    196,
    198
  ],
  "correct_rate": 54.5,
  "negative_samples_avg_ppl": 0.29840333921569345,
  "positive_samples_avg_ppl": 0.2613411281933364
}