{
  "correct_idxs": [
    4,
    8,
    12,
    13,
    14,
    15,
    16,
    18,
    19,
    22,
    23,
    24,
    26,
    27,
    33,
    34,
    36,
    37,
    38,
    39,
    40,
    41,
    46,
    47,
    48,
    52,
    53,
    55,
    56,
    59,
    60,
    62,
    63,
    65,
    67,
    70,
    73,
    75,
    82,
    86,
    89,
    92,
    94,
    95,
    96,
    99,
    100,
    102,
    103,
    104,
    108,
    109,
    110,
    111,
    114,
    115,
    117,
    120,
    121,
    122,
    125,
    127,
    128,
    129,
    131,
    135,
    137,
    139,
    140,
    141,
    143,
    145,
    146,
    147,
    148,
    150,
    151,
    154,
    156,
    157,
    158,
    159,
    160,
    161,
    163,
    164,
    165,
    166,
    169,
    170,
    171,
    172,
    173,
    174,
    175,
    176,
    180,
    181,
    183,
    184,
    185,
    187,
    188,
    190,
    191,
    195,
    196,
    197,
    198,
    199
  ],
  "correct_rate": 55.0,
  "negative_samples_avg_ppl": 171.27548804609194,
  "positive_samples_avg_ppl": 74.23278376801639
}