{
  "correct_idxs": [
    0,
    1,
    4,
    5,
    6,
    7,
    10,
    11,
    12,
    13,
    14,
    15,
    16,
    17,
    18,
    20,
    21,
    23,
    24,
    27,
    28,
    29,
    31,
    32,
    33,
    34,
    35,
    36,
    37,
    38,
    39,
    41,
    44,
    46,
    48,
    49,
    50,
    51,
    53,
    54,
    55,
    57,
    58,
    62,
    64,
    65,
    66,
    67,
    69,
    70,
    72,
    73,
    74,
    75,
    76,
    77,
    78,
    80,
    81,
    82,
    83,
    84,
    85,
    86,
    87,
    92,
    93,
    95,
    96,
    97,
    98,
    99,
    101,
    102,
    103,
    105,
    106,
    107,
    109,
    110,
    113,
    115,
    116,
    118,
    119,
    120,
    121,
    122,
    123,
    124,
    125,
    126,
    127,
    128,
    130,
    131,
    132,
    133,
    135,
    136,
    140,
    141,
    143,
    144,
    147,
    148,
    149,
    155,
    156,
    157,
    158,
    159,
    166,
    167,
    168,
    169,
    172,
    174,
    175,
    177,
    182,
    183,
    184,
    185,
    187,
    189,
    191,
    195,
    196,
    197,
    198
  ],
  "correct_rate": 65.5,
  "negative_samples_avg_ppl": 860.8323424065021,
  "positive_samples_avg_ppl": 610.7671359119867
}