{
  "correct_idxs": [
    0,
    4,
    6,
    7,
    11,
    16,
    18,
    21,
    23,
    30,
    31,
    32,
    33,
    34,
    36,
    37,
    40,
    42,
    48,
    49,
    50,
    51,
    52,
    53,
    54,
    58,
    60,
    63,
    67,
    68,
    69,
    70,
    71,
    78,
    79,
    81,
    82,
    83,
    84,
    85,
    86,
    87,
    91,
    92,
    93,
    95,
    97,
    99,
    100,
    102,
    103,
    104,
    105,
    106,
    110,
    111,
    114,
    115,
    116,
    117,
    119,
    120,
    122,
    126,
    127,
    129,
    131,
    133,
    134,
    136,
    137,
    138,
    142,
    143,
    145,
    146,
    147,
    148,
    151,
    153,
    154,
    155,
    158,
    159,
    162,
    163,
    164,
    165,
    166,
    167,
    170,
    171,
    174,
    176,
    177,
    179,
    183,
    184,
    186,
    187,
    189,
    190,
    191,
    192,
    193,
    194,
    195,
    196,
    198
  ],
  "correct_rate": 54.5,
  "negative_samples_avg_ppl": 146.48537550211813,
  "positive_samples_avg_ppl": 139.5208298698477
}