{
  "correct_idxs": [
    1,
    2,
    5,
    6,
    7,
    8,
    9,
    14,
    17,
    20,
    21,
    22,
    23,
    24,
    30,
    32,
    34,
    36,
    37,
    39,
    41,
    42,
    43,
    47,
    49,
    50,
    52,
    53,
    54,
    58,
    60,
    62,
    63,
    69,
    71,
    76,
    77,
    78,
    80,
    81,
    82,
    83,
    85,
    86,
    87,
    88,
    90,
    93,
    94,
    95,
    98,
    99,
    100,
    102,
    103,
    104,
    107,
    109,
    111,
    112,
    115,
    116,
    117,
    118,
    120,
    121,
    122,
    124,
    125,
    126,
    128,
    130,
    131,
    133,
    134,
    137,
    140,
    141,
    142,
    143,
    144,
    145,
    146,
    147,
    148,
    149,
    150,
    151,
    155,
    156,
    158,
    162,
    164,
    165,
    166,
    169,
    173,
    174,
    178,
    179,
    182,
    183,
    189,
    191,
    192,
    195,
    197
  ],
  "correct_rate": 54.59183673469388,
  "negative_samples_avg_ppl": 256.170068183384,
  "positive_samples_avg_ppl": 250.55896227816862
}