{
  "correct_idxs": [
    0,
    2,
    4,
    7,
    9,
    11,
    13,
    17,
    18,
    20,
    21,
    23,
    24,
    29,
    30,
    33,
    34,
    36,
    37,
    44,
    46,
    47,
    48,
    49,
    50,
    52,
    53,
    54,
    58,
    60,
    62,
    63,
    69,
    71,
    76,
    77,
    78,
    79,
    81,
    82,
    83,
    85,
    86,
    87,
    90,
    92,
    93,
    94,
    95,
    97,
    98,
    99,
    100,
    102,
    103,
    104,
    110,
    111,
    112,
    114,
    116,
    117,
    119,
    121,
    124,
    126,
    128,
    131,
    132,
    133,
    134,
    138,
    140,
    141,
    142,
    143,
    147,
    148,
    151,
    152,
    153,
    154,
    156,
    157,
    158,
    163,
    166,
    169,
    171,
    174,
    177,
    179,
    185,
    189,
    190,
    191,
    195,
    196,
    198
  ],
  "correct_rate": 49.5,
  "negative_samples_avg_ppl": 152.98435016706796,
  "positive_samples_avg_ppl": 153.35145702982837
}