{
  "correct_idxs": [
    2,
    8,
    18,
    24,
    25,
    30,
    36,
    42,
    44,
    48,
    49,
    53,
    54,
    60,
    61,
    63,
    69,
    76,
    85,
    86,
    90,
    95,
    99,
    102,
    103,
    111,
    117,
    121,
    122,
    125,
    128,
    134,
    141,
    142,
    144,
    145,
    156,
    159,
    162,
    168,
    169,
    170,
    179,
    185
  ],
  "correct_rate": 44.44444444444444,
  "negative_samples_avg_ppl": 159.7456803372621,
  "positive_samples_avg_ppl": 164.54508803015236
}