{
  "correct_idxs": [
    0,
    1,
    2,
    3,
    6,
    7,
    8,
    9,
    10,
    11,
    12,
    13,
    14,
    17,
    20,
    21,
    22,
    24,
    25,
    26,
    27,
    28,
    31,
    33,
    34,
    36,
    37,
    40,
    42,
    43,
    44,
    45,
    47,
    50,
    54,
    59,
    60,
    61,
    63,
    64,
    66,
    67,
    68,
    69,
    71,
    72,
    73,
    74,
    75,
    77,
    78,
    83,
    84,
    86,
    87,
    88,
    89,
    93,
    95,
    96,
    97,
    99,
    102,
    104,
    108,
    109,
    110,
    111,
    112,
    113,
    114,
    115,
    116,
    118,
    124,
    128,
    129,
    131,
    133,
    134,
    136,
    137,
    139,
    140,
    141,
    144,
    145,
    146,
    147,
    148,
    150,
    154,
    158,
    159,
    161,
    164,
    165,
    167,
    170,
    174,
    175,
    176,
    177,
    179,
    180,
    181,
    182,
    183,
    184,
    185,
    186,
    187,
    189,
    192,
    194,
    195,
    196,
    197,
    199
  ],
  "correct_rate": 59.5,
  "negative_samples_avg_ppl": 160.9104569026705,
  "positive_samples_avg_ppl": 104.96394421980061
}