{
  "correct_idxs": [
    0,
    2,
    3,
    5,
    6,
    7,
    8,
    9,
    10,
    11,
    12,
    13,
    14,
    15,
    16,
    18,
    19,
    20,
    21,
    25,
    27,
    29,
    30,
    31,
    32,
    33,
    35,
    36,
    37,
    39,
    41,
    43,
    47,
    48,
    49,
    50,
    52,
    53,
    54,
    55,
    56,
    58,
    59,
    60,
    62,
    63,
    65,
    66,
    70,
    72,
    75,
    80,
    83,
    84,
    85,
    86,
    87,
    90,
    91,
    92,
    93,
    97,
    101,
    104,
    108,
    109,
    112,
    113,
    118,
    119,
    120,
    121,
    122,
    124,
    125,
    129,
    130,
    131,
    133,
    134,
    136,
    137,
    138,
    139,
    140,
    141,
    144,
    145,
    146,
    150,
    151,
    153,
    155,
    156,
    157,
    158,
    159,
    162,
    163,
    164,
    165,
    168,
    172,
    173,
    174,
    175,
    178,
    180,
    181,
    186,
    187,
    190,
    192,
    193,
    195,
    196,
    197,
    198,
    199
  ],
  "correct_rate": 59.5,
  "negative_samples_avg_ppl": 19.874605778852366,
  "positive_samples_avg_ppl": 15.718258044408817
}