{
  "correct_idxs": [
    3,
    5,
    6,
    9,
    10,
    14,
    16,
    17,
    20,
    21,
    22,
    26,
    27,
    30,
    31,
    33,
    34,
    35,
    37,
    42,
    43,
    48,
    53,
    55,
    60,
    64,
    66,
    68,
    71,
    72,
    73,
    74,
    80,
    82,
    84,
    85,
    86,
    87,
    91,
    93,
    94,
    97,
    100,
    102,
    103,
    105,
    107,
    110,
    115,
    116,
    117,
    119,
    120,
    121,
    122,
    126,
    128,
    130,
    132,
    134,
    135,
    136,
    144,
    145,
    146,
    148,
    149,
    150,
    156,
    157,
    158,
    159,
    160,
    161,
    165,
    166,
    167,
    168,
    172,
    174,
    175,
    178,
    180,
    181,
    183,
    184,
    185,
    186,
    187,
    188,
    189,
    192,
    194,
    198
  ],
  "correct_rate": 47.0,
  "negative_samples_avg_ppl": 14.491393149707054,
  "positive_samples_avg_ppl": 16.088700284055957
}