{
  "correct_idxs": [
    4,
    5,
    6,
    9,
    14,
    16,
    19,
    20,
    21,
    23,
    26,
    30,
    31,
    32,
    33,
    34,
    35,
    37,
    42,
    43,
    48,
    52,
    55,
    60,
    61,
    63,
    64,
    66,
    68,
    69,
    71,
    72,
    73,
    74,
    76,
    80,
    81,
    82,
    83,
    84,
    85,
    87,
    88,
    90,
    93,
    95,
    97,
    98,
    100,
    101,
    103,
    105,
    106,
    107,
    110,
    113,
    115,
    116,
    117,
    120,
    122,
    123,
    126,
    128,
    130,
    132,
    134,
    136,
    140,
    141,
    142,
    145,
    146,
    148,
    149,
    150,
    154,
    156,
    157,
    158,
    159,
    160,
    161,
    162,
    165,
    166,
    168,
    171,
    172,
    174,
    175,
    178,
    180,
    181,
    184,
    185,
    186,
    188,
    189,
    192,
    193,
    194
  ],
  "correct_rate": 51.0,
  "negative_samples_avg_ppl": 14.605367430776024,
  "positive_samples_avg_ppl": 16.206452258927456
}