{
  "correct_idxs": [
    4,
    5,
    7,
    8,
    9,
    10,
    13,
    14,
    17,
    18,
    19,
    23,
    25,
    28,
    29,
    30,
    32,
    33,
    34,
    36,
    37,
    38,
    39,
    40,
    42,
    44,
    45,
    47,
    48,
    53,
    54,
    57,
    58,
    59,
    61,
    62,
    63,
    64,
    65,
    68,
    69,
    70,
    71,
    75,
    76,
    79,
    81,
    85,
    87,
    89,
    91,
    97,
    100,
    104,
    108,
    109,
    112,
    113,
    114,
    117,
    118,
    121,
    125,
    129,
    130,
    131,
    134,
    136,
    140,
    141,
    143,
    146,
    149,
    150,
    152,
    153,
    157,
    159,
    160,
    161,
    162,
    165,
    166,
    171,
    173,
    175,
    176,
    181,
    182,
    185,
    186,
    187,
    188,
    190,
    191,
    194
  ],
  "correct_rate": 48.0,
  "negative_samples_avg_ppl": 1.0433543083656458,
  "positive_samples_avg_ppl": 1.0428041901748573
}