{
  "correct_idxs": [
    1,
    4,
    6,
    9,
    10,
    11,
    13,
    15,
    16,
    17,
    18,
    21,
    23,
    25,
    28,
    30,
    33,
    34,
    36,
    38,
    40,
    46,
    48,
    49,
    50,
    51,
    52,
    53,
    56,
    57,
    58,
    59,
    60,
    61,
    62,
    64,
    69,
    70,
    72,
    73,
    74,
    75,
    76,
    77,
    78,
    79,
    81,
    85,
    88,
    91,
    92,
    93,
    95,
    98,
    100,
    101,
    102,
    103,
    107,
    108,
    109,
    110,
    112,
    117,
    118,
    126,
    128,
    129,
    130,
    131,
    132,
    134,
    135,
    136,
    137,
    138,
    139,
    140,
    142,
    145,
    148,
    149,
    150,
    152,
    153,
    154,
    157,
    158,
    159,
    162,
    169,
    170,
    171,
    172,
    173,
    174,
    176,
    177,
    179,
    182,
    184,
    185,
    187,
    188,
    189,
    190,
    191,
    193,
    194,
    195,
    197
  ],
  "correct_rate": 55.5,
  "negative_samples_avg_ppl": 0.4715401629258496,
  "positive_samples_avg_ppl": 0.3032075429062864
}