{
  "correct_idxs": [
    0,
    1,
    3,
    4,
    5,
    6,
    8,
    14,
    15,
    16,
    17,
    18,
    20,
    21,
    22,
    27,
    28,
    37,
    38,
    41,
    44,
    46,
    48,
    50,
    53,
    55,
    58,
    60,
    61,
    62,
    67,
    68,
    69,
    70,
    73,
    74,
    75,
    76,
    77,
    78,
    81,
    83,
    84,
    86,
    87,
    90,
    91,
    94,
    95,
    96,
    97,
    103,
    105,
    107,
    108,
    109,
    110,
    112,
    114,
    115,
    117,
    118,
    119,
    120,
    125,
    128,
    129,
    130,
    134,
    137,
    138,
    139,
    141,
    150,
    154,
    155,
    156,
    159,
    161,
    163,
    165,
    166,
    167,
    169,
    173,
    175,
    176,
    177,
    179,
    181,
    182,
    183,
    184,
    185,
    186,
    187,
    190,
    191,
    192,
    193,
    194,
    195,
    199
  ],
  "correct_rate": 51.5,
  "negative_samples_avg_ppl": 24.490047620918148,
  "positive_samples_avg_ppl": 22.586758033661635
}