{
  "correct_idxs": [
    1,
    2,
    3,
    4,
    6,
    7,
    8,
    9,
    11,
    17,
    20,
    21,
    22,
    23,
    24,
    26,
    29,
    31,
    33,
    34,
    35,
    36,
    37,
    38,
    39,
    40,
    43,
    46,
    49,
    50,
    51,
    53,
    59,
    60,
    61,
    62,
    63,
    67,
    68,
    71,
    72,
    73,
    77,
    81,
    82,
    83,
    84,
    85,
    86,
    87,
    88,
    89,
    92,
    94,
    97,
    98,
    99,
    100,
    101,
    102,
    103,
    105,
    106,
    107,
    109,
    112,
    113,
    114,
    115,
    116,
    120,
    121,
    122,
    124,
    127,
    129,
    130,
    131,
    133,
    134,
    135,
    137,
    139,
    143,
    144,
    145,
    146,
    149,
    150,
    151,
    154,
    155,
    158,
    159,
    161,
    162,
    163,
    166,
    168,
    169,
    172,
    174,
    178,
    179,
    180,
    182,
    185,
    186,
    187,
    191,
    192,
    193,
    194,
    195,
    196,
    198,
    199
  ],
  "correct_rate": 58.5,
  "negative_samples_avg_ppl": 0.4400696370689603,
  "positive_samples_avg_ppl": 0.26169412640762
}