{
  "correct_idxs": [
    0,
    2,
    3,
    8,
    12,
    13,
    14,
    15,
    16,
    18,
    19,
    21,
    24,
    25,
    26,
    27,
    29,
    31,
    32,
    35,
    36,
    38,
    39,
    40,
    41,
    43,
    44,
    46,
    47,
    57,
    61,
    64,
    65,
    66,
    67,
    68,
    69,
    71,
    72,
    73,
    74,
    75,
    76,
    80,
    83,
    84,
    86,
    87,
    89,
    90,
    92,
    95,
    97,
    98,
    100,
    101,
    104,
    108,
    109,
    110,
    111,
    114,
    115,
    118,
    119,
    122,
    123,
    127,
    129,
    130,
    132,
    134,
    135,
    136,
    138,
    139,
    141,
    142,
    144,
    145,
    146,
    147,
    150,
    151,
    154,
    155,
    156,
    157,
    164,
    167,
    168,
    171,
    172,
    173,
    176,
    177,
    178,
    179,
    180,
    182,
    183,
    184,
    186,
    187,
    188,
    190,
    192,
    195,
    196,
    198,
    199
  ],
  "correct_rate": 55.5,
  "negative_samples_avg_ppl": 0.655718821983454,
  "positive_samples_avg_ppl": 0.6139193911415008
}