{
  "correct_idxs": [
    0,
    2,
    3,
    5,
    7,
    9,
    11,
    12,
    14,
    15,
    16,
    17,
    19,
    20,
    22,
    23,
    24,
    25,
    26,
    28,
    29,
    30,
    32,
    33,
    34,
    35,
    37,
    39,
    41,
    42,
    44,
    45,
    47,
    48,
    49,
    50,
    52,
    53,
    56,
    57,
    58,
    60,
    61,
    62,
    63,
    64,
    67,
    69,
    70,
    71,
    73,
    74,
    75,
    79,
    82,
    83,
    84,
    85,
    90,
    92,
    97,
    99,
    100,
    102,
    105,
    106,
    107,
    108,
    110,
    111,
    114,
    115,
    116,
    120,
    121,
    124,
    125,
    129,
    131,
    132,
    136,
    137,
    142,
    145,
    149,
    150,
    152,
    153,
    154,
    155,
    157,
    160,
    162,
    163,
    164,
    165,
    166,
    167,
    169,
    175,
    176,
    177,
    180,
    181,
    182,
    183,
    184,
    187,
    188,
    191,
    197,
    198
  ],
  "correct_rate": 56.0,
  "negative_samples_avg_ppl": 0.3928575747308203,
  "positive_samples_avg_ppl": 0.2299533552904952
}