{
  "correct_idxs": [
    0,
    1,
    2,
    3,
    4,
    6,
    7,
    8,
    11,
    12,
    13,
    14,
    15,
    18,
    19,
    21,
    23,
    25,
    26,
    27,
    28,
    29,
    30,
    31,
    34,
    36,
    37,
    38,
    39,
    40,
    41,
    42,
    43,
    45,
    46,
    47,
    48,
    49,
    50,
    51,
    52,
    55,
    56,
    59,
    60,
    63,
    65,
    67,
    72,
    75,
    76,
    77,
    78,
    79,
    80,
    81,
    82,
    85,
    87,
    93,
    95,
    98,
    99,
    103,
    105,
    106,
    108,
    109,
    110,
    111,
    112,
    113,
    115,
    120,
    122,
    125,
    126,
    128,
    129,
    131,
    132,
    133,
    136,
    137,
    138,
    140,
    142,
    143,
    144,
    145,
    147,
    148,
    149,
    150,
    155,
    157,
    159,
    160,
    161,
    163,
    164,
    166,
    167,
    168,
    169,
    170,
    171,
    172,
    173,
    174,
    175,
    176,
    178,
    180,
    181,
    182,
    185,
    186,
    189,
    190,
    191,
    192,
    196,
    199
  ],
  "correct_rate": 62.0,
  "negative_samples_avg_ppl": 4.897612001989317,
  "positive_samples_avg_ppl": 4.166515334287871
}