{
  "correct_idxs": [
    0,
    1,
    2,
    3,
    6,
    7,
    8,
    9,
    12,
    13,
    14,
    16,
    17,
    20,
    21,
    22,
    24,
    25,
    26,
    27,
    28,
    31,
    32,
    33,
    34,
    35,
    37,
    38,
    40,
    42,
    44,
    45,
    47,
    49,
    51,
    52,
    53,
    54,
    59,
    60,
    61,
    64,
    66,
    67,
    68,
    71,
    72,
    73,
    74,
    75,
    77,
    78,
    83,
    84,
    86,
    87,
    88,
    89,
    91,
    93,
    95,
    96,
    97,
    99,
    102,
    103,
    104,
    109,
    110,
    111,
    112,
    113,
    114,
    115,
    116,
    118,
    122,
    124,
    127,
    128,
    129,
    131,
    133,
    134,
    136,
    137,
    138,
    139,
    140,
    141,
    142,
    144,
    145,
    146,
    147,
    148,
    150,
    154,
    158,
    159,
    160,
    161,
    165,
    166,
    170,
    174,
    175,
    177,
    179,
    180,
    181,
    182,
    183,
    184,
    185,
    186,
    187,
    189,
    190,
    192,
    194,
    195,
    196,
    197,
    199
  ],
  "correct_rate": 62.5,
  "negative_samples_avg_ppl": 183.13403642632468,
  "positive_samples_avg_ppl": 114.49004561076599
}