{
  "correct_idxs": [
    2,
    3,
    5,
    6,
    9,
    10,
    12,
    15,
    16,
    20,
    21,
    26,
    30,
    34,
    37,
    40,
    41,
    42,
    43,
    47,
    48,
    50,
    52,
    53,
    56,
    58,
    61,
    64,
    66,
    68,
    73,
    74,
    79,
    80,
    83,
    84,
    85,
    87,
    88,
    91,
    93,
    94,
    96,
    99,
    100,
    103,
    108,
    111,
    114,
    115,
    116,
    120,
    121,
    122,
    130,
    133,
    134,
    135,
    136,
    137,
    140,
    142,
    144,
    145,
    146,
    151,
    153,
    156,
    157,
    158,
    159,
    160,
    163,
    165,
    166,
    167,
    168,
    170,
    172,
    174,
    178,
    180,
    181,
    183,
    185,
    186,
    187,
    190,
    192,
    195
  ],
  "correct_rate": 45.0,
  "negative_samples_avg_ppl": 0.19990543569858113,
  "positive_samples_avg_ppl": 0.23742366296182524
}