{
  "correct_idxs": [
    0,
    2,
    3,
    4,
    6,
    7,
    8,
    11,
    12,
    14,
    15,
    17,
    19,
    20,
    21,
    22,
    26,
    27,
    29,
    30,
    33,
    35,
    37,
    39,
    40,
    41,
    43,
    44,
    45,
    46,
    49,
    52,
    53,
    54,
    58,
    59,
    60,
    61,
    62,
    63,
    64,
    65,
    66,
    68,
    69,
    70,
    71,
    72,
    73,
    74,
    76,
    78,
    80,
    82,
    85,
    86,
    88,
    89,
    90,
    92,
    93,
    94,
    95,
    96,
    97,
    98,
    99,
    100,
    101,
    103,
    104,
    106,
    107,
    109,
    110,
    111,
    112,
    115,
    117,
    120,
    122,
    123,
    124,
    127,
    128,
    129,
    130,
    131,
    132,
    133,
    136,
    138,
    140,
    142,
    147,
    148,
    151,
    153,
    155,
    156,
    157,
    160,
    162,
    163,
    165,
    169,
    171,
    172,
    174,
    176,
    178,
    179,
    181,
    182,
    183,
    185,
    187,
    188,
    189,
    190,
    191,
    192,
    193,
    194,
    195,
    196,
    197
  ],
  "correct_rate": 63.5,
  "negative_samples_avg_ppl": 0.8875543532219429,
  "positive_samples_avg_ppl": 0.8179683472027525
}