{
  "correct_idxs": [
    0,
    1,
    3,
    5,
    7,
    9,
    10,
    11,
    13,
    14,
    15,
    17,
    19,
    22,
    23,
    24,
    25,
    29,
    31,
    32,
    33,
    34,
    35,
    37,
    40,
    42,
    43,
    44,
    45,
    47,
    48,
    49,
    52,
    53,
    57,
    58,
    60,
    62,
    63,
    64,
    67,
    70,
    72,
    74,
    75,
    76,
    82,
    85,
    87,
    88,
    90,
    91,
    92,
    93,
    94,
    97,
    98,
    100,
    101,
    106,
    107,
    108,
    110,
    111,
    113,
    114,
    115,
    117,
    119,
    120,
    121,
    123,
    124,
    125,
    128,
    129,
    132,
    133,
    137,
    141,
    142,
    143,
    144,
    145,
    149,
    150,
    151,
    152,
    153,
    154,
    155,
    156,
    157,
    160,
    161,
    162,
    163,
    165,
    166,
    167,
    168,
    169,
    171,
    172,
    174,
    175,
    176,
    177,
    179,
    180,
    181,
    182,
    183,
    184,
    186,
    187,
    188,
    191,
    194,
    196,
    197,
    198
  ],
  "correct_rate": 61.0,
  "negative_samples_avg_ppl": 0.5770646748006051,
  "positive_samples_avg_ppl": 0.41283245300104354
}