{
  "correct_idxs": [
    1,
    3,
    4,
    8,
    9,
    11,
    14,
    16,
    17,
    18,
    19,
    20,
    24,
    28,
    29,
    30,
    39,
    43,
    45,
    47,
    49,
    54,
    57,
    60,
    64,
    65,
    66,
    67,
    68,
    69,
    70,
    72,
    74,
    75,
    76,
    77,
    78,
    79,
    81,
    82,
    84,
    90,
    91,
    93,
    94,
    95,
    97,
    98,
    99,
    103,
    104,
    105,
    107,
    109,
    110,
    111,
    112,
    114,
    116,
    117,
    118,
    120,
    121,
    122,
    125,
    126,
    127,
    129,
    131,
    133,
    135,
    136,
    137,
    138,
    139,
    141,
    145,
    146,
    148,
    149,
    151,
    152,
    155,
    157,
    160,
    161,
    162,
    163,
    164,
    168,
    169,
    171,
    175,
    177,
    179,
    181,
    184,
    185,
    189,
    194,
    195,
    196,
    197,
    199
  ],
  "correct_rate": 52.25,
  "negative_samples_avg_ppl": 0.13772175967704858,
  "positive_samples_avg_ppl": 0.10490175398457979
}