{
  "correct_idxs": [
    0,
    3,
    4,
    5,
    8,
    10,
    11,
    13,
    15,
    21,
    22,
    26,
    28,
    31,
    33,
    36,
    37,
    40,
    43,
    44,
    47,
    48,
    50,
    52,
    54,
    56,
    58,
    59,
    60,
    62,
    63,
    64,
    67,
    69,
    70,
    72,
    74,
    77,
    79,
    81,
    85,
    86,
    89,
    93,
    94,
    95,
    97,
    99,
    100,
    103,
    104,
    106,
    108,
    109,
    112,
    113,
    115,
    117,
    118,
    119,
    120,
    121,
    123,
    124,
    130,
    133,
    135,
    136,
    138,
    140,
    141,
    148,
    149,
    150,
    151,
    152,
    155,
    156,
    158,
    159,
    162,
    163,
    165,
    166,
    167,
    170,
    172,
    173,
    176,
    177,
    178,
    179,
    183,
    184,
    186,
    189,
    191,
    195,
    196,
    198,
    199
  ],
  "correct_rate": 50.5,
  "negative_samples_avg_ppl": 121.32476689573838,
  "positive_samples_avg_ppl": 127.27531531415764
}