{
  "correct_idxs": [
    1,
    2,
    4,
    9,
    12,
    14,
    16,
    17,
    19,
    20,
    21,
    23,
    25,
    26,
    27,
    29,
    30,
    31,
    32,
    33,
    34,
    35,
    36,
    38,
    40,
    42,
    44,
    46,
    49,
    51,
    53,
    55,
    56,
    58,
    59,
    60,
    65,
    67,
    70,
    73,
    75,
    77,
    79,
    82,
    84,
    86,
    88,
    89,
    91,
    94,
    95,
    96,
    98,
    101,
    102,
    104,
    105,
    106,
    109,
    110,
    113,
    115,
    117,
    119,
    121,
    125,
    126,
    133,
    135,
    139,
    142,
    145,
    149,
    151,
    155,
    160,
    161,
    162,
    164,
    166,
    168,
    169,
    171,
    174,
    176,
    177,
    178,
    180,
    182,
    184,
    186,
    189,
    190,
    192,
    194,
    197,
    199
  ],
  "correct_rate": 48.5,
  "negative_samples_avg_ppl": 21.1232839839657,
  "positive_samples_avg_ppl": 22.47093444137994
}