{
  "correct_idxs": [
    1,
    2,
    4,
    9,
    14,
    16,
    17,
    19,
    20,
    21,
    23,
    25,
    26,
    27,
    29,
    30,
    31,
    33,
    34,
    35,
    36,
    38,
    39,
    40,
    42,
    43,
    44,
    46,
    49,
    51,
    53,
    55,
    56,
    58,
    59,
    60,
    65,
    67,
    70,
    77,
    79,
    82,
    84,
    86,
    88,
    89,
    91,
    94,
    95,
    96,
    98,
    101,
    104,
    106,
    109,
    110,
    115,
    119,
    121,
    126,
    127,
    132,
    133,
    135,
    139,
    142,
    145,
    147,
    149,
    151,
    155,
    162,
    164,
    166,
    167,
    168,
    171,
    174,
    176,
    177,
    178,
    180,
    182,
    184,
    186,
    189,
    190,
    192,
    194,
    197,
    198,
    199
  ],
  "correct_rate": 46.0,
  "negative_samples_avg_ppl": 18.01670685726762,
  "positive_samples_avg_ppl": 19.830175448359963
}