{
  "correct_idxs": [
    0,
    1,
    2,
    6,
    7,
    8,
    9,
    10,
    11,
    12,
    14,
    15,
    16,
    17,
    21,
    22,
    24,
    26,
    27,
    28,
    31,
    32,
    33,
    34,
    37,
    40,
    43,
    44,
    45,
    46,
    47,
    49,
    50,
    52,
    53,
    54,
    55,
    57,
    59,
    60,
    61,
    66,
    67,
    68,
    69,
    70,
    71,
    72,
    73,
    74,
    75,
    76,
    77,
    78,
    80,
    82,
    83,
    84,
    85,
    88,
    89,
    91,
    92,
    95,
    96,
    97,
    101,
    104,
    108,
    110,
    111,
    112,
    113,
    114,
    115,
    116,
    118,
    119,
    120,
    121,
    122,
    125,
    126,
    127,
    128,
    129,
    130,
    131,
    133,
    134,
    136,
    137,
    138,
    140,
    141,
    143,
    144,
    145,
    146,
    147,
    148,
    149,
    150,
    154,
    156,
    158,
    159,
    161,
    163,
    164,
    165,
    166,
    167,
    169,
    170,
    171,
    172,
    174,
    175,
    176,
    177,
    178,
    179,
    180,
    181,
    182,
    183,
    185,
    186,
    187,
    188,
    189,
    190,
    192,
    194,
    195,
    196,
    198,
    199
  ],
  "correct_rate": 69.5,
  "negative_samples_avg_ppl": 1.0177242587075308,
  "positive_samples_avg_ppl": 1.0170688764766151
}