{
  "correct_idxs": [
    0,
    3,
    4,
    6,
    8,
    10,
    11,
    12,
    14,
    16,
    17,
    18,
    19,
    20,
    21,
    25,
    26,
    27,
    30,
    31,
    32,
    35,
    36,
    39,
    42,
    43,
    44,
    47,
    48,
    50,
    52,
    53,
    55,
    57,
    59,
    63,
    65,
    66,
    70,
    71,
    73,
    74,
    76,
    77,
    78,
    80,
    82,
    83,
    84,
    87,
    88,
    89,
    92,
    93,
    97,
    99,
    101,
    103,
    106,
    108,
    109,
    112,
    117,
    118,
    119,
    121,
    124,
    126,
    127,
    130,
    131,
    134,
    137,
    139,
    140,
    141,
    143,
    145,
    146,
    147,
    150,
    151,
    152,
    153,
    156,
    157,
    159,
    164,
    165,
    168,
    172,
    174,
    175,
    176,
    180,
    182,
    183,
    184,
    185,
    186,
    187,
    188,
    189,
    190,
    191,
    195,
    196,
    198
  ],
  "correct_rate": 54.0,
  "negative_samples_avg_ppl": 19.232652537074575,
  "positive_samples_avg_ppl": 14.976583690835522
}