{
  "correct_idxs": [
    0,
    2,
    3,
    5,
    6,
    8,
    9,
    10,
    12,
    13,
    14,
    15,
    18,
    22,
    23,
    24,
    28,
    32,
    33,
    34,
    37,
    39,
    41,
    43,
    45,
    47,
    48,
    50,
    52,
    54,
    57,
    58,
    61,
    62,
    63,
    65,
    66,
    68,
    69,
    71,
    72,
    73,
    75,
    76,
    78,
    81,
    82,
    85,
    87,
    90,
    91,
    93,
    94,
    95,
    96,
    97,
    99,
    103,
    107,
    108,
    111,
    112,
    114,
    116,
    118,
    119,
    120,
    122,
    123,
    124,
    125,
    126,
    127,
    128,
    130,
    131,
    132,
    133,
    136,
    137,
    138,
    139,
    140,
    141,
    144,
    145,
    146,
    148,
    149,
    150,
    153,
    154,
    156,
    157,
    158,
    159,
    160,
    164,
    165,
    166,
    167,
    169,
    170,
    172,
    175,
    176,
    178,
    180,
    181,
    184,
    187,
    188,
    191,
    193,
    195
  ],
  "correct_rate": 57.5,
  "negative_samples_avg_ppl": 0.05607113005277137,
  "positive_samples_avg_ppl": 0.05165545195373719
}