{
  "correct_idxs": [
    2,
    3,
    4,
    6,
    10,
    12,
    14,
    16,
    17,
    19,
    20,
    21,
    22,
    23,
    26,
    27,
    30,
    31,
    32,
    33,
    34,
    36,
    38,
    40,
    42,
    43,
    44,
    46,
    49,
    51,
    53,
    55,
    58,
    64,
    65,
    67,
    68,
    70,
    73,
    77,
    79,
    80,
    84,
    85,
    86,
    87,
    88,
    89,
    90,
    91,
    92,
    93,
    94,
    95,
    96,
    97,
    98,
    100,
    101,
    102,
    104,
    105,
    109,
    110,
    113,
    115,
    117,
    119,
    120,
    121,
    126,
    128,
    133,
    134,
    138,
    139,
    145,
    147,
    149,
    151,
    155,
    159,
    160,
    162,
    163,
    164,
    166,
    168,
    171,
    174,
    176,
    177,
    179,
    180,
    182,
    184,
    186,
    187,
    189,
    190,
    192,
    194,
    197,
    198,
    199
  ],
  "correct_rate": 52.5,
  "negative_samples_avg_ppl": 0.009132479142342855,
  "positive_samples_avg_ppl": 0.008100969122217184
}