{
  "correct_idxs": [
    0,
    1,
    3,
    4,
    6,
    8,
    9,
    10,
    11,
    17,
    19,
    22,
    23,
    24,
    27,
    28,
    29,
    30,
    31,
    32,
    33,
    34,
    35,
    36,
    37,
    40,
    41,
    42,
    43,
    44,
    48,
    50,
    51,
    52,
    53,
    55,
    56,
    57,
    60,
    62,
    64,
    65,
    67,
    71,
    72,
    74,
    77,
    78,
    80,
    82,
    84,
    85,
    88,
    90,
    92,
    93,
    95,
    96,
    97,
    98,
    99,
    103,
    104,
    106,
    108,
    109,
    111,
    113,
    114,
    117,
    118,
    122,
    123,
    126,
    128,
    130,
    131,
    132,
    134,
    135,
    136,
    137,
    138,
    140,
    144,
    148,
    149,
    150,
    152,
    153,
    154,
    155,
    156,
    157,
    158,
    159,
    163,
    164,
    167,
    168,
    170,
    171,
    174,
    175,
    176,
    177,
    179,
    181,
    182,
    185,
    187,
    188,
    189,
    191,
    193,
    196,
    198,
    199
  ],
  "correct_rate": 59.5,
  "negative_samples_avg_ppl": 110.90386411419114,
  "positive_samples_avg_ppl": 86.54165111287331
}