{
  "correct_idxs": [
    0,
    3,
    4,
    6,
    7,
    8,
    10,
    11,
    12,
    13,
    14,
    16,
    18,
    19,
    20,
    21,
    22,
    23,
    24,
    25,
    26,
    29,
    30,
    31,
    33,
    35,
    36,
    39,
    40,
    41,
    42,
    43,
    44,
    45,
    46,
    47,
    49,
    52,
    53,
    54,
    55,
    56,
    57,
    58,
    59,
    60,
    61,
    62,
    63,
    64,
    65,
    66,
    68,
    69,
    71,
    72,
    73,
    74,
    76,
    77,
    81,
    83,
    85,
    86,
    88,
    89,
    90,
    91,
    92,
    93,
    94,
    96,
    97,
    98,
    99,
    100,
    101,
    103,
    104,
    105,
    106,
    109,
    110,
    111,
    112,
    113,
    115,
    116,
    117,
    118,
    119,
    120,
    121,
    122,
    123,
    124,
    126,
    127,
    128,
    129,
    130,
    131,
    132,
    133,
    134,
    137,
    138,
    139,
    140,
    142,
    143,
    145,
    147,
    148,
    149,
    151,
    152,
    153,
    154,
    156,
    157,
    159,
    162,
    163,
    165,
    167,
    168,
    169,
    171,
    172,
    176,
    177,
    178,
    179,
    181,
    183,
    184,
    185,
    186,
    187,
    188,
    189,
    191,
    193,
    196,
    197,
    199
  ],
  "correct_rate": 73.5,
  "negative_samples_avg_ppl": 0.7358612476102536,
  "positive_samples_avg_ppl": 0.5217012893073717
}