{
  "correct_idxs": [
    0,
    2,
    3,
    4,
    5,
    7,
    8,
    9,
    10,
    11,
    12,
    13,
    14,
    15,
    16,
    18,
    19,
    20,
    21,
    22,
    23,
    24,
    25,
    26,
    27,
    28,
    29,
    30,
    32,
    33,
    34,
    35,
    37,
    38,
    39,
    41,
    42,
    43,
    44,
    46,
    47,
    48,
    49,
    50,
    51,
    53,
    54,
    55,
    56,
    57,
    58,
    59,
    60,
    61,
    62,
    63,
    64,
    65,
    66,
    67,
    69,
    70,
    71,
    72,
    73,
    75,
    76,
    77,
    78,
    80,
    81,
    82,
    83,
    84,
    86,
    87,
    88,
    89,
    90,
    91,
    92,
    94,
    97,
    98,
    99,
    102,
    103,
    104,
    105,
    107,
    109,
    110,
    111,
    112,
    113,
    114,
    115,
    116,
    117,
    118,
    120,
    121,
    122,
    123,
    124,
    125,
    126,
    127,
    128,
    129,
    130,
    133,
    135,
    139,
    141,
    146,
    148,
    149,
    152,
    153,
    154,
    155,
    156,
    157,
    158,
    159,
    160,
    161,
    165,
    166,
    167,
    168,
    171,
    172,
    173,
    174,
    175,
    176,
    178,
    179,
    182,
    185,
    186,
    187,
    188,
    189,
    191,
    192,
    193,
    195,
    197
  ],
  "correct_rate": 75.5,
  "negative_samples_avg_ppl": 4.74116948276307,
  "positive_samples_avg_ppl": 2.570035362810455
}