{
  "correct_idxs": [
    2,
    3,
    8,
    10,
    11,
    12,
    13,
    16,
    17,
    18,
    19,
    20,
    21,
    22,
    23,
    26,
    27,
    28,
    33,
    35,
    38,
    40,
    41,
    43,
    56,
    59,
    60,
    63,
    65,
    66,
    67,
    69,
    74,
    75,
    77,
    82,
    83,
    84,
    86,
    94,
    95,
    97,
    98,
    103,
    105,
    107,
    108,
    109,
    110,
    116,
    117,
    119,
    122,
    123,
    124,
    125,
    127,
    129,
    133,
    135,
    136,
    137,
    138,
    139,
    140,
    145,
    147,
    151,
    152,
    156,
    158,
    160,
    165,
    166,
    167,
    169,
    170,
    176,
    177,
    178,
    179,
    182,
    184,
    187,
    193,
    199
  ],
  "correct_rate": 43.0,
  "negative_samples_avg_ppl": 450.0863138902132,
  "positive_samples_avg_ppl": 621.9355889242032
}