{
  "correct_idxs": [
    1,
    2,
    3,
    8,
    10,
    11,
    12,
    13,
    16,
    17,
    18,
    20,
    21,
    22,
    23,
    26,
    27,
    33,
    35,
    38,
    40,
    41,
    43,
    56,
    59,
    60,
    62,
    63,
    65,
    66,
    67,
    69,
    71,
    75,
    77,
    81,
    82,
    83,
    84,
    94,
    95,
    97,
    100,
    103,
    105,
    107,
    108,
    109,
    110,
    113,
    116,
    117,
    120,
    122,
    123,
    124,
    125,
    126,
    127,
    129,
    133,
    135,
    136,
    137,
    138,
    139,
    140,
    143,
    147,
    151,
    152,
    156,
    158,
    160,
    165,
    166,
    169,
    170,
    172,
    176,
    177,
    178,
    179,
    180,
    182,
    184,
    185,
    187,
    190,
    193,
    199
  ],
  "correct_rate": 45.5,
  "negative_samples_avg_ppl": 10.226493798365098,
  "positive_samples_avg_ppl": 12.281823730044
}