{
  "correct_idxs": [
    0,
    6,
    8,
    10,
    12,
    13,
    14,
    15,
    17,
    18,
    19,
    20,
    21,
    22,
    25,
    28,
    30,
    31,
    32,
    34,
    35,
    39,
    41,
    44,
    50,
    52,
    53,
    54,
    55,
    56,
    57,
    58,
    59,
    60,
    65,
    66,
    69,
    71,
    73,
    74,
    75,
    77,
    78,
    80,
    81,
    85,
    87,
    91,
    93,
    94,
    95,
    96,
    97,
    99,
    100,
    102,
    104,
    107,
    109,
    112,
    114,
    115,
    117,
    118,
    119,
    120,
    121,
    124,
    125,
    127,
    128,
    129,
    131,
    133,
    135,
    136,
    137,
    138,
    139,
    140,
    141,
    143,
    145,
    146,
    147,
    148,
    154,
    155,
    157,
    158,
    159,
    161,
    162,
    163,
    165,
    166,
    167,
    170,
    171,
    172,
    173,
    174,
    176,
    178,
    179,
    181,
    182,
    183,
    184,
    185,
    186,
    187,
    188,
    189,
    190,
    192,
    193,
    194,
    195,
    196,
    197
  ],
  "correct_rate": 60.5,
  "negative_samples_avg_ppl": 2.9383013020213364,
  "positive_samples_avg_ppl": 2.431187333518703
}