{
  "correct_idxs": [
    0,
    2,
    5,
    7,
    9,
    10,
    11,
    12,
    14,
    15,
    16,
    18,
    20,
    22,
    23,
    24,
    25,
    32,
    33,
    34,
    35,
    36,
    37,
    38,
    39,
    45,
    46,
    47,
    49,
    50,
    51,
    52,
    53,
    55,
    56,
    57,
    60,
    61,
    63,
    64,
    65,
    67,
    69,
    70,
    72,
    73,
    75,
    76,
    77,
    78,
    79,
    80,
    81,
    82,
    83,
    84,
    85,
    88,
    90,
    91,
    92,
    93,
    94,
    97,
    98,
    102,
    103,
    104,
    105,
    108,
    110,
    112,
    113,
    114,
    116,
    118,
    120,
    122,
    123,
    124,
    125,
    126,
    127,
    128,
    130,
    131,
    133,
    134,
    136,
    138,
    139,
    141,
    142,
    143,
    146,
    147,
    149,
    152,
    154,
    156,
    159,
    160,
    161,
    164,
    165,
    167,
    169,
    170,
    171,
    173,
    175,
    177,
    178,
    180,
    181,
    182,
    187,
    189,
    192,
    194,
    195,
    196,
    197,
    198
  ],
  "correct_rate": 62.0,
  "negative_samples_avg_ppl": 396.90379720796375,
  "positive_samples_avg_ppl": 235.70562747294176
}