{
  "correct_idxs": [
    1,
    2,
    3,
    6,
    7,
    8,
    9,
    11,
    14,
    17,
    18,
    21,
    22,
    24,
    26,
    27,
    28,
    32,
    33,
    34,
    36,
    37,
    38,
    40,
    42,
    43,
    44,
    45,
    46,
    47,
    51,
    52,
    53,
    54,
    55,
    59,
    60,
    61,
    64,
    66,
    67,
    69,
    70,
    72,
    73,
    74,
    77,
    78,
    83,
    84,
    86,
    87,
    88,
    91,
    92,
    93,
    95,
    96,
    97,
    99,
    100,
    102,
    103,
    104,
    105,
    109,
    110,
    111,
    112,
    113,
    114,
    115,
    116,
    118,
    119,
    120,
    122,
    124,
    126,
    127,
    129,
    132,
    133,
    134,
    136,
    137,
    138,
    140,
    141,
    144,
    145,
    146,
    147,
    149,
    154,
    155,
    156,
    158,
    159,
    161,
    164,
    165,
    167,
    170,
    173,
    174,
    175,
    176,
    177,
    178,
    179,
    180,
    181,
    182,
    183,
    184,
    185,
    186,
    187,
    188,
    189,
    192,
    193,
    196,
    197,
    199
  ],
  "correct_rate": 63.0,
  "negative_samples_avg_ppl": 30.378981754855214,
  "positive_samples_avg_ppl": 21.36678870785506
}