{
  "correct_idxs": [
    0,
    1,
    2,
    3,
    4,
    6,
    7,
    9,
    11,
    12,
    14,
    15,
    16,
    18,
    20,
    22,
    23,
    25,
    26,
    30,
    31,
    32,
    36,
    40,
    42,
    45,
    48,
    49,
    51,
    53,
    55,
    56,
    57,
    60,
    64,
    65,
    66,
    67,
    69,
    70,
    72,
    74,
    75,
    76,
    77,
    79,
    80,
    81,
    83,
    84,
    85,
    87,
    88,
    90,
    91,
    92,
    95,
    96,
    98,
    100,
    101,
    102,
    103,
    104,
    105,
    108,
    111,
    112,
    116,
    118,
    119,
    120,
    122,
    123,
    124,
    125,
    127,
    128,
    130,
    133,
    134,
    135,
    141,
    145,
    149,
    150,
    151,
    152,
    153,
    156,
    157,
    159,
    160,
    161,
    162,
    163,
    164,
    165,
    169,
    171,
    177,
    180,
    181,
    184,
    189,
    192,
    195
  ],
  "correct_rate": 53.75,
  "negative_samples_avg_ppl": 155.13885945847272,
  "positive_samples_avg_ppl": 146.95453775045675
}