{
  "correct_idxs": [],
  "correct_rate": 0.0,
  "negative_samples_avg_ppl": 57.18891099506664,
  "positive_samples_avg_ppl": 57.18891099506664
}