{
  "correct_idxs": [
    1,
    2,
    4,
    5,
    8,
    11,
    14,
    15,
    16,
    18,
    19,
    21,
    23,
    28,
    29,
    33,
    34,
    35,
    37,
    38,
    39,
    40,
    41,
    43,
    48,
    53,
    54,
    55,
    56,
    57,
    58,
    60,
    63,
    65,
    66,
    67,
    69,
    74,
    77,
    79,
    83,
    84,
    87,
    88,
    90,
    91,
    95,
    97,
    100,
    101,
    102,
    107,
    108,
    110,
    112,
    114,
    115,
    116,
    117,
    119,
    122,
    124,
    125,
    126,
    127,
    128,
    129,
    130,
    134,
    136,
    137,
    139,
    142,
    146,
    148,
    149,
    150,
    151,
    152,
    158,
    159,
    161,
    165,
    166,
    167,
    169,
    170,
    171,
    173,
    175,
    176,
    178,
    179,
    182,
    183,
    186,
    187,
    191,
    192,
    195,
    197,
    198,
    199
  ],
  "correct_rate": 51.5,
  "negative_samples_avg_ppl": 21810.70479085881,
  "positive_samples_avg_ppl": 19529.614977548164
}