{
  "correct_idxs": [
    0,
    1,
    2,
    3,
    4,
    7,
    8,
    9,
    13,
    15,
    17,
    18,
    19,
    22,
    25,
    30,
    33,
    34,
    36,
    37,
    42,
    45,
    46,
    47,
    54,
    56,
    57,
    59,
    60,
    62,
    63,
    64,
    68,
    69,
    71,
    74,
    76,
    77,
    78,
    89,
    90,
    91,
    92,
    93,
    96,
    97,
    98,
    103,
    105,
    108,
    111,
    112,
    118,
    120,
    124,
    125,
    128,
    129,
    131,
    135,
    136,
    140,
    148,
    150,
    152,
    156,
    158,
    160,
    164,
    167,
    169,
    170,
    173,
    178,
    179,
    180,
    182,
    184,
    185,
    187,
    188,
    189,
    190,
    191,
    192,
    193,
    197,
    198
  ],
  "correct_rate": 44.0,
  "negative_samples_avg_ppl": 797.5205381016101,
  "positive_samples_avg_ppl": 897.6180161344745
}