{
  "correct_idxs": [
    1,
    2,
    4,
    9,
    11,
    13,
    15,
    18,
    21,
    22,
    27,
    28,
    29,
    30,
    31,
    34,
    36,
    37,
    39,
    42,
    44,
    45,
    46,
    48,
    58,
    59,
    60,
    61,
    62,
    67,
    68,
    70,
    73,
    74,
    75,
    76,
    77,
    78,
    87,
    89,
    90,
    91,
    96,
    97,
    98,
    99,
    100,
    103,
    105,
    106,
    108,
    109,
    111,
    114,
    118,
    122,
    126,
    128,
    131,
    134,
    135,
    136,
    138,
    139,
    140,
    141,
    145,
    146,
    147,
    148,
    150,
    151,
    152,
    154,
    155,
    156,
    158,
    160,
    164,
    166,
    167,
    168,
    170,
    171,
    173,
    177,
    178,
    182,
    184,
    185,
    188,
    189,
    190,
    192,
    193,
    197,
    199
  ],
  "correct_rate": 48.5,
  "negative_samples_avg_ppl": 46.119846210463535,
  "positive_samples_avg_ppl": 48.33046507197182
}