{
  "correct_idxs": [
    1,
    2,
    5,
    6,
    7,
    8,
    9,
    11,
    12,
    14,
    15,
    16,
    18,
    19,
    21,
    23,
    26,
    27,
    28,
    29,
    30,
    31,
    32,
    34,
    36,
    38,
    39,
    42,
    44,
    46,
    53,
    54,
    55,
    56,
    57,
    61,
    62,
    64,
    66,
    67,
    68,
    69,
    70,
    72,
    74,
    75,
    78,
    80,
    81,
    85,
    87,
    88,
    90,
    91,
    92,
    93,
    94,
    95,
    96,
    97,
    102,
    103,
    107,
    111,
    113,
    115,
    119,
    120,
    122,
    124,
    125,
    127,
    129,
    131,
    132,
    133,
    134,
    135,
    136,
    137,
    138,
    140,
    141,
    144,
    145,
    147,
    148,
    149,
    150,
    158,
    160,
    161,
    163,
    164,
    166,
    167,
    169,
    172,
    173,
    174,
    177,
    178,
    180,
    181,
    184,
    185,
    186,
    189,
    190,
    191,
    192,
    194,
    197,
    199
  ],
  "correct_rate": 57.0,
  "negative_samples_avg_ppl": 0.08899921738523257,
  "positive_samples_avg_ppl": 0.07247729660583667
}