{
  "correct_idxs": [
    1,
    2,
    5,
    6,
    9,
    12,
    16,
    17,
    18,
    19,
    21,
    23,
    26,
    29,
    30,
    35,
    43,
    47,
    48,
    49,
    53,
    54,
    55,
    58,
    59,
    60,
    62,
    68,
    71,
    73,
    75,
    77,
    78,
    79,
    80,
    82,
    83,
    84,
    85,
    86,
    90,
    91,
    92,
    94,
    98,
    99,
    102,
    104,
    107,
    110,
    111,
    115,
    116,
    117,
    123,
    124,
    125,
    131,
    133,
    137,
    139,
    140,
    141,
    142,
    143,
    145,
    146,
    148,
    150,
    153,
    156,
    162,
    165,
    168,
    172,
    176,
    177,
    179,
    180,
    182,
    183,
    185,
    187,
    188,
    191,
    194,
    195
  ],
  "correct_rate": 43.5,
  "negative_samples_avg_ppl": 2.529519184883,
  "positive_samples_avg_ppl": 2.531705103507007
}