{
  "correct_idxs": [
    3,
    6,
    9,
    10,
    11,
    12,
    13,
    19,
    20,
    21,
    22,
    24,
    26,
    27,
    29,
    30,
    31,
    33,
    34,
    36,
    37,
    40,
    41,
    44,
    45,
    48,
    49,
    52,
    55,
    56,
    59,
    60,
    64,
    65,
    71,
    75,
    77,
    78,
    80,
    86,
    87,
    88,
    90,
    92,
    96,
    97,
    109,
    112,
    113,
    114,
    122,
    125,
    126,
    128,
    132,
    136,
    137,
    138,
    140,
    141,
    143,
    148,
    149,
    150,
    153,
    154,
    160,
    161,
    163,
    164,
    165,
    166,
    167,
    168,
    169,
    170,
    171,
    172,
    173,
    175,
    176,
    177,
    179,
    180,
    185,
    186,
    187,
    188,
    189,
    190,
    191,
    192,
    194,
    195,
    198,
    199
  ],
  "correct_rate": 48.0,
  "negative_samples_avg_ppl": 374.3862377668699,
  "positive_samples_avg_ppl": 352.2614695141067
}