{
  "correct_idxs": [
    1,
    3,
    4,
    5,
    8,
    16,
    18,
    20,
    21,
    26,
    27,
    28,
    31,
    35,
    37,
    38,
    41,
    44,
    45,
    48,
    49,
    50,
    53,
    54,
    55,
    56,
    59,
    61,
    62,
    64,
    68,
    70,
    73,
    74,
    75,
    76,
    77,
    78,
    81,
    84,
    85,
    86,
    89,
    90,
    91,
    96,
    99,
    101,
    105,
    107,
    108,
    109,
    110,
    111,
    112,
    114,
    115,
    116,
    117,
    118,
    121,
    125,
    128,
    129,
    130,
    131,
    133,
    134,
    137,
    138,
    139,
    141,
    142,
    143,
    144,
    148,
    149,
    150,
    151,
    152,
    154,
    155,
    156,
    157,
    159,
    160,
    161,
    163,
    165,
    166,
    167,
    169,
    174,
    175,
    176,
    177,
    179,
    181,
    182,
    183,
    184,
    186,
    188,
    191,
    195,
    196,
    198
  ],
  "correct_rate": 53.5,
  "negative_samples_avg_ppl": 9.160577989647113,
  "positive_samples_avg_ppl": 8.729550561666313
}