{
  "correct_idxs": [
    1,
    3,
    4,
    5,
    8,
    11,
    16,
    18,
    20,
    21,
    27,
    28,
    37,
    38,
    44,
    45,
    48,
    50,
    53,
    54,
    55,
    56,
    57,
    58,
    61,
    62,
    64,
    67,
    68,
    69,
    70,
    73,
    74,
    75,
    76,
    77,
    78,
    79,
    81,
    84,
    86,
    89,
    90,
    92,
    93,
    95,
    96,
    105,
    107,
    108,
    109,
    110,
    112,
    114,
    115,
    116,
    118,
    120,
    121,
    123,
    125,
    127,
    128,
    129,
    130,
    131,
    134,
    137,
    138,
    141,
    143,
    144,
    148,
    150,
    152,
    153,
    154,
    155,
    156,
    157,
    159,
    161,
    163,
    165,
    166,
    167,
    169,
    175,
    176,
    177,
    179,
    182,
    183,
    185,
    186,
    187,
    188,
    191,
    193,
    194,
    195,
    196,
    198
  ],
  "correct_rate": 51.5,
  "negative_samples_avg_ppl": 9.104686537682028,
  "positive_samples_avg_ppl": 8.729550561666313
}