{
  "correct_idxs": [
    0,
    2,
    6,
    7,
    8,
    9,
    11,
    17,
    18,
    20,
    22,
    23,
    24,
    26,
    31,
    33,
    36,
    37,
    38,
    40,
    42,
    50,
    51,
    52,
    53,
    54,
    55,
    56,
    58,
    59,
    63,
    64,
    65,
    66,
    67,
    68,
    69,
    71,
    72,
    73,
    74,
    77,
    80,
    82,
    83,
    84,
    85,
    86,
    87,
    88,
    89,
    92,
    93,
    94,
    98,
    99,
    101,
    102,
    103,
    104,
    105,
    112,
    113,
    114,
    115,
    116,
    118,
    119,
    120,
    123,
    124,
    133,
    134,
    138,
    143,
    144,
    145,
    146,
    149,
    150,
    154,
    159,
    167,
    168,
    169,
    170,
    171,
    172,
    174,
    177,
    180,
    182,
    184,
    185,
    186,
    187,
    189,
    191,
    192,
    197,
    199
  ],
  "correct_rate": 50.5,
  "negative_samples_avg_ppl": 0.5461255524242813,
  "positive_samples_avg_ppl": 0.5108859695422998
}