{
  "correct_idxs": [
    1,
    2,
    5,
    6,
    8,
    11,
    12,
    13,
    14,
    15,
    16,
    17,
    18,
    19,
    20,
    23,
    24,
    25,
    26,
    28,
    30,
    34,
    35,
    36,
    37,
    38,
    39,
    40,
    41,
    43,
    44,
    46,
    47,
    48,
    49,
    50,
    51,
    52,
    53,
    54,
    56,
    57,
    58,
    59,
    60,
    62,
    63,
    65,
    66,
    67,
    69,
    71,
    72,
    73,
    74,
    77,
    78,
    79,
    80,
    83,
    84,
    86,
    87,
    88,
    90,
    91,
    94,
    96,
    99,
    100,
    103,
    104,
    105,
    106,
    108,
    110,
    111,
    114,
    115,
    117,
    124,
    125,
    126,
    127,
    129,
    130,
    131,
    132,
    134,
    141,
    142,
    147,
    149,
    150,
    152,
    153,
    155,
    156,
    157,
    159,
    163,
    164,
    171,
    172,
    174,
    176,
    177,
    179,
    181,
    182,
    183,
    185,
    187,
    190,
    192,
    193,
    194,
    195,
    196,
    199
  ],
  "correct_rate": 60.0,
  "negative_samples_avg_ppl": 15.846471291734955,
  "positive_samples_avg_ppl": 11.092519706554047
}