{
  "correct_idxs": [
    1,
    5,
    6,
    7,
    8,
    11,
    12,
    13,
    14,
    15,
    17,
    18,
    20,
    23,
    24,
    25,
    26,
    28,
    32,
    33,
    34,
    35,
    36,
    37,
    38,
    41,
    43,
    46,
    47,
    48,
    50,
    51,
    52,
    53,
    54,
    56,
    60,
    63,
    65,
    66,
    67,
    69,
    71,
    72,
    73,
    74,
    77,
    78,
    80,
    81,
    83,
    84,
    86,
    87,
    88,
    91,
    93,
    94,
    96,
    99,
    102,
    103,
    105,
    106,
    107,
    111,
    114,
    115,
    119,
    125,
    126,
    127,
    129,
    131,
    132,
    141,
    144,
    147,
    148,
    149,
    152,
    153,
    155,
    156,
    161,
    163,
    165,
    166,
    167,
    171,
    172,
    174,
    176,
    177,
    185,
    187,
    188,
    190,
    193,
    194,
    195
  ],
  "correct_rate": 50.5,
  "negative_samples_avg_ppl": 13.945217309830378,
  "positive_samples_avg_ppl": 12.308477326610904
}