{
  "correct_idxs": [
    1,
    2,
    3,
    4,
    5,
    6,
    9,
    10,
    11,
    12,
    14,
    18,
    19,
    21,
    22,
    24,
    26,
    27,
    28,
    30,
    32,
    34,
    36,
    43,
    44,
    46,
    47,
    52,
    55,
    59,
    60,
    61,
    63,
    65,
    66,
    67,
    68,
    69,
    70,
    73,
    83,
    85,
    86,
    87,
    90,
    92,
    94,
    95,
    96,
    97,
    99,
    101,
    102,
    104,
    105,
    106,
    107,
    109,
    110,
    115,
    116,
    117,
    118,
    119,
    120,
    121,
    123,
    124,
    125,
    127,
    128,
    129,
    130,
    131,
    133,
    135,
    136,
    138,
    139,
    141,
    142,
    143,
    146,
    149,
    154,
    155,
    159,
    160,
    161,
    164,
    165,
    166,
    167,
    169,
    173,
    174,
    175,
    178,
    180,
    181,
    182,
    190,
    191,
    192,
    194,
    196,
    199
  ],
  "correct_rate": 53.5,
  "negative_samples_avg_ppl": 5.600193823582116,
  "positive_samples_avg_ppl": 5.078781681568039
}