{
  "correct_idxs": [
    3,
    4,
    6,
    9,
    10,
    12,
    15,
    16,
    17,
    20,
    21,
    22,
    23,
    25,
    26,
    28,
    29,
    31,
    32,
    33,
    34,
    36,
    37,
    38,
    39,
    43,
    45,
    46,
    48,
    49,
    50,
    54,
    55,
    58,
    60,
    63,
    64,
    65,
    68,
    70,
    71,
    72,
    73,
    74,
    75,
    78,
    80,
    83,
    84,
    85,
    88,
    89,
    92,
    97,
    98,
    100,
    105,
    106,
    107,
    109,
    110,
    111,
    112,
    113,
    115,
    117,
    120,
    121,
    122,
    123,
    124,
    126,
    128,
    131,
    134,
    135,
    136,
    137,
    138,
    140,
    141,
    143,
    145,
    149,
    151,
    152,
    154,
    160,
    161,
    162,
    166,
    169,
    170,
    172,
    174,
    175,
    177,
    180,
    181,
    183,
    184,
    185,
    188,
    189,
    191,
    192,
    196,
    198
  ],
  "correct_rate": 54.0,
  "negative_samples_avg_ppl": 239.6176283001092,
  "positive_samples_avg_ppl": 196.252531513656
}