{
  "correct_idxs": [
    0,
    2,
    4,
    8,
    10,
    13,
    20,
    21,
    23,
    29,
    31,
    32,
    34,
    35,
    36,
    37,
    39,
    40,
    44,
    46,
    48,
    51,
    59,
    60,
    61,
    62,
    63,
    64,
    67,
    69,
    70,
    71,
    72,
    73,
    76,
    77,
    79,
    81,
    82,
    83,
    86,
    88,
    91,
    92,
    93,
    94,
    96,
    99,
    100,
    101,
    103,
    104,
    105,
    106,
    108,
    113,
    114,
    116,
    117,
    118,
    119,
    120,
    125,
    126,
    127,
    128,
    129,
    130,
    132,
    135,
    140,
    145,
    146,
    152,
    155,
    158,
    159,
    162,
    163,
    164,
    174,
    175,
    177,
    178,
    179,
    180,
    182,
    184,
    185,
    186,
    187,
    188,
    189,
    190,
    191,
    192,
    193,
    195,
    199
  ],
  "correct_rate": 49.5,
  "negative_samples_avg_ppl": 47.042461980847435,
  "positive_samples_avg_ppl": 45.76476720803176
}