{
  "correct_idxs": [
    0,
    4,
    5,
    6,
    9,
    10,
    11,
    12,
    15,
    16,
    17,
    18,
    19,
    21,
    22,
    23,
    24,
    25,
    27,
    28,
    30,
    32,
    34,
    35,
    36,
    37,
    38,
    39,
    40,
    43,
    45,
    46,
    48,
    49,
    53,
    56,
    57,
    58,
    60,
    63,
    64,
    65,
    66,
    68,
    69,
    70,
    72,
    73,
    74,
    76,
    77,
    78,
    80,
    83,
    84,
    85,
    87,
    90,
    94,
    96,
    97,
    100,
    102,
    103,
    104,
    105,
    106,
    107,
    112,
    113,
    114,
    116,
    119,
    120,
    121,
    122,
    123,
    125,
    126,
    127,
    128,
    133,
    134,
    135,
    136,
    138,
    142,
    143,
    144,
    145,
    146,
    148,
    149,
    150,
    152,
    153,
    154,
    156,
    158,
    160,
    161,
    162,
    164,
    168,
    171,
    182,
    184,
    185,
    189,
    193,
    194,
    195,
    196,
    197,
    199
  ],
  "correct_rate": 57.75,
  "negative_samples_avg_ppl": 6.556115961873075,
  "positive_samples_avg_ppl": 6.196054026860302
}