{
  "correct_idxs": [
    2,
    3,
    4,
    5,
    9,
    10,
    14,
    17,
    18,
    19,
    20,
    22,
    23,
    25,
    28,
    29,
    36,
    40,
    41,
    42,
    43,
    44,
    47,
    51,
    52,
    55,
    57,
    58,
    62,
    63,
    64,
    65,
    69,
    70,
    75,
    76,
    77,
    78,
    79,
    80,
    81,
    83,
    84,
    85,
    87,
    90,
    91,
    93,
    94,
    97,
    98,
    100,
    104,
    105,
    107,
    110,
    112,
    113,
    118,
    119,
    121,
    123,
    124,
    125,
    127,
    128,
    129,
    130,
    131,
    132,
    136,
    137,
    142,
    144,
    152,
    154,
    157,
    159,
    160,
    162,
    163,
    167,
    169,
    170,
    174,
    175,
    180,
    183,
    185,
    186,
    188,
    189,
    192,
    194,
    199
  ],
  "correct_rate": 47.5,
  "negative_samples_avg_ppl": 76.64244446594921,
  "positive_samples_avg_ppl": 79.09192661061918
}