{
  "correct_idxs": [
    2,
    3,
    4,
    5,
    9,
    10,
    14,
    17,
    18,
    19,
    20,
    22,
    23,
    25,
    26,
    28,
    29,
    36,
    40,
    41,
    42,
    43,
    44,
    47,
    51,
    52,
    55,
    58,
    61,
    62,
    63,
    64,
    65,
    69,
    70,
    71,
    75,
    76,
    77,
    78,
    79,
    80,
    81,
    83,
    84,
    85,
    87,
    90,
    91,
    93,
    94,
    97,
    99,
    100,
    103,
    104,
    105,
    107,
    110,
    113,
    118,
    119,
    121,
    123,
    124,
    125,
    127,
    129,
    131,
    132,
    136,
    137,
    142,
    144,
    152,
    154,
    157,
    159,
    160,
    162,
    163,
    164,
    167,
    168,
    169,
    170,
    174,
    175,
    180,
    183,
    185,
    186,
    188,
    189,
    192,
    194,
    199
  ],
  "correct_rate": 48.5,
  "negative_samples_avg_ppl": 775.2472647240224,
  "positive_samples_avg_ppl": 815.4535091870121
}