{
  "correct_idxs": [
    1,
    3,
    6,
    7,
    10,
    13,
    14,
    17,
    18,
    19,
    20,
    21,
    22,
    23,
    30,
    32,
    33,
    36,
    37,
    38,
    41,
    43,
    45,
    47,
    49,
    50,
    51,
    52,
    53,
    55,
    56,
    57,
    58,
    59,
    63,
    64,
    66,
    67,
    72,
    78,
    80,
    82,
    83,
    87,
    88,
    90,
    92,
    93,
    94,
    95,
    96,
    101,
    107,
    108,
    111,
    112,
    113,
    114,
    116,
    118,
    119,
    120,
    121,
    122,
    123,
    125,
    127,
    129,
    130,
    132,
    133,
    144,
    145,
    146,
    147,
    149,
    152,
    154,
    155,
    156,
    158,
    159,
    163,
    164,
    167,
    168,
    169,
    170,
    173,
    174,
    178,
    179,
    182,
    183,
    184,
    185,
    187,
    188,
    189,
    190,
    193,
    194,
    195,
    198
  ],
  "correct_rate": 52.0,
  "negative_samples_avg_ppl": 77.27896134703562,
  "positive_samples_avg_ppl": 71.19865823426923
}