{
  "correct_idxs": [
    0,
    2,
    3,
    4,
    5,
    6,
    7,
    10,
    13,
    14,
    15,
    17,
    18,
    19,
    21,
    22,
    23,
    25,
    26,
    29,
    30,
    31,
    32,
    33,
    34,
    36,
    37,
    38,
    40,
    42,
    43,
    44,
    45,
    47,
    49,
    52,
    53,
    54,
    56,
    57,
    58,
    59,
    61,
    64,
    67,
    68,
    69,
    70,
    72,
    73,
    75,
    76,
    77,
    79,
    82,
    83,
    85,
    86,
    87,
    88,
    90,
    91,
    92,
    93,
    98,
    99,
    100,
    101,
    102,
    103,
    104,
    105,
    106,
    107,
    108,
    112,
    113,
    114,
    115,
    116,
    120,
    121,
    122,
    124,
    125,
    126,
    130,
    131,
    134,
    136,
    138,
    140,
    142,
    143,
    144,
    145,
    147,
    149,
    151,
    152,
    153,
    154,
    155,
    157,
    158,
    164,
    165,
    168,
    169,
    171,
    174,
    175,
    176,
    178,
    179,
    180,
    181,
    182,
    184,
    186,
    187,
    191,
    193,
    195,
    196,
    198
  ],
  "correct_rate": 63.0,
  "negative_samples_avg_ppl": 0.5636900637084433,
  "positive_samples_avg_ppl": 0.25333565729952096
}