{
  "correct_idxs": [
    0,
    3,
    4,
    5,
    6,
    7,
    8,
    9,
    11,
    13,
    15,
    16,
    18,
    19,
    20,
    21,
    22,
    23,
    24,
    25,
    26,
    28,
    29,
    31,
    32,
    33,
    34,
    36,
    39,
    40,
    41,
    42,
    43,
    44,
    47,
    49,
    50,
    51,
    52,
    53,
    55,
    56,
    57,
    58,
    59,
    60,
    65,
    67,
    69,
    70,
    71,
    72,
    73,
    74,
    75,
    76,
    78,
    79,
    82,
    84,
    85,
    87,
    90,
    91,
    92,
    95,
    96,
    98,
    99,
    100,
    101,
    102,
    103,
    104,
    105,
    108,
    109,
    110,
    111,
    112,
    114,
    115,
    116,
    118,
    119,
    120,
    123,
    125,
    126,
    127,
    128,
    129,
    130,
    131,
    132,
    134,
    136,
    137,
    138,
    139,
    144,
    145,
    146,
    148,
    149,
    150,
    152,
    153,
    155,
    156,
    157,
    159,
    160,
    161,
    162,
    163,
    164,
    165,
    166,
    167,
    168,
    169,
    170,
    171,
    172,
    173,
    174,
    175,
    176,
    177,
    179,
    181,
    182,
    183,
    185,
    188,
    189,
    190,
    192,
    194,
    195,
    196,
    198,
    199
  ],
  "correct_rate": 72.0,
  "negative_samples_avg_ppl": 221.53950155726739,
  "positive_samples_avg_ppl": 122.96492906724431
}