{
  "correct_idxs": [
    0,
    2,
    3,
    5,
    6,
    7,
    8,
    9,
    10,
    11,
    12,
    16,
    17,
    21,
    26,
    27,
    28,
    29,
    30,
    32,
    33,
    34,
    36,
    37,
    38,
    40,
    42,
    43,
    44,
    45,
    46,
    48,
    49,
    50,
    51,
    52,
    53,
    54,
    55,
    59,
    60,
    61,
    66,
    67,
    68,
    69,
    70,
    71,
    72,
    73,
    74,
    77,
    78,
    82,
    83,
    84,
    88,
    89,
    91,
    93,
    95,
    96,
    97,
    99,
    101,
    103,
    104,
    108,
    109,
    110,
    111,
    112,
    113,
    114,
    115,
    116,
    117,
    118,
    120,
    121,
    122,
    123,
    125,
    126,
    127,
    128,
    129,
    130,
    131,
    133,
    134,
    136,
    137,
    138,
    140,
    141,
    142,
    145,
    146,
    148,
    154,
    156,
    158,
    159,
    161,
    162,
    163,
    165,
    166,
    167,
    169,
    170,
    171,
    172,
    174,
    175,
    176,
    177,
    179,
    180,
    181,
    182,
    183,
    184,
    185,
    186,
    187,
    190,
    192,
    193,
    195,
    196,
    197,
    199
  ],
  "correct_rate": 67.0,
  "negative_samples_avg_ppl": 6.331925774764874,
  "positive_samples_avg_ppl": 5.320760880843243
}