{
  "correct_idxs": [
    0,
    3,
    5,
    7,
    9,
    11,
    15,
    17,
    20,
    21,
    22,
    23,
    26,
    27,
    28,
    29,
    30,
    31,
    32,
    33,
    36,
    38,
    40,
    41,
    43,
    45,
    46,
    48,
    49,
    52,
    53,
    54,
    55,
    56,
    57,
    59,
    62,
    65,
    66,
    67,
    68,
    70,
    72,
    73,
    74,
    75,
    76,
    77,
    82,
    83,
    84,
    87,
    88,
    92,
    95,
    96,
    98,
    99,
    102,
    103,
    104,
    105,
    106,
    107,
    108,
    110,
    112,
    113,
    114,
    115,
    116,
    118,
    121,
    122,
    124,
    125,
    126,
    128,
    129,
    130,
    131,
    134,
    139,
    140,
    141,
    142,
    143,
    144,
    145,
    146,
    147,
    149,
    150,
    151,
    152,
    153,
    154,
    155,
    157,
    159,
    161,
    163,
    164,
    166,
    167,
    168,
    169,
    170,
    171,
    172,
    173,
    174,
    175,
    176,
    178,
    179,
    181,
    182,
    183,
    184,
    186,
    189,
    190,
    191,
    194,
    195,
    196,
    197
  ],
  "correct_rate": 64.0,
  "negative_samples_avg_ppl": 1.0574805403635446,
  "positive_samples_avg_ppl": 0.8667546830603196
}