{
  "correct_idxs": [
    0,
    4,
    5,
    6,
    7,
    13,
    15,
    17,
    18,
    19,
    20,
    21,
    22,
    24,
    26,
    27,
    28,
    29,
    30,
    31,
    32,
    33,
    35,
    39,
    41,
    43,
    45,
    46,
    49,
    53,
    55,
    56,
    61,
    62,
    63,
    64,
    65,
    66,
    67,
    71,
    73,
    74,
    76,
    77,
    81,
    82,
    85,
    86,
    88,
    93,
    96,
    97,
    99,
    103,
    105,
    112,
    113,
    116,
    118,
    119,
    120,
    121,
    123,
    124,
    125,
    127,
    131,
    132,
    135,
    140,
    142,
    145,
    146,
    147,
    149,
    150,
    151,
    153,
    154,
    155,
    156,
    163,
    164,
    165,
    166,
    169,
    170,
    171,
    174,
    175,
    176,
    177,
    181,
    183,
    184,
    185,
    186,
    187,
    188,
    189,
    190,
    191,
    194,
    197
  ],
  "correct_rate": 52.0,
  "negative_samples_avg_ppl": 20.126253909199956,
  "positive_samples_avg_ppl": 19.71896716240967
}