{
  "correct_idxs": [
    0,
    2,
    4,
    5,
    6,
    8,
    11,
    15,
    16,
    19,
    20,
    25,
    26,
    27,
    28,
    30,
    33,
    35,
    36,
    37,
    39,
    40,
    46,
    48,
    50,
    51,
    52,
    56,
    60,
    62,
    63,
    64,
    66,
    67,
    69,
    70,
    71,
    72,
    73,
    74,
    75,
    76,
    79,
    81,
    83,
    87,
    89,
    90,
    91,
    92,
    93,
    94,
    95,
    97,
    98,
    100,
    102,
    103,
    104,
    105,
    106,
    108,
    109,
    112,
    113,
    114,
    115,
    116,
    117,
    119,
    120,
    123,
    125,
    127,
    131,
    132,
    134,
    135,
    136,
    143,
    144,
    145,
    147,
    150,
    151,
    158,
    160,
    161,
    163,
    164,
    166,
    167,
    169,
    170,
    171,
    172,
    173,
    176,
    177,
    178,
    179,
    180,
    182,
    183,
    184,
    185,
    186,
    188,
    191,
    192,
    195,
    196,
    197,
    198
  ],
  "correct_rate": 57.0,
  "negative_samples_avg_ppl": 0.6021329135133945,
  "positive_samples_avg_ppl": 0.5925524029245212
}