{
  "correct_idxs": [
    0,
    3,
    4,
    5,
    6,
    7,
    8,
    9,
    12,
    13,
    14,
    15,
    16,
    19,
    23,
    24,
    25,
    26,
    27,
    29,
    34,
    35,
    37,
    38,
    42,
    44,
    45,
    49,
    50,
    53,
    54,
    56,
    59,
    62,
    67,
    69,
    70,
    72,
    74,
    75,
    78,
    83,
    84,
    87,
    88,
    90,
    91,
    93,
    94,
    97,
    98,
    100,
    101,
    103,
    104,
    108,
    110,
    113,
    114,
    115,
    116,
    117,
    119,
    124,
    125,
    128,
    131,
    133,
    136,
    142,
    146,
    149,
    150,
    151,
    153,
    154,
    155,
    157,
    159,
    160,
    161,
    166,
    169,
    173,
    174,
    175,
    177,
    182,
    183,
    184,
    187,
    188,
    189,
    191,
    197,
    198
  ],
  "correct_rate": 48.0,
  "negative_samples_avg_ppl": 0.3759786771210054,
  "positive_samples_avg_ppl": 0.37635782253858324
}