{
  "correct_idxs": [
    0,
    1,
    3,
    4,
    5,
    7,
    8,
    9,
    10,
    15,
    20,
    23,
    26,
    27,
    31,
    32,
    34,
    35,
    36,
    39,
    40,
    47,
    49,
    50,
    51,
    53,
    55,
    57,
    60,
    62,
    64,
    65,
    67,
    68,
    73,
    74,
    78,
    81,
    82,
    87,
    88,
    90,
    93,
    97,
    98,
    99,
    100,
    101,
    104,
    105,
    106,
    108,
    111,
    114,
    116,
    117,
    120,
    121,
    126,
    127,
    129,
    130,
    131,
    132,
    133,
    138,
    139,
    141,
    143,
    145,
    146,
    147,
    151,
    152,
    153,
    154,
    155,
    159,
    160,
    162,
    164,
    167,
    168,
    169,
    171,
    172,
    174,
    178,
    179,
    180,
    184,
    185,
    187,
    189,
    192,
    195,
    199
  ],
  "correct_rate": 48.5,
  "negative_samples_avg_ppl": 0.4796530326010365,
  "positive_samples_avg_ppl": 0.46439895749411275
}