{
  "correct_idxs": [
    1,
    3,
    4,
    5,
    8,
    11,
    13,
    16,
    18,
    22,
    23,
    25,
    26,
    27,
    30,
    31,
    33,
    35,
    38,
    40,
    46,
    48,
    49,
    50,
    51,
    52,
    54,
    56,
    57,
    59,
    60,
    64,
    65,
    66,
    67,
    69,
    71,
    72,
    76,
    77,
    79,
    81,
    82,
    85,
    86,
    87,
    88,
    91,
    93,
    94,
    95,
    96,
    97,
    100,
    102,
    103,
    104,
    105,
    106,
    107,
    108,
    110,
    112,
    113,
    114,
    115,
    117,
    119,
    123,
    124,
    125,
    126,
    127,
    128,
    129,
    134,
    135,
    136,
    137,
    138,
    139,
    140,
    144,
    148,
    149,
    150,
    151,
    152,
    153,
    155,
    158,
    161,
    165,
    166,
    167,
    168,
    170,
    171,
    173,
    177,
    178,
    179,
    180,
    183,
    185,
    187,
    188,
    189,
    190,
    191,
    192,
    193,
    196,
    197
  ],
  "correct_rate": 57.0,
  "negative_samples_avg_ppl": 345.03391330649566,
  "positive_samples_avg_ppl": 239.93547780261142
}