{
  "correct_idxs": [
    0,
    1,
    2,
    4,
    5,
    10,
    13,
    14,
    15,
    16,
    20,
    22,
    23,
    24,
    28,
    30,
    32,
    34,
    35,
    36,
    37,
    38,
    39,
    40,
    43,
    45,
    46,
    47,
    55,
    57,
    58,
    59,
    60,
    62,
    64,
    65,
    66,
    67,
    69,
    71,
    72,
    73,
    74,
    76,
    77,
    78,
    79,
    80,
    81,
    83,
    85,
    87,
    88,
    90,
    92,
    94,
    95,
    97,
    98,
    99,
    100,
    102,
    107,
    108,
    110,
    113,
    116,
    118,
    119,
    120,
    122,
    125,
    127,
    128,
    130,
    131,
    133,
    136,
    139,
    141,
    142,
    143,
    144,
    147,
    150,
    151,
    152,
    153,
    155,
    156,
    158,
    159,
    161,
    163,
    164,
    167,
    168,
    169,
    171,
    172,
    173,
    179,
    180,
    182,
    183,
    184,
    185,
    189,
    194,
    196,
    197,
    199
  ],
  "correct_rate": 56.0,
  "negative_samples_avg_ppl": 12.023559012564336,
  "positive_samples_avg_ppl": 11.21573806003461
}