{
  "correct_idxs": [
    0,
    5,
    7,
    9,
    12,
    15,
    16,
    18,
    20,
    21,
    22,
    23,
    24,
    25,
    28,
    30,
    32,
    33,
    34,
    35,
    37,
    38,
    39,
    40,
    45,
    46,
    47,
    49,
    50,
    52,
    53,
    55,
    56,
    57,
    59,
    60,
    61,
    63,
    64,
    67,
    68,
    70,
    71,
    72,
    73,
    75,
    76,
    77,
    78,
    79,
    80,
    83,
    84,
    85,
    88,
    90,
    91,
    92,
    94,
    96,
    97,
    98,
    103,
    104,
    107,
    108,
    110,
    113,
    116,
    118,
    120,
    122,
    123,
    124,
    125,
    126,
    128,
    130,
    131,
    133,
    134,
    135,
    136,
    141,
    142,
    143,
    146,
    147,
    149,
    152,
    154,
    155,
    156,
    160,
    162,
    164,
    165,
    166,
    167,
    169,
    171,
    172,
    173,
    175,
    181,
    182,
    183,
    184,
    185,
    187,
    189,
    192,
    195,
    196,
    197,
    198,
    199
  ],
  "correct_rate": 58.5,
  "negative_samples_avg_ppl": 46.76579275798925,
  "positive_samples_avg_ppl": 37.266313228608794
}