{
  "correct_idxs": [
    0,
    2,
    6,
    7,
    9,
    11,
    12,
    13,
    14,
    15,
    16,
    18,
    19,
    20,
    21,
    22,
    24,
    25,
    26,
    27,
    28,
    29,
    30,
    32,
    33,
    34,
    35,
    36,
    37,
    38,
    39,
    40,
    41,
    42,
    44,
    46,
    47,
    48,
    49,
    51,
    53,
    56,
    57,
    59,
    60,
    61,
    62,
    63,
    64,
    65,
    66,
    67,
    68,
    69,
    70,
    71,
    72,
    73,
    74,
    76,
    77,
    78,
    79,
    80,
    81,
    82,
    83,
    84,
    85,
    86,
    88,
    89,
    91,
    93,
    95,
    96,
    97,
    98,
    99,
    100,
    101,
    102,
    103,
    104,
    105,
    106,
    107,
    110,
    112,
    114,
    116,
    117,
    118,
    119,
    120,
    121,
    123,
    124,
    125,
    126,
    127,
    128,
    131,
    132,
    133,
    134,
    136,
    137,
    138,
    139,
    140,
    141,
    143,
    144,
    145,
    146,
    147,
    148,
    149,
    150,
    151,
    152,
    153,
    154,
    155,
    158,
    160,
    161,
    162,
    163,
    164,
    165,
    167,
    168,
    169,
    170,
    171,
    172,
    173,
    174,
    175,
    176,
    177,
    178,
    180,
    181,
    182,
    183,
    184,
    186,
    187,
    188,
    189,
    191,
    192,
    193,
    194,
    195,
    196,
    197,
    198
  ],
  "correct_rate": 80.5,
  "negative_samples_avg_ppl": 1.7566545497830797,
  "positive_samples_avg_ppl": 0.5692638886362063
}