{
  "correct_idxs": [
    1,
    2,
    3,
    5,
    6,
    8,
    12,
    15,
    16,
    17,
    18,
    21,
    23,
    25,
    26,
    27,
    28,
    30,
    31,
    34,
    36,
    37,
    38,
    42,
    44,
    46,
    47,
    48,
    56,
    58,
    59,
    60,
    61,
    64,
    68,
    70,
    71,
    73,
    74,
    76,
    82,
    83,
    84,
    85,
    86,
    87,
    88,
    89,
    90,
    92,
    93,
    97,
    98,
    99,
    102,
    104,
    105,
    106,
    107,
    109,
    110,
    111,
    112,
    113,
    114,
    115,
    117,
    118,
    121,
    122,
    123,
    125,
    128,
    131,
    139,
    141,
    142,
    143,
    144,
    145,
    148,
    150,
    152,
    153,
    155,
    156,
    157,
    159,
    160,
    167,
    168,
    169,
    171,
    173,
    174,
    179,
    181,
    184,
    189,
    193,
    195,
    197,
    198
  ],
  "correct_rate": 51.5,
  "negative_samples_avg_ppl": 0.4290358258073101,
  "positive_samples_avg_ppl": 0.36218374991833857
}