{
  "correct_idxs": [
    1,
    3,
    4,
    6,
    8,
    9,
    10,
    11,
    14,
    15,
    17,
    21,
    23,
    24,
    25,
    26,
    27,
    28,
    29,
    30,
    31,
    32,
    33,
    34,
    35,
    36,
    37,
    40,
    41,
    42,
    43,
    44,
    48,
    50,
    51,
    53,
    55,
    56,
    60,
    62,
    64,
    65,
    66,
    69,
    72,
    74,
    75,
    77,
    78,
    80,
    82,
    83,
    85,
    87,
    88,
    92,
    95,
    96,
    97,
    98,
    99,
    103,
    105,
    106,
    108,
    109,
    110,
    112,
    113,
    117,
    120,
    122,
    125,
    126,
    128,
    130,
    131,
    132,
    133,
    134,
    135,
    136,
    137,
    138,
    140,
    143,
    144,
    147,
    148,
    149,
    150,
    152,
    153,
    154,
    155,
    156,
    157,
    159,
    161,
    164,
    168,
    170,
    171,
    173,
    174,
    175,
    176,
    177,
    179,
    181,
    182,
    184,
    185,
    187,
    188,
    189,
    191,
    192,
    193,
    194,
    198,
    199
  ],
  "correct_rate": 61.0,
  "negative_samples_avg_ppl": 22.47101291514769,
  "positive_samples_avg_ppl": 18.006116452491938
}