{
  "correct_idxs": [
    1,
    4,
    7,
    8,
    12,
    13,
    14,
    16,
    19,
    22,
    23,
    24,
    26,
    27,
    30,
    33,
    34,
    36,
    38,
    39,
    40,
    41,
    42,
    43,
    46,
    47,
    48,
    53,
    56,
    57,
    60,
    62,
    63,
    65,
    66,
    67,
    68,
    71,
    72,
    73,
    78,
    82,
    86,
    89,
    95,
    99,
    100,
    101,
    102,
    103,
    106,
    108,
    109,
    110,
    111,
    112,
    114,
    115,
    117,
    120,
    121,
    122,
    125,
    128,
    129,
    130,
    131,
    132,
    135,
    139,
    140,
    141,
    142,
    143,
    145,
    146,
    148,
    150,
    154,
    155,
    157,
    160,
    161,
    162,
    164,
    165,
    169,
    170,
    171,
    174,
    176,
    179,
    180,
    181,
    183,
    184,
    185,
    186,
    187,
    188,
    191,
    193,
    197,
    198,
    199
  ],
  "correct_rate": 52.5,
  "negative_samples_avg_ppl": 10.354071061594466,
  "positive_samples_avg_ppl": 7.431814854680245
}