{
  "correct_idxs": [
    0,
    3,
    4,
    5,
    8,
    9,
    11,
    12,
    14,
    15,
    16,
    19,
    22,
    23,
    24,
    26,
    29,
    30,
    33,
    35,
    36,
    38,
    39,
    40,
    41,
    42,
    43,
    45,
    46,
    48,
    54,
    55,
    57,
    60,
    62,
    63,
    65,
    66,
    67,
    68,
    69,
    71,
    72,
    73,
    75,
    76,
    79,
    80,
    81,
    82,
    86,
    88,
    89,
    91,
    92,
    95,
    97,
    98,
    100,
    102,
    103,
    104,
    106,
    108,
    109,
    110,
    111,
    112,
    114,
    115,
    118,
    120,
    122,
    125,
    127,
    128,
    129,
    130,
    131,
    132,
    133,
    134,
    135,
    136,
    139,
    141,
    142,
    143,
    144,
    145,
    146,
    147,
    148,
    149,
    150,
    155,
    157,
    158,
    159,
    160,
    161,
    162,
    163,
    164,
    165,
    168,
    169,
    170,
    171,
    172,
    174,
    176,
    177,
    179,
    180,
    182,
    183,
    184,
    185,
    187,
    195,
    197,
    198,
    199
  ],
  "correct_rate": 62.0,
  "negative_samples_avg_ppl": 1275.9488651832557,
  "positive_samples_avg_ppl": 766.6078576025527
}