{
  "correct_idxs": [
    0,
    2,
    4,
    5,
    6,
    8,
    11,
    12,
    13,
    18,
    20,
    21,
    22,
    23,
    24,
    25,
    26,
    27,
    28,
    29,
    30,
    31,
    33,
    34,
    35,
    39,
    40,
    41,
    42,
    43,
    44,
    46,
    48,
    54,
    56,
    57,
    58,
    59,
    60,
    61,
    64,
    66,
    70,
    72,
    73,
    74,
    76,
    77,
    79,
    81,
    83,
    84,
    88,
    90,
    92,
    93,
    94,
    96,
    99,
    100,
    101,
    102,
    103,
    104,
    107,
    108,
    109,
    110,
    112,
    114,
    115,
    116,
    117,
    118,
    120,
    121,
    122,
    123,
    124,
    125,
    131,
    132,
    133,
    134,
    135,
    137,
    138,
    139,
    140,
    141,
    142,
    143,
    145,
    147,
    150,
    152,
    154,
    155,
    156,
    157,
    161,
    162,
    163,
    165,
    166,
    167,
    169,
    170,
    172,
    173,
    174,
    175,
    177,
    180,
    183,
    185,
    186,
    190,
    192,
    193,
    195,
    196,
    197,
    198,
    199
  ],
  "correct_rate": 62.5,
  "negative_samples_avg_ppl": 54.146738915887205,
  "positive_samples_avg_ppl": 38.09957973127957
}