{
  "correct_idxs": [
    0,
    1,
    3,
    4,
    6,
    7,
    9,
    10,
    11,
    12,
    15,
    16,
    17,
    18,
    19,
    20,
    21,
    23,
    25,
    27,
    28,
    29,
    30,
    31,
    33,
    34,
    35,
    36,
    41,
    42,
    43,
    50,
    51,
    53,
    54,
    55,
    56,
    58,
    59,
    60,
    62,
    63,
    64,
    65,
    66,
    67,
    68,
    74,
    75,
    76,
    78,
    79,
    81,
    82,
    83,
    85,
    87,
    88,
    89,
    90,
    91,
    92,
    93,
    94,
    99,
    101,
    102,
    103,
    104,
    105,
    106,
    107,
    108,
    109,
    110,
    111,
    112,
    113,
    114,
    115,
    116,
    117,
    119,
    120,
    121,
    124,
    126,
    127,
    128,
    129,
    130,
    132,
    133,
    134,
    136,
    138,
    141,
    142,
    143,
    144,
    147,
    148,
    149,
    150,
    154,
    155,
    159,
    161,
    162,
    165,
    166,
    167,
    168,
    169,
    170,
    172,
    173,
    175,
    176,
    177,
    179,
    180,
    182,
    183,
    184,
    185,
    186,
    187,
    188,
    189,
    190,
    191,
    192,
    193,
    194,
    195,
    197,
    198,
    199
  ],
  "correct_rate": 69.5,
  "negative_samples_avg_ppl": 2.3797083116933044,
  "positive_samples_avg_ppl": 2.228981168695688
}