{
  "correct_idxs": [
    1,
    2,
    3,
    6,
    7,
    13,
    14,
    15,
    16,
    19,
    20,
    23,
    25,
    26,
    30,
    32,
    35,
    36,
    37,
    40,
    41,
    45,
    46,
    47,
    49,
    53,
    55,
    58,
    59,
    61,
    65,
    67,
    69,
    71,
    73,
    75,
    77,
    79,
    81,
    82,
    84,
    87,
    88,
    91,
    92,
    94,
    95,
    97,
    99,
    100,
    104,
    106,
    110,
    112,
    113,
    114,
    115,
    116,
    117,
    122,
    124,
    125,
    126,
    127,
    128,
    130,
    133,
    135,
    136,
    138,
    139,
    143,
    144,
    145,
    148,
    154,
    159,
    161,
    163,
    166,
    167,
    169,
    172,
    176,
    177,
    178,
    180,
    181,
    182,
    188,
    190,
    191,
    192,
    193,
    194,
    195
  ],
  "correct_rate": 48.0,
  "negative_samples_avg_ppl": 17517.189231305812,
  "positive_samples_avg_ppl": 17574.751185215006
}