{
  "correct_idxs": [
    1,
    2,
    3,
    4,
    7,
    8,
    13,
    15,
    16,
    20,
    22,
    23,
    30,
    35,
    36,
    39,
    40,
    41,
    43,
    44,
    45,
    46,
    47,
    48,
    50,
    52,
    53,
    55,
    57,
    59,
    61,
    63,
    64,
    65,
    67,
    69,
    76,
    77,
    78,
    79,
    81,
    82,
    86,
    87,
    90,
    91,
    92,
    93,
    95,
    96,
    97,
    98,
    99,
    100,
    104,
    106,
    108,
    110,
    111,
    113,
    114,
    118,
    122,
    124,
    125,
    126,
    128,
    130,
    131,
    132,
    133,
    134,
    136,
    138,
    139,
    140,
    143,
    144,
    145,
    148,
    150,
    151,
    154,
    156,
    161,
    166,
    167,
    173,
    176,
    178,
    182,
    185,
    186,
    187,
    188,
    191,
    193,
    194,
    195,
    198,
    199
  ],
  "correct_rate": 50.5,
  "negative_samples_avg_ppl": 9388.731140507414,
  "positive_samples_avg_ppl": 8985.074778400256
}