{
  "correct_idxs": [
    1,
    2,
    3,
    5,
    6,
    7,
    8,
    10,
    11,
    12,
    15,
    16,
    17,
    19,
    20,
    22,
    23,
    26,
    27,
    29,
    30,
    31,
    32,
    33,
    34,
    35,
    36,
    37,
    38,
    39,
    40,
    41,
    42,
    43,
    44,
    45,
    46,
    47,
    48,
    49,
    50,
    51,
    52,
    53,
    54,
    55,
    57,
    58,
    60,
    61,
    62,
    63,
    64,
    65,
    66,
    67,
    68,
    69,
    70,
    71,
    72,
    74,
    75,
    78,
    79,
    80,
    82,
    83,
    85,
    86,
    87,
    88,
    89,
    90,
    91,
    92,
    93,
    94,
    95,
    96,
    98,
    100,
    101,
    104,
    106,
    109,
    110,
    111,
    112,
    113,
    114,
    115,
    116,
    118,
    119,
    121,
    123,
    126,
    127,
    129,
    130,
    131,
    132,
    133,
    134,
    136,
    137,
    138,
    140,
    141,
    142,
    143,
    144,
    145,
    146,
    148,
    149,
    152,
    153,
    154,
    155,
    156,
    158,
    159,
    160,
    161,
    162,
    163,
    165,
    166,
    167,
    168,
    169,
    170,
    172,
    173,
    174,
    175,
    176,
    178,
    179,
    180,
    181,
    182,
    183,
    184,
    185,
    186,
    187,
    189,
    190,
    193,
    194,
    196,
    197,
    198,
    199
  ],
  "correct_rate": 78.5,
  "negative_samples_avg_ppl": 570.2607170758727,
  "positive_samples_avg_ppl": 44.44176488928928
}