{
  "correct_idxs": [
    0,
    1,
    2,
    3,
    4,
    5,
    6,
    8,
    9,
    11,
    12,
    13,
    15,
    17,
    19,
    20,
    22,
    25,
    26,
    27,
    28,
    31,
    32,
    34,
    35,
    38,
    45,
    46,
    47,
    49,
    50,
    51,
    52,
    54,
    55,
    56,
    58,
    61,
    62,
    63,
    64,
    65,
    67,
    68,
    69,
    70,
    71,
    72,
    75,
    76,
    77,
    78,
    81,
    82,
    83,
    84,
    85,
    86,
    87,
    88,
    91,
    92,
    94,
    95,
    96,
    97,
    98,
    99,
    100,
    101,
    102,
    103,
    106,
    107,
    108,
    111,
    116,
    117,
    120,
    123,
    124,
    125,
    127,
    130,
    132,
    134,
    135,
    136,
    137,
    138,
    139,
    141,
    142,
    143,
    144,
    145,
    146,
    147,
    148,
    149,
    150,
    151,
    152,
    154,
    155,
    156,
    157,
    158,
    159,
    162,
    164,
    165,
    167,
    168,
    170,
    172,
    175,
    176,
    177,
    181,
    183,
    184,
    185,
    186,
    187,
    188,
    189,
    193,
    195,
    197,
    198,
    199
  ],
  "correct_rate": 66.0,
  "negative_samples_avg_ppl": 47.702499506327044,
  "positive_samples_avg_ppl": 30.52793855391662
}