{
  "correct_idxs": [
    1,
    2,
    3,
    4,
    5,
    6,
    8,
    9,
    10,
    11,
    12,
    13,
    15,
    16,
    17,
    19,
    22,
    23,
    25,
    26,
    27,
    28,
    30,
    31,
    32,
    33,
    35,
    36,
    37,
    38,
    39,
    42,
    45,
    46,
    47,
    48,
    49,
    50,
    51,
    52,
    54,
    55,
    56,
    58,
    61,
    62,
    63,
    64,
    65,
    67,
    68,
    69,
    70,
    71,
    72,
    75,
    76,
    77,
    78,
    83,
    84,
    85,
    86,
    87,
    89,
    90,
    91,
    92,
    94,
    95,
    96,
    97,
    98,
    99,
    100,
    101,
    102,
    103,
    104,
    106,
    107,
    109,
    111,
    112,
    114,
    116,
    117,
    118,
    120,
    121,
    122,
    123,
    124,
    125,
    127,
    128,
    130,
    131,
    132,
    134,
    135,
    137,
    138,
    139,
    141,
    143,
    144,
    145,
    147,
    149,
    150,
    151,
    154,
    155,
    156,
    157,
    159,
    160,
    162,
    163,
    164,
    165,
    167,
    168,
    169,
    170,
    171,
    172,
    175,
    176,
    177,
    181,
    182,
    183,
    184,
    185,
    186,
    187,
    188,
    189,
    190,
    192,
    193,
    194,
    195,
    196,
    197,
    199
  ],
  "correct_rate": 74.0,
  "negative_samples_avg_ppl": 1.0248337406620653,
  "positive_samples_avg_ppl": 1.023173175181575
}