{
  "correct_idxs": [
    0,
    1,
    3,
    4,
    6,
    7,
    8,
    10,
    11,
    12,
    14,
    16,
    18,
    19,
    21,
    22,
    28,
    29,
    33,
    34,
    36,
    37,
    38,
    39,
    40,
    41,
    42,
    44,
    45,
    46,
    47,
    48,
    50,
    52,
    53,
    55,
    57,
    58,
    59,
    60,
    62,
    65,
    67,
    70,
    71,
    72,
    73,
    74,
    75,
    76,
    77,
    78,
    79,
    80,
    82,
    85,
    90,
    91,
    95,
    98,
    99,
    101,
    102,
    103,
    104,
    106,
    108,
    109,
    110,
    111,
    112,
    115,
    117,
    118,
    120,
    124,
    125,
    126,
    128,
    129,
    130,
    131,
    134,
    135,
    137,
    138,
    139,
    140,
    143,
    144,
    145,
    147,
    148,
    149,
    150,
    152,
    153,
    154,
    155,
    157,
    158,
    159,
    160,
    162,
    164,
    168,
    169,
    170,
    171,
    173,
    174,
    175,
    179,
    180,
    181,
    182,
    184,
    185,
    186,
    187,
    188,
    189,
    190,
    193,
    194,
    196,
    198,
    199
  ],
  "correct_rate": 64.0,
  "negative_samples_avg_ppl": 7.0410219191165435,
  "positive_samples_avg_ppl": 5.23616176910104
}