{
  "correct_idxs": [
    0,
    3,
    4,
    5,
    6,
    7,
    8,
    9,
    10,
    11,
    12,
    15,
    16,
    18,
    20,
    21,
    23,
    25,
    27,
    28,
    29,
    31,
    33,
    34,
    35,
    36,
    37,
    38,
    40,
    42,
    43,
    44,
    45,
    47,
    49,
    50,
    53,
    55,
    56,
    57,
    58,
    59,
    60,
    65,
    67,
    69,
    71,
    72,
    73,
    75,
    76,
    77,
    78,
    79,
    84,
    87,
    88,
    91,
    92,
    93,
    95,
    96,
    98,
    99,
    100,
    102,
    103,
    104,
    105,
    106,
    108,
    109,
    110,
    111,
    112,
    114,
    115,
    116,
    118,
    119,
    120,
    121,
    123,
    124,
    125,
    126,
    127,
    128,
    129,
    130,
    134,
    136,
    137,
    138,
    139,
    141,
    144,
    145,
    146,
    148,
    150,
    152,
    153,
    155,
    156,
    157,
    158,
    159,
    160,
    161,
    162,
    163,
    164,
    165,
    167,
    168,
    169,
    170,
    171,
    172,
    173,
    174,
    175,
    176,
    179,
    181,
    182,
    184,
    185,
    186,
    188,
    189,
    190,
    192,
    195,
    196,
    199
  ],
  "correct_rate": 68.5,
  "negative_samples_avg_ppl": 233.63379290172364,
  "positive_samples_avg_ppl": 131.91600997174075
}