{
  "correct_idxs": [
    0,
    4,
    5,
    6,
    7,
    9,
    14,
    15,
    16,
    20,
    21,
    22,
    23,
    26,
    27,
    28,
    31,
    34,
    36,
    37,
    38,
    39,
    42,
    44,
    45,
    46,
    48,
    51,
    53,
    54,
    57,
    60,
    61,
    62,
    63,
    64,
    67,
    68,
    69,
    70,
    72,
    73,
    74,
    75,
    78,
    79,
    80,
    81,
    82,
    85,
    88,
    90,
    92,
    93,
    96,
    98,
    99,
    100,
    102,
    103,
    106,
    108,
    110,
    112,
    115,
    116,
    117,
    118,
    120,
    122,
    123,
    125,
    127,
    130,
    131,
    132,
    133,
    134,
    138,
    139,
    141,
    142,
    143,
    145,
    146,
    147,
    152,
    154,
    155,
    156,
    158,
    159,
    160,
    161,
    163,
    167,
    168,
    170,
    171,
    172,
    174,
    177,
    178,
    179,
    180,
    182,
    184,
    185,
    186,
    188,
    189,
    191,
    193,
    194,
    195,
    196,
    198,
    199
  ],
  "correct_rate": 59.0,
  "negative_samples_avg_ppl": 9.251637700734978,
  "positive_samples_avg_ppl": 8.582811560384426
}