{
  "correct_idxs": [
    3,
    4,
    5,
    7,
    10,
    11,
    12,
    14,
    16,
    18,
    19,
    20,
    23,
    25,
    26,
    27,
    31,
    33,
    34,
    39,
    41,
    44,
    46,
    48,
    49,
    51,
    53,
    54,
    55,
    56,
    58,
    59,
    60,
    63,
    64,
    65,
    67,
    73,
    76,
    77,
    80,
    81,
    83,
    85,
    86,
    88,
    89,
    92,
    93,
    94,
    96,
    97,
    98,
    99,
    100,
    101,
    102,
    106,
    108,
    109,
    113,
    115,
    118,
    127,
    128,
    129,
    130,
    133,
    139,
    142,
    143,
    144,
    149,
    150,
    151,
    152,
    154,
    156,
    159,
    161,
    162,
    164,
    167,
    169,
    176,
    177,
    178,
    180,
    181,
    183,
    184,
    185,
    186,
    189,
    192,
    193,
    197
  ],
  "correct_rate": 48.5,
  "negative_samples_avg_ppl": 41.871186668738694,
  "positive_samples_avg_ppl": 41.76496414985163
}