{
  "correct_idxs": [
    0,
    5,
    7,
    11,
    12,
    15,
    16,
    18,
    20,
    22,
    23,
    28,
    30,
    31,
    32,
    33,
    34,
    35,
    36,
    37,
    38,
    39,
    40,
    45,
    46,
    47,
    49,
    55,
    56,
    57,
    59,
    60,
    63,
    64,
    66,
    68,
    71,
    72,
    73,
    76,
    77,
    78,
    79,
    80,
    81,
    83,
    84,
    85,
    86,
    90,
    91,
    92,
    94,
    95,
    96,
    98,
    100,
    103,
    104,
    105,
    106,
    107,
    108,
    112,
    113,
    116,
    118,
    119,
    120,
    122,
    123,
    125,
    126,
    127,
    128,
    130,
    131,
    133,
    134,
    136,
    139,
    141,
    142,
    143,
    144,
    146,
    147,
    149,
    150,
    152,
    154,
    156,
    159,
    160,
    161,
    164,
    166,
    167,
    169,
    172,
    173,
    175,
    178,
    180,
    182,
    184,
    185,
    187,
    189,
    192,
    196,
    197,
    199
  ],
  "correct_rate": 56.5,
  "negative_samples_avg_ppl": 15.717566659420994,
  "positive_samples_avg_ppl": 14.042087518124026
}