{
  "correct_idxs": [
    3,
    5,
    6,
    7,
    11,
    13,
    14,
    15,
    16,
    22,
    23,
    25,
    26,
    27,
    28,
    30,
    34,
    36,
    39,
    40,
    41,
    42,
    43,
    44,
    47,
    49,
    50,
    51,
    53,
    54,
    55,
    57,
    58,
    59,
    63,
    65,
    66,
    69,
    71,
    72,
    73,
    74,
    77,
    78,
    79,
    80,
    81,
    82,
    87,
    88,
    90,
    92,
    98,
    103,
    105,
    106,
    107,
    108,
    109,
    110,
    111,
    112,
    113,
    114,
    118,
    119,
    122,
    126,
    127,
    130,
    131,
    132,
    133,
    134,
    135,
    136,
    138,
    139,
    140,
    141,
    143,
    145,
    151,
    155,
    156,
    157,
    158,
    161,
    163,
    167,
    168,
    170,
    173,
    175,
    177,
    181,
    183,
    184,
    187,
    189,
    191,
    193,
    194,
    196,
    197,
    199
  ],
  "correct_rate": 53.0,
  "negative_samples_avg_ppl": 30.076638796086662,
  "positive_samples_avg_ppl": 28.435913670501087
}