{
  "correct_idxs": [
    1,
    3,
    12,
    13,
    14,
    15,
    19,
    23,
    26,
    27,
    30,
    33,
    35,
    37,
    38,
    39,
    40,
    41,
    42,
    46,
    48,
    50,
    55,
    56,
    59,
    61,
    62,
    63,
    65,
    66,
    71,
    72,
    73,
    78,
    79,
    85,
    86,
    88,
    89,
    91,
    94,
    95,
    98,
    99,
    103,
    109,
    110,
    111,
    114,
    120,
    125,
    127,
    128,
    131,
    132,
    133,
    135,
    137,
    139,
    140,
    142,
    143,
    144,
    145,
    147,
    148,
    149,
    151,
    154,
    155,
    156,
    158,
    163,
    168,
    169,
    174,
    176,
    177,
    179,
    180,
    182,
    185,
    187,
    188,
    189,
    190,
    191,
    192,
    193,
    195,
    196,
    197,
    198,
    199
  ],
  "correct_rate": 47.75,
  "negative_samples_avg_ppl": 3.839277075605924,
  "positive_samples_avg_ppl": 3.7189684228783277
}