{
  "correct_idxs": [
    1,
    5,
    6,
    7,
    9,
    12,
    13,
    14,
    16,
    20,
    22,
    25,
    26,
    27,
    34,
    40,
    41,
    42,
    43,
    44,
    46,
    47,
    50,
    53,
    55,
    58,
    60,
    61,
    63,
    67,
    69,
    70,
    71,
    72,
    73,
    77,
    78,
    79,
    80,
    81,
    82,
    92,
    94,
    95,
    96,
    99,
    100,
    101,
    103,
    105,
    107,
    109,
    110,
    114,
    115,
    123,
    124,
    127,
    130,
    133,
    134,
    137,
    140,
    141,
    143,
    145,
    149,
    151,
    152,
    154,
    155,
    156,
    157,
    161,
    162,
    163,
    165,
    167,
    168,
    169,
    170,
    174,
    177,
    181,
    182,
    183,
    186,
    189,
    192,
    193,
    196,
    197
  ],
  "correct_rate": 46.75,
  "negative_samples_avg_ppl": 4.2999248287273995,
  "positive_samples_avg_ppl": 4.129783278940352
}