{
  "correct_idxs": [
    2,
    4,
    8,
    9,
    11,
    12,
    13,
    18,
    21,
    22,
    23,
    24,
    25,
    26,
    27,
    28,
    29,
    30,
    31,
    33,
    39,
    40,
    41,
    42,
    43,
    44,
    46,
    47,
    53,
    54,
    56,
    59,
    61,
    64,
    66,
    70,
    73,
    74,
    75,
    76,
    77,
    78,
    79,
    82,
    83,
    87,
    88,
    89,
    90,
    92,
    93,
    94,
    96,
    99,
    100,
    101,
    102,
    103,
    105,
    106,
    107,
    108,
    109,
    111,
    112,
    114,
    115,
    116,
    117,
    118,
    120,
    121,
    122,
    123,
    124,
    125,
    127,
    131,
    132,
    133,
    134,
    135,
    137,
    138,
    140,
    141,
    142,
    143,
    145,
    146,
    149,
    150,
    151,
    152,
    154,
    155,
    157,
    161,
    162,
    163,
    165,
    167,
    168,
    169,
    170,
    172,
    173,
    175,
    177,
    178,
    180,
    182,
    185,
    186,
    192,
    193,
    197,
    198,
    199
  ],
  "correct_rate": 59.5,
  "negative_samples_avg_ppl": 9.15501320244644,
  "positive_samples_avg_ppl": 7.642844712994103
}