{
  "correct_idxs": [
    0,
    4,
    6,
    7,
    8,
    9,
    10,
    12,
    13,
    14,
    15,
    16,
    17,
    18,
    19,
    21,
    24,
    25,
    27,
    28,
    30,
    31,
    32,
    33,
    34,
    35,
    36,
    39,
    40,
    43,
    45,
    46,
    48,
    49,
    54,
    56,
    57,
    58,
    59,
    60,
    62,
    63,
    64,
    67,
    68,
    69,
    70,
    71,
    74,
    75,
    76,
    77,
    81,
    82,
    83,
    84,
    87,
    91,
    93,
    94,
    95,
    97,
    100,
    106,
    109,
    111,
    112,
    116,
    117,
    118,
    119,
    120,
    122,
    123,
    124,
    126,
    127,
    128,
    129,
    131,
    132,
    134,
    135,
    136,
    138,
    140,
    144,
    145,
    146,
    148,
    149,
    150,
    151,
    152,
    154,
    156,
    157,
    158,
    160,
    162,
    164,
    168,
    169,
    170,
    177,
    178,
    179,
    181,
    189,
    192,
    193,
    194,
    195,
    196,
    198,
    199
  ],
  "correct_rate": 58.0,
  "negative_samples_avg_ppl": 0.6253623031518146,
  "positive_samples_avg_ppl": 0.533313035704197
}