{
  "correct_idxs": [
    0,
    1,
    4,
    5,
    6,
    9,
    10,
    11,
    13,
    14,
    15,
    19,
    20,
    21,
    28,
    30,
    33,
    34,
    35,
    36,
    37,
    39,
    40,
    41,
    42,
    43,
    44,
    46,
    48,
    50,
    51,
    52,
    53,
    56,
    57,
    60,
    62,
    65,
    67,
    68,
    69,
    70,
    71,
    72,
    75,
    77,
    78,
    79,
    80,
    82,
    83,
    85,
    87,
    89,
    90,
    93,
    94,
    95,
    97,
    98,
    100,
    101,
    104,
    108,
    109,
    111,
    112,
    114,
    116,
    119,
    120,
    122,
    123,
    126,
    128,
    130,
    132,
    134,
    137,
    139,
    141,
    145,
    146,
    148,
    150,
    152,
    153,
    154,
    155,
    156,
    157,
    161,
    163,
    164,
    165,
    167,
    169,
    170,
    173,
    174,
    175,
    177,
    178,
    179,
    181,
    182,
    183,
    184,
    186,
    187,
    189,
    192,
    193,
    197,
    198,
    199
  ],
  "correct_rate": 58.0,
  "negative_samples_avg_ppl": 8.001529267107905,
  "positive_samples_avg_ppl": 7.509723377299089
}