{
  "correct_idxs": [
    0,
    2,
    3,
    5,
    6,
    8,
    9,
    11,
    12,
    14,
    15,
    17,
    18,
    19,
    20,
    21,
    22,
    23,
    24,
    25,
    26,
    27,
    28,
    30,
    32,
    34,
    35,
    36,
    37,
    38,
    40,
    41,
    42,
    43,
    44,
    45,
    46,
    47,
    48,
    49,
    50,
    51,
    52,
    53,
    54,
    55,
    58,
    59,
    60,
    61,
    63,
    64,
    65,
    66,
    67,
    68,
    69,
    70,
    72,
    73,
    74,
    76,
    77,
    79,
    80,
    81,
    82,
    84,
    85,
    86,
    89,
    90,
    91,
    93,
    95,
    96,
    97,
    99,
    101,
    102,
    103,
    104,
    105,
    106,
    108,
    110,
    111,
    112,
    113,
    114,
    116,
    117,
    119,
    120,
    121,
    122,
    123,
    125,
    126,
    127,
    130,
    131,
    132,
    133,
    134,
    135,
    136,
    137,
    138,
    139,
    140,
    141,
    142,
    144,
    145,
    146,
    147,
    149,
    151,
    153,
    154,
    155,
    156,
    158,
    161,
    162,
    163,
    165,
    167,
    168,
    170,
    171,
    174,
    175,
    176,
    177,
    178,
    179,
    181,
    182,
    183,
    184,
    185,
    186,
    187,
    188,
    189,
    190,
    193,
    194,
    195,
    196,
    197,
    198,
    199
  ],
  "correct_rate": 77.5,
  "negative_samples_avg_ppl": 108.64244738248031,
  "positive_samples_avg_ppl": 62.64671547283207
}