{
  "correct_idxs": [],
  "correct_rate": 0.0,
  "negative_samples_avg_ppl": 2.2767518352063134,
  "positive_samples_avg_ppl": 2.2767518352063134
}