{
  "correct_idxs": [
    0,
    1,
    3,
    4,
    6,
    8,
    10,
    11,
    12,
    13,
    14,
    15,
    18,
    21,
    24,
    25,
    27,
    28,
    29,
    31,
    32,
    35,
    38,
    39,
    40,
    41,
    42,
    43,
    44,
    46,
    48,
    49,
    54,
    56,
    59,
    60,
    61,
    64,
    65,
    68,
    74,
    76,
    77,
    80,
    84,
    87,
    88,
    90,
    92,
    94,
    96,
    100,
    101,
    102,
    103,
    107,
    108,
    109,
    110,
    113,
    114,
    116,
    117,
    122,
    123,
    124,
    126,
    128,
    131,
    132,
    134,
    135,
    137,
    138,
    140,
    141,
    142,
    143,
    148,
    150,
    151,
    152,
    154,
    161,
    166,
    167,
    169,
    170,
    172,
    173,
    174,
    175,
    176,
    177,
    178,
    179,
    182,
    183,
    185,
    186,
    188,
    189,
    192,
    193,
    194,
    195,
    196,
    198,
    199
  ],
  "correct_rate": 55.0,
  "negative_samples_avg_ppl": 169.55244674122912,
  "positive_samples_avg_ppl": 132.08693264461522
}