{
  "correct_idxs": [
    2,
    3,
    6,
    7,
    10,
    11,
    13,
    15,
    16,
    17,
    19,
    21,
    22,
    23,
    24,
    25,
    26,
    30,
    31,
    32,
    33,
    34,
    37,
    39,
    45,
    46,
    47,
    52,
    53,
    55,
    57,
    59,
    60,
    61,
    62,
    63,
    64,
    66,
    67,
    68,
    69,
    70,
    71,
    72,
    73,
    76,
    77,
    78,
    80,
    81,
    83,
    84,
    85,
    86,
    88,
    90,
    91,
    92,
    93,
    95,
    98,
    99,
    100,
    102,
    103,
    104,
    105,
    108,
    110,
    111,
    112,
    114,
    116,
    117,
    119,
    120,
    122,
    123,
    125,
    126,
    127,
    128,
    131,
    132,
    133,
    134,
    136,
    137,
    138,
    139,
    140,
    141,
    142,
    143,
    145,
    147,
    148,
    149,
    150,
    151,
    153,
    154,
    155,
    156,
    157,
    159,
    160,
    161,
    162,
    163,
    164,
    165,
    167,
    168,
    170,
    171,
    172,
    173,
    174,
    175,
    176,
    177,
    178,
    180,
    182,
    184,
    185,
    186,
    187,
    189,
    190,
    191,
    192,
    193,
    194,
    195,
    196,
    197
  ],
  "correct_rate": 69.0,
  "negative_samples_avg_ppl": 0.053479160699599244,
  "positive_samples_avg_ppl": 0.0395740627629616
}