{
  "correct_idxs": [
    0,
    1,
    4,
    5,
    7,
    11,
    12,
    13,
    15,
    16,
    20,
    21,
    22,
    23,
    24,
    28,
    29,
    31,
    32,
    33,
    34,
    35,
    36,
    37,
    38,
    39,
    44,
    46,
    48,
    49,
    50,
    51,
    53,
    54,
    57,
    58,
    62,
    63,
    64,
    65,
    67,
    68,
    69,
    72,
    73,
    74,
    77,
    78,
    80,
    82,
    83,
    84,
    85,
    86,
    87,
    88,
    91,
    93,
    95,
    96,
    98,
    99,
    101,
    103,
    106,
    107,
    108,
    110,
    111,
    113,
    118,
    120,
    121,
    124,
    125,
    126,
    127,
    130,
    131,
    132,
    133,
    136,
    137,
    141,
    143,
    147,
    148,
    149,
    155,
    156,
    158,
    159,
    161,
    166,
    167,
    168,
    169,
    171,
    172,
    174,
    175,
    177,
    180,
    182,
    184,
    185,
    188,
    189,
    195,
    196,
    197
  ],
  "correct_rate": 55.5,
  "negative_samples_avg_ppl": 2697.8794318830387,
  "positive_samples_avg_ppl": 1927.9762382061983
}