{
  "correct_idxs": [
    2,
    4,
    5,
    7,
    10,
    11,
    12,
    13,
    14,
    16,
    17,
    19,
    20,
    21,
    22,
    23,
    25,
    26,
    28,
    29,
    30,
    31,
    38,
    39,
    40,
    41,
    43,
    44,
    45,
    48,
    51,
    55,
    57,
    58,
    60,
    61,
    62,
    63,
    64,
    65,
    66,
    69,
    72,
    74,
    75,
    76,
    77,
    79,
    80,
    81,
    82,
    83,
    85,
    88,
    89,
    90,
    92,
    93,
    94,
    96,
    97,
    99,
    102,
    103,
    107,
    108,
    109,
    110,
    112,
    113,
    114,
    115,
    118,
    119,
    122,
    123,
    125,
    126,
    127,
    130,
    131,
    132,
    134,
    135,
    136,
    137,
    138,
    140,
    142,
    144,
    145,
    147,
    151,
    152,
    153,
    157,
    158,
    161,
    163,
    164,
    165,
    170,
    172,
    173,
    174,
    175,
    176,
    180,
    183,
    186,
    189,
    192,
    193,
    195,
    199
  ],
  "correct_rate": 57.5,
  "negative_samples_avg_ppl": 0.6887565111259996,
  "positive_samples_avg_ppl": 0.6406291091554078
}