{
  "correct_idxs": [
    1,
    2,
    3,
    4,
    5,
    8,
    11,
    13,
    15,
    16,
    18,
    21,
    23,
    26,
    28,
    30,
    34,
    35,
    38,
    39,
    40,
    46,
    48,
    51,
    54,
    60,
    62,
    63,
    64,
    66,
    67,
    69,
    71,
    72,
    73,
    74,
    77,
    79,
    81,
    85,
    86,
    87,
    88,
    89,
    91,
    94,
    95,
    97,
    100,
    101,
    102,
    104,
    107,
    108,
    109,
    110,
    112,
    113,
    116,
    117,
    119,
    120,
    121,
    122,
    123,
    124,
    125,
    127,
    128,
    129,
    134,
    135,
    136,
    138,
    139,
    140,
    143,
    146,
    147,
    148,
    150,
    151,
    152,
    155,
    161,
    163,
    164,
    165,
    166,
    167,
    170,
    173,
    176,
    177,
    178,
    179,
    180,
    183,
    184,
    185,
    191,
    192,
    196,
    197,
    199
  ],
  "correct_rate": 52.5,
  "negative_samples_avg_ppl": 300.50527766690334,
  "positive_samples_avg_ppl": 273.375688170608
}