{
  "correct_idxs": [
    1,
    2,
    5,
    7,
    11,
    12,
    14,
    15,
    17,
    18,
    19,
    20,
    21,
    22,
    23,
    24,
    27,
    28,
    29,
    30,
    31,
    32,
    34,
    37,
    42,
    43,
    44,
    48,
    51,
    52,
    53,
    54,
    55,
    57,
    60,
    61,
    63,
    64,
    67,
    68,
    69,
    71,
    76,
    78,
    80,
    81,
    82,
    84,
    91,
    92,
    94,
    97,
    99,
    101,
    102,
    104,
    106,
    112,
    114,
    117,
    119,
    120,
    121,
    123,
    124,
    127,
    132,
    134,
    136,
    137,
    138,
    141,
    142,
    151,
    154,
    156,
    157,
    163,
    164,
    166,
    167,
    168,
    171,
    172,
    173,
    174,
    175,
    177,
    178,
    181,
    182,
    183,
    184,
    186,
    188,
    193,
    195,
    197
  ],
  "correct_rate": 49.0,
  "negative_samples_avg_ppl": 922.8291150193666,
  "positive_samples_avg_ppl": 970.671268593521
}