{
  "correct_idxs": [
    0,
    1,
    5,
    6,
    8,
    9,
    11,
    17,
    18,
    19,
    20,
    21,
    23,
    24,
    27,
    28,
    30,
    34,
    36,
    40,
    41,
    42,
    43,
    45,
    47,
    48,
    49,
    50,
    51,
    53,
    55,
    59,
    60,
    61,
    62,
    64,
    69,
    72,
    74,
    76,
    79,
    80,
    82,
    85,
    86,
    88,
    89,
    90,
    93,
    95,
    99,
    104,
    105,
    106,
    108,
    109,
    112,
    115,
    117,
    119,
    120,
    121,
    127,
    128,
    129,
    131,
    132,
    134,
    136,
    137,
    138,
    140,
    141,
    142,
    144,
    145,
    146,
    147,
    152,
    153,
    155,
    156,
    159,
    162,
    163,
    164,
    165,
    166,
    167,
    168,
    169,
    171,
    172,
    173,
    174,
    175,
    176,
    177,
    178,
    180,
    181,
    182,
    183,
    186,
    187,
    188,
    192,
    193,
    195,
    196,
    198,
    199
  ],
  "correct_rate": 56.0,
  "negative_samples_avg_ppl": 67.68094653371803,
  "positive_samples_avg_ppl": 62.28135320861769
}