{
  "correct_idxs": [
    1,
    4,
    5,
    6,
    7,
    8,
    9,
    13,
    14,
    15,
    20,
    21,
    23,
    24,
    27,
    28,
    31,
    36,
    37,
    38,
    39,
    40,
    41,
    42,
    44,
    45,
    46,
    48,
    49,
    51,
    54,
    55,
    57,
    58,
    59,
    60,
    61,
    62,
    63,
    64,
    65,
    66,
    67,
    68,
    69,
    71,
    72,
    73,
    75,
    76,
    77,
    78,
    79,
    80,
    82,
    83,
    85,
    86,
    88,
    90,
    93,
    98,
    99,
    100,
    101,
    102,
    106,
    114,
    115,
    116,
    118,
    119,
    120,
    121,
    122,
    123,
    127,
    128,
    129,
    130,
    131,
    132,
    133,
    134,
    139,
    142,
    143,
    144,
    145,
    146,
    147,
    149,
    151,
    152,
    153,
    154,
    155,
    156,
    157,
    158,
    159,
    162,
    167,
    168,
    169,
    170,
    171,
    174,
    177,
    178,
    179,
    181,
    182,
    189,
    193,
    196,
    198,
    199
  ],
  "correct_rate": 59.0,
  "negative_samples_avg_ppl": 4.981150634111332,
  "positive_samples_avg_ppl": 4.434870855984484
}