{
  "correct_idxs": [
    0,
    2,
    4,
    5,
    7,
    8,
    10,
    12,
    13,
    16,
    17,
    18,
    19,
    21,
    22,
    23,
    26,
    28,
    29,
    31,
    34,
    36,
    37,
    39,
    40,
    43,
    44,
    46,
    47,
    48,
    50,
    51,
    53,
    56,
    60,
    61,
    64,
    65,
    69,
    70,
    71,
    72,
    74,
    75,
    76,
    80,
    82,
    83,
    85,
    86,
    87,
    88,
    89,
    90,
    91,
    93,
    94,
    95,
    97,
    99,
    100,
    102,
    104,
    106,
    109,
    110,
    111,
    112,
    113,
    116,
    118,
    120,
    122,
    126,
    127,
    128,
    129,
    130,
    132,
    139,
    140,
    141,
    143,
    145,
    152,
    154,
    155,
    158,
    159,
    160,
    162,
    164,
    166,
    167,
    168,
    169,
    170,
    172,
    174,
    175,
    177,
    178,
    179,
    180,
    182,
    185,
    186,
    188,
    189,
    193,
    195,
    198,
    199
  ],
  "correct_rate": 56.5,
  "negative_samples_avg_ppl": 9.016206160265225,
  "positive_samples_avg_ppl": 8.634736627176723
}