{
  "correct_idxs": [
    2,
    4,
    5,
    9,
    16,
    17,
    20,
    21,
    22,
    23,
    25,
    27,
    29,
    31,
    32,
    34,
    35,
    37,
    39,
    40,
    42,
    44,
    49,
    51,
    53,
    57,
    60,
    62,
    63,
    66,
    67,
    75,
    76,
    77,
    78,
    80,
    81,
    82,
    89,
    91,
    103,
    104,
    105,
    107,
    110,
    111,
    112,
    114,
    118,
    126,
    127,
    131,
    133,
    135,
    137,
    140,
    144,
    145,
    146,
    148,
    149,
    150,
    153,
    155,
    156,
    157,
    160,
    161,
    162,
    163,
    165,
    166,
    167,
    169,
    170,
    171,
    173,
    175,
    176,
    179,
    183,
    184,
    185,
    186,
    188,
    189,
    193,
    194,
    198
  ],
  "correct_rate": 44.5,
  "negative_samples_avg_ppl": 43.82555786654876,
  "positive_samples_avg_ppl": 54.52513964098755
}