{
  "correct_idxs": [
    1,
    4,
    8,
    12,
    14,
    15,
    16,
    18,
    19,
    22,
    23,
    24,
    26,
    27,
    30,
    33,
    34,
    36,
    38,
    39,
    40,
    41,
    42,
    43,
    46,
    47,
    48,
    53,
    56,
    60,
    62,
    63,
    65,
    66,
    67,
    70,
    71,
    72,
    73,
    78,
    79,
    80,
    82,
    86,
    89,
    92,
    96,
    99,
    100,
    101,
    102,
    103,
    108,
    109,
    110,
    111,
    114,
    115,
    117,
    122,
    125,
    128,
    129,
    130,
    131,
    132,
    135,
    139,
    140,
    141,
    142,
    143,
    145,
    146,
    147,
    148,
    149,
    150,
    154,
    155,
    157,
    160,
    161,
    162,
    163,
    164,
    165,
    169,
    170,
    174,
    176,
    177,
    178,
    179,
    180,
    181,
    183,
    184,
    185,
    186,
    187,
    188,
    190,
    191,
    193,
    197,
    198,
    199
  ],
  "correct_rate": 54.0,
  "negative_samples_avg_ppl": 6.1102389901425465,
  "positive_samples_avg_ppl": 5.01367046031048
}