{
  "correct_idxs": [
    0,
    4,
    5,
    6,
    7,
    8,
    9,
    10,
    12,
    13,
    14,
    20,
    22,
    28,
    29,
    30,
    31,
    32,
    36,
    37,
    38,
    39,
    40,
    42,
    43,
    44,
    48,
    51,
    53,
    57,
    62,
    63,
    64,
    67,
    70,
    71,
    72,
    73,
    74,
    75,
    77,
    80,
    81,
    82,
    83,
    86,
    88,
    89,
    91,
    92,
    93,
    94,
    97,
    99,
    100,
    102,
    103,
    104,
    106,
    109,
    110,
    111,
    112,
    113,
    116,
    120,
    126,
    127,
    128,
    129,
    130,
    133,
    134,
    135,
    136,
    139,
    141,
    143,
    144,
    145,
    146,
    147,
    149,
    152,
    153,
    154,
    155,
    157,
    158,
    159,
    160,
    162,
    163,
    166,
    167,
    168,
    172,
    174,
    175,
    177,
    178,
    182,
    185,
    186,
    187,
    188,
    189,
    191,
    192,
    193,
    196,
    198,
    199
  ],
  "correct_rate": 56.5,
  "negative_samples_avg_ppl": 6.512400777462142,
  "positive_samples_avg_ppl": 6.0837198607476655
}