{
  "correct_idxs": [
    2,
    4,
    5,
    6,
    9,
    10,
    11,
    13,
    14,
    16,
    19,
    20,
    22,
    23,
    24,
    25,
    29,
    33,
    34,
    35,
    36,
    37,
    38,
    40,
    45,
    46,
    49,
    50,
    55,
    57,
    58,
    61,
    63,
    64,
    65,
    67,
    69,
    71,
    72,
    74,
    77,
    78,
    79,
    80,
    81,
    82,
    83,
    84,
    85,
    87,
    88,
    89,
    90,
    91,
    92,
    93,
    94,
    97,
    98,
    99,
    100,
    104,
    106,
    107,
    108,
    109,
    113,
    114,
    116,
    118,
    120,
    122,
    123,
    125,
    127,
    128,
    130,
    131,
    133,
    138,
    139,
    142,
    143,
    144,
    146,
    150,
    151,
    152,
    154,
    155,
    159,
    162,
    164,
    167,
    168,
    171,
    175,
    176,
    181,
    182,
    184,
    189,
    192,
    195,
    197,
    198,
    199
  ],
  "correct_rate": 53.5,
  "negative_samples_avg_ppl": 987.7580167515964,
  "positive_samples_avg_ppl": 791.69533452592
}