{
  "correct_idxs": [
    0,
    1,
    3,
    5,
    8,
    10,
    13,
    15,
    16,
    17,
    22,
    25,
    27,
    28,
    29,
    31,
    39,
    41,
    44,
    48,
    49,
    50,
    52,
    54,
    57,
    60,
    61,
    62,
    63,
    68,
    69,
    71,
    73,
    74,
    76,
    78,
    81,
    85,
    86,
    90,
    93,
    94,
    95,
    96,
    97,
    99,
    101,
    107,
    108,
    109,
    110,
    112,
    114,
    116,
    117,
    118,
    120,
    122,
    124,
    125,
    128,
    129,
    130,
    131,
    133,
    134,
    136,
    137,
    138,
    140,
    141,
    143,
    144,
    145,
    148,
    150,
    152,
    153,
    154,
    155,
    156,
    157,
    161,
    163,
    165,
    167,
    169,
    170,
    173,
    176,
    181,
    183,
    184,
    185,
    186,
    187,
    191,
    192,
    193,
    195,
    196
  ],
  "correct_rate": 50.5,
  "negative_samples_avg_ppl": 11.27914845248251,
  "positive_samples_avg_ppl": 11.311178697675643
}