{
  "correct_idxs": [
    0,
    1,
    2,
    3,
    5,
    6,
    8,
    14,
    16,
    17,
    18,
    19,
    21,
    23,
    25,
    26,
    27,
    28,
    29,
    30,
    31,
    34,
    37,
    38,
    39,
    42,
    44,
    46,
    47,
    48,
    56,
    58,
    59,
    60,
    61,
    64,
    66,
    68,
    70,
    71,
    72,
    73,
    74,
    76,
    81,
    82,
    83,
    84,
    85,
    86,
    87,
    88,
    89,
    90,
    92,
    93,
    97,
    98,
    101,
    102,
    104,
    105,
    106,
    110,
    111,
    112,
    113,
    114,
    117,
    118,
    119,
    121,
    122,
    123,
    124,
    125,
    126,
    127,
    128,
    131,
    134,
    139,
    141,
    142,
    143,
    144,
    145,
    147,
    148,
    150,
    151,
    152,
    153,
    155,
    156,
    157,
    159,
    160,
    165,
    167,
    168,
    169,
    173,
    174,
    175,
    178,
    181,
    185,
    188,
    189,
    193,
    195,
    196,
    197
  ],
  "correct_rate": 57.0,
  "negative_samples_avg_ppl": 0.6061678440898088,
  "positive_samples_avg_ppl": 0.5042991126665517
}