{
  "correct_idxs": [
    0,
    3,
    4,
    5,
    8,
    9,
    11,
    12,
    13,
    14,
    15,
    16,
    18,
    19,
    22,
    23,
    26,
    29,
    33,
    34,
    35,
    36,
    37,
    38,
    39,
    40,
    41,
    43,
    45,
    46,
    48,
    49,
    57,
    59,
    60,
    61,
    62,
    63,
    65,
    66,
    67,
    68,
    69,
    71,
    72,
    73,
    75,
    76,
    77,
    79,
    80,
    81,
    82,
    86,
    88,
    89,
    90,
    91,
    92,
    94,
    95,
    97,
    98,
    100,
    102,
    103,
    108,
    109,
    110,
    111,
    113,
    114,
    115,
    118,
    120,
    121,
    122,
    123,
    127,
    128,
    129,
    130,
    131,
    132,
    134,
    135,
    139,
    141,
    143,
    144,
    145,
    146,
    147,
    148,
    149,
    150,
    151,
    152,
    155,
    157,
    158,
    160,
    161,
    162,
    163,
    164,
    165,
    166,
    169,
    170,
    171,
    174,
    176,
    177,
    179,
    180,
    182,
    183,
    184,
    185,
    187,
    194,
    195,
    196,
    197,
    198,
    199
  ],
  "correct_rate": 63.5,
  "negative_samples_avg_ppl": 288.7585186133352,
  "positive_samples_avg_ppl": 141.97334977335902
}