{
  "correct_idxs": [
    0,
    1,
    4,
    6,
    10,
    11,
    14,
    15,
    16,
    17,
    18,
    19,
    20,
    22,
    24,
    28,
    29,
    30,
    32,
    36,
    37,
    39,
    40,
    43,
    45,
    47,
    48,
    49,
    53,
    54,
    57,
    58,
    59,
    60,
    61,
    62,
    65,
    66,
    67,
    68,
    69,
    70,
    71,
    72,
    74,
    75,
    76,
    77,
    78,
    80,
    83,
    84,
    90,
    93,
    95,
    96,
    98,
    99,
    101,
    103,
    104,
    107,
    109,
    111,
    112,
    113,
    115,
    117,
    118,
    120,
    121,
    122,
    123,
    124,
    125,
    126,
    127,
    131,
    133,
    134,
    135,
    136,
    138,
    139,
    140,
    144,
    145,
    146,
    148,
    150,
    151,
    152,
    153,
    154,
    157,
    158,
    159,
    160,
    161,
    163,
    164,
    168,
    169,
    171,
    175,
    176,
    177,
    178,
    179,
    184,
    185,
    186,
    189,
    194,
    196,
    197,
    199
  ],
  "correct_rate": 58.75,
  "negative_samples_avg_ppl": 8.613738509449552,
  "positive_samples_avg_ppl": 6.716959294835009
}