{
  "correct_idxs": [
    1,
    2,
    3,
    4,
    6,
    7,
    8,
    9,
    10,
    11,
    12,
    13,
    16,
    17,
    18,
    20,
    21,
    22,
    23,
    24,
    25,
    26,
    27,
    28,
    29,
    30,
    31,
    32,
    34,
    35,
    36,
    39,
    40,
    42,
    43,
    44,
    45,
    46,
    47,
    48,
    49,
    50,
    51,
    52,
    53,
    54,
    55,
    56,
    57,
    58,
    59,
    60,
    61,
    62,
    63,
    64,
    66,
    68,
    69,
    70,
    71,
    74,
    75,
    78,
    79,
    80,
    81,
    84,
    85,
    89,
    90,
    91,
    92,
    93,
    94,
    95,
    96,
    98,
    99,
    100,
    101,
    102,
    103,
    104,
    105,
    106,
    107,
    108,
    109,
    110,
    111,
    113,
    114,
    115,
    116,
    117,
    118,
    119,
    120,
    125,
    126,
    128,
    129,
    130,
    131,
    132,
    133,
    134,
    135,
    137,
    138,
    139,
    141,
    142,
    143,
    144,
    145,
    146,
    147,
    148,
    150,
    151,
    152,
    154,
    155,
    156,
    157,
    158,
    159,
    160,
    161,
    162,
    163,
    164,
    165,
    166,
    167,
    168,
    171,
    172,
    174,
    176,
    177,
    179,
    180,
    181,
    182,
    183,
    184,
    185,
    186,
    189,
    191,
    192,
    193,
    194,
    195,
    196,
    197,
    199
  ],
  "correct_rate": 80.0,
  "negative_samples_avg_ppl": 29.376874318714805,
  "positive_samples_avg_ppl": 7.279779022794852
}