{
  "correct_idxs": [
    1,
    3,
    4,
    5,
    6,
    7,
    10,
    11,
    12,
    14,
    15,
    16,
    18,
    20,
    21,
    22,
    23,
    24,
    25,
    27,
    28,
    29,
    32,
    33,
    34,
    35,
    36,
    37,
    39,
    40,
    42,
    44,
    45,
    46,
    48,
    49,
    51,
    53,
    54,
    55,
    56,
    57,
    58,
    59,
    60,
    62,
    63,
    64,
    65,
    67,
    68,
    69,
    70,
    72,
    73,
    75,
    77,
    79,
    80,
    81,
    82,
    83,
    84,
    85,
    86,
    87,
    88,
    89,
    93,
    94,
    95,
    96,
    99,
    101,
    102,
    103,
    105,
    106,
    107,
    108,
    112,
    113,
    115,
    116,
    117,
    118,
    120,
    121,
    122,
    123,
    124,
    125,
    126,
    127,
    128,
    130,
    131,
    132,
    133,
    134,
    135,
    136,
    137,
    140,
    143,
    144,
    145,
    146,
    147,
    148,
    149,
    150,
    152,
    154,
    155,
    156,
    158,
    159,
    160,
    166,
    167,
    168,
    169,
    172,
    174,
    175,
    177,
    181,
    182,
    183,
    184,
    185,
    188,
    189,
    190,
    191,
    193,
    194,
    195,
    196,
    197,
    198,
    199
  ],
  "correct_rate": 71.5,
  "negative_samples_avg_ppl": 546.5884570526684,
  "positive_samples_avg_ppl": 323.0973350482291
}