{
  "correct_idxs": [
    0,
    2,
    3,
    5,
    6,
    11,
    14,
    17,
    19,
    20,
    22,
    23,
    24,
    28,
    31,
    32,
    33,
    35,
    37,
    38,
    39,
    40,
    43,
    45,
    48,
    49,
    50,
    52,
    56,
    57,
    59,
    62,
    64,
    71,
    72,
    73,
    75,
    76,
    80,
    82,
    85,
    86,
    88,
    89,
    93,
    96,
    97,
    99,
    102,
    103,
    105,
    106,
    108,
    109,
    110,
    113,
    114,
    116,
    117,
    118,
    121,
    123,
    124,
    127,
    128,
    129,
    130,
    132,
    133,
    134,
    139,
    140,
    141,
    142,
    143,
    147,
    150,
    153,
    154,
    157,
    162,
    167,
    171,
    173,
    174,
    175,
    178,
    179,
    182,
    185,
    188,
    189,
    193,
    194,
    196,
    198,
    199
  ],
  "correct_rate": 48.5,
  "negative_samples_avg_ppl": 47.73861378682238,
  "positive_samples_avg_ppl": 44.74530375459638
}