{
  "correct_idxs": [
    0,
    2,
    3,
    4,
    6,
    8,
    9,
    11,
    14,
    15,
    16,
    21,
    23,
    24,
    27,
    28,
    29,
    32,
    33,
    37,
    38,
    39,
    42,
    43,
    45,
    46,
    48,
    49,
    50,
    52,
    53,
    55,
    56,
    57,
    59,
    63,
    66,
    67,
    69,
    71,
    72,
    77,
    80,
    82,
    85,
    88,
    89,
    91,
    93,
    96,
    97,
    99,
    100,
    102,
    104,
    105,
    106,
    108,
    114,
    116,
    117,
    118,
    119,
    120,
    123,
    127,
    129,
    130,
    132,
    136,
    137,
    138,
    139,
    141,
    142,
    145,
    147,
    148,
    150,
    151,
    153,
    154,
    156,
    157,
    162,
    164,
    165,
    166,
    167,
    169,
    171,
    172,
    173,
    174,
    178,
    179,
    180,
    182,
    183,
    186,
    188,
    189,
    192,
    193,
    195,
    198,
    199
  ],
  "correct_rate": 53.5,
  "negative_samples_avg_ppl": 806.8475853525944,
  "positive_samples_avg_ppl": 773.7338497242629
}