{
  "correct_idxs": [
    0,
    1,
    2,
    4,
    5,
    6,
    7,
    9,
    10,
    11,
    12,
    15,
    16,
    18,
    19,
    20,
    21,
    22,
    23,
    30,
    32,
    34,
    35,
    36,
    37,
    38,
    44,
    45,
    46,
    47,
    49,
    51,
    54,
    55,
    57,
    58,
    60,
    65,
    66,
    69,
    70,
    72,
    73,
    75,
    76,
    77,
    78,
    79,
    80,
    81,
    83,
    84,
    85,
    88,
    89,
    90,
    92,
    94,
    98,
    99,
    100,
    101,
    102,
    105,
    111,
    113,
    114,
    115,
    116,
    118,
    119,
    120,
    122,
    123,
    125,
    126,
    127,
    128,
    130,
    131,
    133,
    134,
    136,
    141,
    143,
    145,
    146,
    147,
    149,
    150,
    151,
    153,
    154,
    155,
    156,
    157,
    160,
    164,
    171,
    177,
    179,
    181,
    182,
    183,
    184,
    185,
    188,
    189,
    192,
    194,
    195,
    196,
    197
  ],
  "correct_rate": 56.5,
  "negative_samples_avg_ppl": 10.390022703057644,
  "positive_samples_avg_ppl": 9.503693919239526
}