{
  "correct_idxs": [
    0,
    3,
    5,
    7,
    8,
    10,
    11,
    13,
    14,
    15,
    16,
    22,
    23,
    24,
    27,
    35,
    37,
    38,
    39,
    40,
    41,
    44,
    45,
    47,
    48,
    49,
    52,
    53,
    54,
    57,
    59,
    61,
    62,
    63,
    64,
    68,
    69,
    71,
    72,
    75,
    76,
    78,
    80,
    81,
    85,
    87,
    90,
    92,
    93,
    95,
    97,
    98,
    99,
    100,
    103,
    104,
    106,
    108,
    111,
    112,
    114,
    115,
    116,
    122,
    123,
    124,
    125,
    126,
    127,
    128,
    130,
    131,
    132,
    133,
    136,
    137,
    138,
    139,
    140,
    141,
    144,
    148,
    149,
    153,
    154,
    156,
    163,
    165,
    167,
    170,
    172,
    173,
    174,
    175,
    180,
    181,
    183,
    185,
    186,
    187,
    188,
    191,
    193,
    195,
    196,
    197,
    198,
    199
  ],
  "correct_rate": 54.0,
  "negative_samples_avg_ppl": 41.23134234890164,
  "positive_samples_avg_ppl": 40.437432663433874
}