{
  "correct_idxs": [
    0,
    1,
    3,
    5,
    6,
    7,
    8,
    12,
    14,
    15,
    16,
    17,
    21,
    23,
    24,
    25,
    26,
    27,
    28,
    33,
    34,
    35,
    37,
    38,
    39,
    43,
    44,
    46,
    47,
    48,
    53,
    56,
    59,
    61,
    63,
    65,
    66,
    68,
    69,
    70,
    71,
    73,
    74,
    75,
    81,
    83,
    85,
    86,
    87,
    89,
    90,
    92,
    93,
    94,
    97,
    98,
    100,
    102,
    104,
    107,
    109,
    110,
    111,
    112,
    113,
    114,
    117,
    118,
    119,
    122,
    124,
    125,
    126,
    127,
    130,
    131,
    136,
    137,
    138,
    139,
    143,
    144,
    145,
    147,
    151,
    152,
    153,
    155,
    156,
    157,
    160,
    162,
    167,
    168,
    173,
    181,
    182,
    188,
    189,
    190,
    192,
    193,
    195,
    196,
    197,
    198
  ],
  "correct_rate": 53.0,
  "negative_samples_avg_ppl": 0.4768201826466652,
  "positive_samples_avg_ppl": 0.3322720887362621
}