{
  "correct_idxs": [
    1,
    3,
    5,
    7,
    9,
    10,
    13,
    18,
    19,
    23,
    24,
    25,
    27,
    30,
    35,
    36,
    37,
    39,
    41,
    43,
    45,
    47,
    48,
    50,
    52,
    53,
    55,
    57,
    61,
    63,
    64,
    69,
    72,
    77,
    78,
    79,
    85,
    86,
    87,
    90,
    92,
    95,
    98,
    103,
    107,
    110,
    111,
    112,
    114,
    115,
    118,
    119,
    122,
    124,
    126,
    127,
    128,
    130,
    131,
    132,
    133,
    134,
    135,
    138,
    139,
    140,
    141,
    142,
    143,
    144,
    145,
    146,
    148,
    153,
    156,
    159,
    161,
    164,
    166,
    167,
    170,
    172,
    174,
    176,
    177,
    178,
    182,
    186,
    187,
    188,
    193,
    195,
    196,
    198
  ],
  "correct_rate": 47.0,
  "negative_samples_avg_ppl": 994.8298108546204,
  "positive_samples_avg_ppl": 1005.0783885815376
}