{
  "correct_idxs": [
    1,
    3,
    4,
    5,
    8,
    11,
    13,
    16,
    18,
    23,
    26,
    33,
    34,
    35,
    38,
    40,
    46,
    47,
    48,
    51,
    52,
    59,
    60,
    62,
    64,
    65,
    66,
    67,
    69,
    71,
    74,
    76,
    77,
    79,
    81,
    82,
    83,
    84,
    85,
    86,
    87,
    88,
    91,
    93,
    94,
    95,
    96,
    97,
    100,
    103,
    104,
    105,
    107,
    108,
    110,
    112,
    115,
    117,
    119,
    120,
    123,
    124,
    125,
    126,
    127,
    129,
    134,
    136,
    137,
    139,
    141,
    148,
    149,
    150,
    151,
    152,
    158,
    164,
    165,
    166,
    167,
    168,
    169,
    170,
    173,
    176,
    177,
    178,
    179,
    180,
    183,
    185,
    187,
    188,
    189,
    190,
    192,
    196
  ],
  "correct_rate": 49.0,
  "negative_samples_avg_ppl": 314.9364380041235,
  "positive_samples_avg_ppl": 279.62703768805096
}