{
  "correct_idxs": [
    1,
    3,
    6,
    8,
    9,
    11,
    14,
    17,
    19,
    23,
    28,
    29,
    31,
    33,
    34,
    37,
    38,
    39,
    40,
    43,
    46,
    47,
    48,
    50,
    52,
    55,
    57,
    59,
    62,
    63,
    64,
    66,
    67,
    68,
    71,
    72,
    77,
    78,
    80,
    82,
    85,
    88,
    89,
    91,
    93,
    94,
    96,
    97,
    98,
    100,
    102,
    105,
    106,
    108,
    111,
    114,
    115,
    116,
    119,
    120,
    123,
    127,
    129,
    130,
    132,
    136,
    138,
    141,
    142,
    143,
    145,
    146,
    147,
    148,
    151,
    154,
    157,
    159,
    160,
    162,
    164,
    166,
    167,
    172,
    173,
    174,
    178,
    179,
    180,
    184,
    186,
    187,
    189,
    191,
    192,
    193,
    195,
    196,
    199
  ],
  "correct_rate": 49.5,
  "negative_samples_avg_ppl": 824.7613646379257,
  "positive_samples_avg_ppl": 768.9391993807279
}