{
  "correct_idxs": [
    0,
    2,
    3,
    5,
    6,
    10,
    11,
    13,
    14,
    15,
    17,
    20,
    22,
    24,
    25,
    28,
    30,
    31,
    33,
    35,
    37,
    38,
    40,
    41,
    42,
    46,
    48,
    49,
    50,
    52,
    54,
    55,
    56,
    57,
    58,
    59,
    61,
    63,
    64,
    65,
    68,
    71,
    72,
    73,
    76,
    77,
    78,
    80,
    82,
    84,
    86,
    88,
    93,
    94,
    96,
    97,
    100,
    101,
    102,
    103,
    104,
    105,
    106,
    108,
    109,
    110,
    113,
    115,
    117,
    119,
    121,
    123,
    124,
    128,
    129,
    132,
    133,
    134,
    138,
    139,
    147,
    150,
    152,
    153,
    154,
    157,
    162,
    165,
    167,
    170,
    171,
    173,
    174,
    175,
    179,
    182,
    184,
    185,
    186,
    188,
    189,
    193,
    196,
    198,
    199
  ],
  "correct_rate": 52.5,
  "negative_samples_avg_ppl": 55.90564570330275,
  "positive_samples_avg_ppl": 50.97791018897444
}