{
  "correct_idxs": [
    3,
    4,
    6,
    7,
    8,
    9,
    14,
    15,
    16,
    17,
    23,
    25,
    28,
    29,
    30,
    33,
    34,
    37,
    39,
    42,
    43,
    45,
    48,
    49,
    50,
    51,
    52,
    53,
    54,
    61,
    63,
    66,
    74,
    75,
    76,
    81,
    84,
    85,
    87,
    88,
    89,
    90,
    93,
    95,
    96,
    97,
    102,
    104,
    105,
    111,
    112,
    113,
    114,
    116,
    118,
    120,
    121,
    123,
    127,
    128,
    129,
    130,
    132,
    133,
    134,
    135,
    137,
    139,
    141,
    142,
    144,
    145,
    146,
    147,
    148,
    151,
    152,
    153,
    157,
    162,
    165,
    168,
    170,
    171,
    172,
    173,
    174,
    179,
    180,
    183,
    185,
    187,
    189,
    191,
    192,
    194,
    199
  ],
  "correct_rate": 48.5,
  "negative_samples_avg_ppl": 4822.517609873076,
  "positive_samples_avg_ppl": 4667.025468324785
}