{
  "correct_idxs": [
    1,
    2,
    3,
    4,
    5,
    6,
    7,
    8,
    10,
    12,
    13,
    14,
    15,
    16,
    17,
    20,
    21,
    23,
    24,
    26,
    28,
    30,
    32,
    34,
    35,
    38,
    39,
    40,
    42,
    43,
    44,
    45,
    48,
    50,
    51,
    53,
    54,
    55,
    57,
    62,
    63,
    65,
    71,
    73,
    75,
    76,
    78,
    82,
    84,
    85,
    86,
    87,
    88,
    91,
    93,
    96,
    99,
    101,
    102,
    104,
    105,
    106,
    107,
    112,
    113,
    114,
    115,
    116,
    118,
    120,
    122,
    123,
    127,
    130,
    131,
    132,
    133,
    134,
    135,
    137,
    139,
    141,
    143,
    145,
    146,
    147,
    148,
    152,
    153,
    155,
    157,
    162,
    165,
    168,
    169,
    171,
    174,
    175,
    177,
    178,
    183,
    185,
    187,
    189,
    190,
    193,
    194,
    195,
    198,
    199
  ],
  "correct_rate": 55.0,
  "negative_samples_avg_ppl": 2652.4035329325793,
  "positive_samples_avg_ppl": 2152.5798789010228
}