{
  "correct_idxs": [
    3,
    4,
    5,
    6,
    7,
    8,
    9,
    14,
    17,
    20,
    24,
    25,
    28,
    30,
    31,
    34,
    37,
    40,
    41,
    42,
    43,
    46,
    48,
    49,
    50,
    53,
    54,
    55,
    58,
    59,
    61,
    62,
    63,
    65,
    68,
    70,
    72,
    74,
    76,
    77,
    81,
    82,
    85,
    89,
    90,
    91,
    92,
    93,
    96,
    97,
    98,
    99,
    107,
    111,
    112,
    113,
    116,
    118,
    121,
    122,
    127,
    128,
    130,
    133,
    134,
    135,
    137,
    138,
    142,
    143,
    144,
    145,
    146,
    147,
    152,
    157,
    160,
    165,
    168,
    170,
    171,
    173,
    174,
    175,
    176,
    179,
    185,
    189,
    191,
    192,
    193,
    194,
    196,
    198,
    199
  ],
  "correct_rate": 47.97979797979798,
  "negative_samples_avg_ppl": 13844.43068008126,
  "positive_samples_avg_ppl": 14665.555938678963
}