{
  "correct_idxs": [
    3,
    4,
    9,
    14,
    17,
    31,
    37,
    41,
    43,
    58,
    61,
    63,
    76,
    77,
    91,
    92,
    93,
    98,
    106,
    112,
    116,
    118,
    121,
    128,
    135,
    142,
    145,
    148,
    157,
    160,
    165,
    168,
    170,
    171,
    176,
    192,
    193
  ],
  "correct_rate": 42.04545454545455,
  "negative_samples_avg_ppl": 7682.750918702362,
  "positive_samples_avg_ppl": 9645.458137795958
}