{
  "correct_idxs": [
    2,
    4,
    5,
    6,
    7,
    11,
    15,
    16,
    17,
    19,
    20,
    22,
    24,
    27,
    28,
    30,
    31,
    32,
    33,
    35,
    39,
    40,
    41,
    43,
    45,
    46,
    53,
    56,
    58,
    61,
    62,
    63,
    64,
    65,
    66,
    67,
    68,
    70,
    73,
    76,
    77,
    81,
    82,
    86,
    87,
    88,
    90,
    93,
    97,
    99,
    103,
    105,
    109,
    111,
    112,
    113,
    115,
    116,
    118,
    119,
    121,
    123,
    125,
    127,
    132,
    133,
    135,
    136,
    137,
    144,
    145,
    146,
    147,
    150,
    151,
    153,
    154,
    155,
    156,
    159,
    160,
    163,
    164,
    165,
    166,
    167,
    169,
    170,
    173,
    174,
    175,
    176,
    179,
    181,
    182,
    183,
    185,
    186,
    187,
    188,
    189,
    197,
    199
  ],
  "correct_rate": 51.5,
  "negative_samples_avg_ppl": 49.75667107171166,
  "positive_samples_avg_ppl": 47.6631077728679
}