{
  "correct_idxs": [
    2,
    4,
    5,
    6,
    7,
    11,
    13,
    15,
    16,
    17,
    18,
    19,
    22,
    24,
    26,
    27,
    28,
    29,
    30,
    31,
    33,
    35,
    39,
    41,
    43,
    45,
    46,
    47,
    50,
    54,
    56,
    57,
    60,
    61,
    62,
    64,
    65,
    66,
    67,
    69,
    72,
    73,
    76,
    77,
    82,
    86,
    87,
    88,
    90,
    93,
    94,
    95,
    96,
    97,
    98,
    103,
    105,
    109,
    113,
    116,
    118,
    119,
    123,
    125,
    126,
    127,
    130,
    131,
    133,
    135,
    136,
    137,
    140,
    142,
    144,
    145,
    146,
    147,
    149,
    150,
    151,
    154,
    155,
    156,
    159,
    163,
    164,
    165,
    166,
    167,
    169,
    170,
    171,
    174,
    175,
    176,
    177,
    178,
    179,
    183,
    184,
    185,
    187,
    188,
    189,
    191,
    194,
    197
  ],
  "correct_rate": 54.0,
  "negative_samples_avg_ppl": 47.42775615248864,
  "positive_samples_avg_ppl": 43.64719508150724
}