{
  "correct_idxs": [
    2,
    5,
    7,
    8,
    9,
    11,
    12,
    13,
    14,
    16,
    20,
    21,
    23,
    24,
    25,
    28,
    29,
    32,
    38,
    40,
    41,
    42,
    43,
    45,
    46,
    49,
    50,
    52,
    54,
    56,
    57,
    59,
    60,
    61,
    66,
    68,
    70,
    72,
    73,
    74,
    75,
    79,
    81,
    82,
    83,
    84,
    90,
    93,
    97,
    98,
    99,
    100,
    103,
    105,
    106,
    107,
    108,
    109,
    113,
    114,
    121,
    123,
    125,
    126,
    127,
    128,
    131,
    133,
    135,
    137,
    138,
    139,
    141,
    146,
    148,
    149,
    151,
    152,
    155,
    157,
    163,
    165,
    168,
    169,
    171,
    172,
    173,
    174,
    175,
    176,
    182,
    188,
    189,
    192,
    194,
    199
  ],
  "correct_rate": 48.0,
  "negative_samples_avg_ppl": 4.048884109752215,
  "positive_samples_avg_ppl": 4.089521918701117
}