{
  "correct_idxs": [
    2,
    3,
    4,
    7,
    8,
    9,
    10,
    12,
    13,
    14,
    16,
    17,
    18,
    19,
    20,
    21,
    22,
    23,
    24,
    26,
    28,
    30,
    31,
    33,
    34,
    35,
    37,
    38,
    39,
    40,
    41,
    42,
    43,
    45,
    46,
    47,
    48,
    49,
    59,
    61,
    65,
    66,
    67,
    68,
    70,
    71,
    72,
    74,
    76,
    82,
    83,
    84,
    86,
    89,
    91,
    92,
    94,
    95,
    96,
    97,
    98,
    100,
    101,
    102,
    103,
    104,
    105,
    107,
    108,
    109,
    110,
    112,
    113,
    114,
    115,
    116,
    117,
    122,
    123,
    125,
    126,
    129,
    130,
    131,
    132,
    135,
    138,
    139,
    140,
    142,
    143,
    144,
    145,
    146,
    148,
    150,
    153,
    154,
    155,
    156,
    159,
    160,
    162,
    163,
    164,
    165,
    166,
    169,
    170,
    171,
    173,
    174,
    176,
    177,
    178,
    179,
    180,
    181,
    182,
    183,
    184,
    187,
    188,
    191,
    192,
    195,
    197,
    198,
    199
  ],
  "correct_rate": 64.75,
  "negative_samples_avg_ppl": 31.546255726032523,
  "positive_samples_avg_ppl": 20.395242928058202
}