{
  "correct_idxs": [
    0,
    1,
    2,
    3,
    5,
    6,
    9,
    11,
    12,
    14,
    15,
    18,
    22,
    24,
    25,
    26,
    27,
    28,
    29,
    30,
    35,
    37,
    40,
    41,
    42,
    43,
    44,
    45,
    46,
    48,
    49,
    50,
    52,
    53,
    55,
    58,
    60,
    63,
    65,
    68,
    69,
    70,
    71,
    72,
    73,
    74,
    76,
    77,
    78,
    79,
    80,
    84,
    87,
    88,
    89,
    90,
    91,
    92,
    93,
    95,
    96,
    97,
    98,
    101,
    103,
    104,
    106,
    108,
    111,
    112,
    113,
    114,
    117,
    120,
    121,
    122,
    123,
    124,
    125,
    126,
    127,
    128,
    129,
    130,
    131,
    132,
    133,
    134,
    135,
    136,
    137,
    139,
    140,
    141,
    144,
    146,
    147,
    148,
    149,
    150,
    153,
    154,
    155,
    156,
    157,
    159,
    160,
    162,
    166,
    167,
    168,
    169,
    170,
    171,
    172,
    174,
    175,
    176,
    177,
    178,
    179,
    180,
    181,
    182,
    183,
    184,
    185,
    186,
    187,
    189,
    190,
    192,
    194,
    195,
    197,
    199
  ],
  "correct_rate": 68.0,
  "negative_samples_avg_ppl": 4.942019967800661,
  "positive_samples_avg_ppl": 4.172796702202273
}