{
  "correct_idxs": [
    0,
    1,
    2,
    6,
    8,
    9,
    10,
    11,
    17,
    20,
    21,
    22,
    24,
    25,
    26,
    27,
    29,
    32,
    34,
    35,
    36,
    37,
    39,
    40,
    43,
    44,
    49,
    52,
    53,
    56,
    58,
    59,
    60,
    61,
    63,
    64,
    66,
    67,
    68,
    71,
    72,
    73,
    74,
    76,
    77,
    80,
    81,
    82,
    83,
    84,
    85,
    86,
    88,
    89,
    92,
    93,
    94,
    96,
    98,
    99,
    100,
    102,
    105,
    109,
    112,
    114,
    115,
    116,
    117,
    118,
    119,
    120,
    121,
    123,
    124,
    125,
    129,
    130,
    131,
    134,
    135,
    139,
    140,
    141,
    142,
    144,
    145,
    146,
    149,
    150,
    151,
    156,
    162,
    163,
    164,
    168,
    169,
    171,
    172,
    174,
    179,
    180,
    182,
    184,
    186,
    187,
    191,
    192,
    193,
    194,
    195,
    196,
    197
  ],
  "correct_rate": 56.5,
  "negative_samples_avg_ppl": 215.737943262939,
  "positive_samples_avg_ppl": 161.71884434225234
}