{
  "correct_idxs": [
    0,
    6,
    9,
    11,
    15,
    16,
    19,
    21,
    22,
    25,
    27,
    28,
    30,
    32,
    34,
    36,
    37,
    38,
    39,
    40,
    43,
    45,
    48,
    53,
    56,
    57,
    60,
    64,
    66,
    67,
    72,
    73,
    76,
    77,
    78,
    80,
    84,
    85,
    87,
    90,
    91,
    93,
    94,
    95,
    96,
    98,
    102,
    103,
    104,
    110,
    112,
    114,
    116,
    118,
    120,
    121,
    122,
    123,
    125,
    126,
    127,
    128,
    130,
    134,
    135,
    136,
    139,
    141,
    142,
    143,
    145,
    146,
    147,
    148,
    149,
    150,
    152,
    154,
    156,
    158,
    160,
    161,
    163,
    164,
    166,
    167,
    168,
    170,
    171,
    172,
    173,
    175,
    178,
    180,
    182,
    184,
    187,
    189,
    192,
    194,
    195,
    196,
    197,
    199
  ],
  "correct_rate": 52.0,
  "negative_samples_avg_ppl": 8.551281965399022,
  "positive_samples_avg_ppl": 8.094650821829832
}