{
  "correct_idxs": [
    0,
    2,
    3,
    5,
    6,
    9,
    14,
    15,
    16,
    20,
    21,
    23,
    26,
    27,
    33,
    35,
    38,
    39,
    41,
    42,
    43,
    44,
    45,
    49,
    52,
    53,
    54,
    55,
    56,
    57,
    59,
    63,
    64,
    65,
    66,
    68,
    69,
    70,
    71,
    74,
    76,
    78,
    79,
    83,
    84,
    85,
    87,
    89,
    90,
    91,
    92,
    93,
    95,
    96,
    97,
    99,
    100,
    102,
    103,
    105,
    106,
    107,
    108,
    111,
    113,
    114,
    115,
    118,
    119,
    120,
    121,
    123,
    125,
    127,
    128,
    134,
    137,
    138,
    139,
    140,
    141,
    142,
    143,
    144,
    146,
    147,
    150,
    153,
    154,
    155,
    157,
    159,
    160,
    161,
    163,
    164,
    166,
    167,
    168,
    170,
    172,
    173,
    176,
    178,
    179,
    180,
    181,
    184,
    186,
    187,
    189,
    190,
    192,
    193,
    195,
    199
  ],
  "correct_rate": 58.0,
  "negative_samples_avg_ppl": 7.9771108965708395,
  "positive_samples_avg_ppl": 5.843006221610356
}