{
  "correct_idxs": [
    0,
    1,
    2,
    3,
    5,
    6,
    7,
    8,
    9,
    11,
    13,
    15,
    16,
    19,
    20,
    21,
    23,
    24,
    26,
    27,
    28,
    29,
    33,
    35,
    36,
    38,
    40,
    41,
    42,
    43,
    49,
    51,
    52,
    55,
    56,
    60,
    61,
    63,
    64,
    66,
    69,
    74,
    76,
    77,
    78,
    79,
    81,
    83,
    89,
    90,
    91,
    92,
    94,
    95,
    97,
    99,
    100,
    102,
    103,
    104,
    105,
    107,
    108,
    113,
    114,
    119,
    121,
    122,
    124,
    125,
    128,
    129,
    134,
    135,
    136,
    138,
    139,
    140,
    141,
    144,
    146,
    147,
    148,
    150,
    154,
    155,
    156,
    157,
    158,
    163,
    170,
    171,
    173,
    176,
    178,
    182,
    184,
    186,
    190,
    192,
    199
  ],
  "correct_rate": 50.5,
  "negative_samples_avg_ppl": 6.542326387168094,
  "positive_samples_avg_ppl": 5.843006221610356
}