{
  "correct_idxs": [
    0,
    1,
    2,
    3,
    4,
    5,
    6,
    7,
    9,
    10,
    11,
    12,
    14,
    18,
    21,
    24,
    25,
    27,
    28,
    29,
    31,
    32,
    33,
    34,
    35,
    36,
    37,
    38,
    40,
    42,
    43,
    44,
    45,
    47,
    48,
    50,
    51,
    53,
    55,
    56,
    57,
    59,
    60,
    62,
    64,
    65,
    70,
    71,
    72,
    73,
    74,
    76,
    77,
    78,
    79,
    80,
    82,
    84,
    85,
    86,
    90,
    95,
    96,
    97,
    98,
    102,
    103,
    104,
    106,
    108,
    109,
    110,
    111,
    112,
    113,
    115,
    120,
    121,
    125,
    126,
    127,
    128,
    130,
    131,
    132,
    133,
    134,
    135,
    136,
    138,
    140,
    141,
    143,
    144,
    148,
    149,
    150,
    152,
    153,
    154,
    155,
    156,
    159,
    165,
    166,
    168,
    169,
    170,
    171,
    172,
    175,
    176,
    177,
    178,
    179,
    181,
    183,
    184,
    185,
    186,
    187,
    189,
    190,
    191,
    194,
    198,
    199
  ],
  "correct_rate": 63.5,
  "negative_samples_avg_ppl": 4.743164093567739,
  "positive_samples_avg_ppl": 4.136112053653597
}