{
  "correct_idxs": [
    1,
    2,
    4,
    5,
    7,
    8,
    10,
    13,
    14,
    15,
    16,
    20,
    21,
    22,
    23,
    24,
    27,
    30,
    31,
    32,
    33,
    37,
    39,
    43,
    44,
    45,
    46,
    48,
    49,
    52,
    54,
    55,
    63,
    66,
    67,
    69,
    71,
    72,
    73,
    76,
    77,
    78,
    79,
    80,
    83,
    86,
    91,
    92,
    93,
    94,
    95,
    97,
    101,
    103,
    104,
    105,
    106,
    108,
    111,
    112,
    114,
    116,
    119,
    120,
    121,
    122,
    123,
    124,
    126,
    127,
    129,
    131,
    132,
    134,
    137,
    139,
    144,
    146,
    154,
    158,
    160,
    163,
    168,
    169,
    170,
    171,
    172,
    174,
    175,
    176,
    177,
    178,
    180,
    181,
    183,
    185,
    186,
    188,
    190,
    194,
    195,
    197,
    199
  ],
  "correct_rate": 51.5,
  "negative_samples_avg_ppl": 5.2109056753572425,
  "positive_samples_avg_ppl": 4.728783656964044
}