{
  "correct_idxs": [
    2,
    3,
    7,
    8,
    9,
    11,
    13,
    14,
    15,
    20,
    21,
    25,
    28,
    29,
    30,
    31,
    32,
    39,
    41,
    43,
    49,
    52,
    53,
    54,
    56,
    58,
    59,
    60,
    65,
    68,
    72,
    74,
    75,
    76,
    77,
    78,
    79,
    82,
    83,
    84,
    88,
    89,
    90,
    93,
    94,
    98,
    99,
    100,
    103,
    107,
    108,
    111,
    112,
    113,
    114,
    115,
    117,
    120,
    121,
    122,
    123,
    124,
    125,
    127,
    128,
    129,
    131,
    132,
    134,
    135,
    138,
    140,
    143,
    145,
    147,
    150,
    151,
    152,
    154,
    155,
    157,
    158,
    159,
    161,
    162,
    163,
    165,
    166,
    167,
    169,
    170,
    171,
    172,
    173,
    175,
    177,
    178,
    182,
    183,
    184,
    186,
    188,
    189,
    192,
    193,
    196,
    197
  ],
  "correct_rate": 53.5,
  "negative_samples_avg_ppl": 113.36143834199318,
  "positive_samples_avg_ppl": 101.35623358128353
}