{
  "correct_idxs": [
    0,
    1,
    5,
    8,
    10,
    13,
    15,
    16,
    18,
    24,
    27,
    28,
    30,
    37,
    38,
    39,
    40,
    41,
    43,
    44,
    45,
    47,
    48,
    50,
    53,
    54,
    57,
    58,
    59,
    61,
    62,
    66,
    68,
    69,
    71,
    72,
    73,
    74,
    75,
    76,
    77,
    78,
    81,
    84,
    85,
    86,
    87,
    90,
    91,
    92,
    97,
    99,
    103,
    107,
    108,
    109,
    112,
    114,
    115,
    116,
    118,
    120,
    121,
    123,
    125,
    128,
    130,
    133,
    134,
    136,
    137,
    138,
    139,
    141,
    143,
    148,
    150,
    153,
    154,
    157,
    159,
    160,
    161,
    163,
    165,
    167,
    169,
    170,
    175,
    176,
    179,
    181,
    182,
    183,
    185,
    188,
    190,
    191,
    193,
    195,
    196,
    198
  ],
  "correct_rate": 51.0,
  "negative_samples_avg_ppl": 1.0227844921204334,
  "positive_samples_avg_ppl": 1.0228006109704786
}