{
  "correct_idxs": [
    0,
    1,
    5,
    6,
    8,
    10,
    15,
    18,
    20,
    21,
    24,
    25,
    27,
    32,
    33,
    34,
    35,
    36,
    37,
    39,
    40,
    43,
    44,
    46,
    48,
    49,
    50,
    51,
    52,
    54,
    56,
    57,
    60,
    61,
    62,
    63,
    64,
    67,
    68,
    73,
    74,
    76,
    78,
    80,
    82,
    83,
    85,
    87,
    88,
    91,
    93,
    96,
    99,
    100,
    102,
    104,
    105,
    106,
    108,
    110,
    111,
    114,
    115,
    116,
    117,
    118,
    119,
    120,
    121,
    126,
    127,
    128,
    130,
    131,
    132,
    134,
    140,
    142,
    143,
    144,
    145,
    146,
    147,
    151,
    152,
    154,
    155,
    158,
    160,
    162,
    163,
    165,
    167,
    168,
    169,
    170,
    171,
    172,
    174,
    176,
    178,
    179,
    180,
    182,
    183,
    188,
    189,
    192,
    193,
    199
  ],
  "correct_rate": 55.0,
  "negative_samples_avg_ppl": 4.821567395941697,
  "positive_samples_avg_ppl": 4.602806925266902
}