{
  "correct_idxs": [
    1,
    3,
    4,
    5,
    6,
    7,
    9,
    10,
    15,
    20,
    21,
    23,
    26,
    27,
    31,
    32,
    34,
    35,
    36,
    37,
    38,
    39,
    40,
    46,
    47,
    50,
    51,
    53,
    55,
    60,
    62,
    63,
    64,
    65,
    66,
    69,
    73,
    75,
    76,
    78,
    81,
    82,
    84,
    87,
    88,
    89,
    90,
    93,
    94,
    97,
    99,
    100,
    101,
    102,
    103,
    104,
    105,
    106,
    108,
    111,
    114,
    115,
    116,
    117,
    120,
    121,
    123,
    124,
    127,
    129,
    130,
    131,
    132,
    133,
    138,
    139,
    141,
    146,
    149,
    152,
    153,
    154,
    155,
    156,
    159,
    162,
    167,
    168,
    169,
    171,
    176,
    178,
    179,
    181,
    185,
    187,
    189,
    190,
    192,
    195,
    197,
    199
  ],
  "correct_rate": 51.0,
  "negative_samples_avg_ppl": 0.2804715630933822,
  "positive_samples_avg_ppl": 0.2449655486517499
}