{
  "correct_idxs": [
    1,
    2,
    3,
    4,
    5,
    6,
    8,
    9,
    10,
    11,
    12,
    14,
    17,
    18,
    19,
    20,
    21,
    22,
    24,
    26,
    28,
    29,
    32,
    33,
    34,
    35,
    37,
    38,
    39,
    41,
    44,
    45,
    46,
    47,
    49,
    51,
    53,
    55,
    57,
    58,
    60,
    62,
    64,
    65,
    67,
    68,
    69,
    70,
    71,
    73,
    74,
    76,
    77,
    81,
    82,
    83,
    84,
    85,
    91,
    92,
    94,
    95,
    97,
    98,
    99,
    100,
    102,
    105,
    108,
    109,
    110,
    111,
    112,
    113,
    115,
    116,
    118,
    119,
    120,
    121,
    122,
    123,
    126,
    127,
    128,
    130,
    132,
    133,
    134,
    135,
    136,
    138,
    140,
    141,
    142,
    143,
    144,
    145,
    146,
    147,
    149,
    150,
    152,
    154,
    156,
    157,
    160,
    161,
    162,
    163,
    164,
    166,
    167,
    168,
    174,
    175,
    177,
    179,
    180,
    181,
    182,
    183,
    184,
    185,
    188,
    189,
    190,
    192,
    197,
    198,
    199
  ],
  "correct_rate": 65.5,
  "negative_samples_avg_ppl": 0.7454876708582782,
  "positive_samples_avg_ppl": 0.6159004124803573
}