{
  "correct_idxs": [
    2,
    4,
    5,
    6,
    8,
    9,
    10,
    13,
    15,
    16,
    20,
    21,
    22,
    23,
    27,
    28,
    30,
    31,
    32,
    33,
    34,
    36,
    37,
    38,
    39,
    40,
    41,
    42,
    44,
    48,
    50,
    52,
    53,
    55,
    57,
    58,
    60,
    62,
    63,
    64,
    65,
    66,
    67,
    69,
    71,
    72,
    77,
    78,
    81,
    82,
    83,
    86,
    87,
    89,
    90,
    92,
    93,
    95,
    96,
    99,
    100,
    102,
    104,
    107,
    109,
    111,
    112,
    113,
    114,
    115,
    116,
    117,
    118,
    123,
    124,
    125,
    126,
    129,
    130,
    134,
    135,
    136,
    138,
    140,
    141,
    142,
    143,
    146,
    147,
    148,
    149,
    150,
    151,
    152,
    153,
    154,
    155,
    156,
    159,
    160,
    161,
    162,
    163,
    164,
    165,
    167,
    169,
    170,
    171,
    173,
    175,
    176,
    177,
    180,
    181,
    182,
    183,
    187,
    188,
    189,
    190,
    194,
    195,
    196,
    199
  ],
  "correct_rate": 62.5,
  "negative_samples_avg_ppl": 5587.905419652689,
  "positive_samples_avg_ppl": 3321.4546434567246
}