{
  "correct_idxs": [
    0,
    1,
    2,
    3,
    5,
    6,
    7,
    8,
    9,
    10,
    12,
    14,
    18,
    19,
    21,
    22,
    24,
    26,
    27,
    28,
    29,
    32,
    34,
    36,
    37,
    38,
    39,
    42,
    43,
    44,
    45,
    47,
    52,
    53,
    54,
    55,
    57,
    59,
    60,
    61,
    63,
    64,
    65,
    66,
    67,
    69,
    70,
    72,
    73,
    74,
    75,
    76,
    77,
    78,
    79,
    82,
    83,
    84,
    85,
    88,
    89,
    91,
    95,
    96,
    97,
    98,
    99,
    101,
    102,
    104,
    108,
    109,
    110,
    111,
    112,
    113,
    114,
    115,
    116,
    119,
    120,
    122,
    123,
    125,
    126,
    127,
    128,
    129,
    130,
    131,
    133,
    134,
    136,
    137,
    140,
    141,
    145,
    146,
    147,
    148,
    149,
    150,
    154,
    156,
    157,
    158,
    160,
    161,
    163,
    164,
    166,
    167,
    168,
    173,
    175,
    177,
    178,
    179,
    180,
    181,
    182,
    183,
    184,
    185,
    186,
    187,
    188,
    189,
    190,
    191,
    192,
    195,
    198,
    199
  ],
  "correct_rate": 67.0,
  "negative_samples_avg_ppl": 7.654876775684074,
  "positive_samples_avg_ppl": 6.044057054815317
}