{
  "correct_idxs": [
    0,
    1,
    3,
    7,
    9,
    13,
    16,
    20,
    22,
    23,
    26,
    31,
    35,
    36,
    40,
    45,
    47,
    49,
    50,
    52,
    55,
    56,
    57,
    58,
    61,
    63,
    65,
    70,
    72,
    74,
    75,
    77,
    80,
    85,
    86,
    90,
    91,
    92,
    96,
    97,
    98,
    102,
    103,
    105,
    107,
    108,
    112,
    113,
    115,
    123,
    127,
    128,
    129,
    132,
    134,
    136,
    140,
    141,
    146,
    147,
    150,
    151,
    153,
    154,
    155,
    157,
    158,
    159,
    161,
    170,
    172,
    174,
    183,
    185,
    187,
    190,
    191,
    194,
    195,
    196,
    198,
    199
  ],
  "correct_rate": 43.1578947368421,
  "negative_samples_avg_ppl": 12771.057478285824,
  "positive_samples_avg_ppl": 16318.025079342759
}