{
  "correct_idxs": [
    2,
    7,
    13,
    22,
    26,
    32,
    35,
    36,
    40,
    47,
    48,
    49,
    52,
    57,
    61,
    62,
    67,
    74,
    75,
    80,
    85,
    86,
    92,
    98,
    100,
    108,
    112,
    118,
    127,
    129,
    134,
    146,
    150,
    154,
    155,
    157,
    170,
    174,
    177,
    180,
    183,
    187,
    190,
    194,
    195,
    199
  ],
  "correct_rate": 46.93877551020408,
  "negative_samples_avg_ppl": 9683.186001486401,
  "positive_samples_avg_ppl": 9256.471720170204
}