{
  "correct_idxs": [
    0,
    1,
    3,
    8,
    9,
    13,
    16,
    18,
    22,
    32,
    33,
    34,
    36,
    38,
    40,
    45,
    47,
    50,
    51,
    56,
    61,
    62,
    65,
    67,
    68,
    70,
    71,
    72,
    73,
    74,
    75,
    77,
    79,
    80,
    84,
    86,
    90,
    92,
    93,
    97,
    104,
    108,
    111,
    112,
    113,
    114,
    119,
    120,
    122,
    123,
    125,
    129,
    130,
    131,
    132,
    133,
    134,
    136,
    140,
    145,
    146,
    150,
    151,
    152,
    153,
    154,
    155,
    156,
    157,
    158,
    159,
    160,
    161,
    166,
    168,
    169,
    170,
    172,
    173,
    174,
    175,
    178,
    180,
    182,
    183,
    185,
    188,
    189,
    191,
    192,
    193,
    196,
    199
  ],
  "correct_rate": 46.5,
  "negative_samples_avg_ppl": 2577.851995756639,
  "positive_samples_avg_ppl": 2679.2569219075476
}