{
  "correct_idxs": [
    0,
    1,
    2,
    4,
    8,
    9,
    16,
    20,
    21,
    22,
    23,
    26,
    31,
    32,
    36,
    40,
    41,
    45,
    48,
    49,
    50,
    55,
    56,
    58,
    61,
    62,
    64,
    67,
    69,
    70,
    71,
    72,
    74,
    75,
    77,
    79,
    80,
    85,
    86,
    90,
    91,
    92,
    96,
    97,
    98,
    105,
    107,
    108,
    111,
    112,
    115,
    118,
    123,
    128,
    130,
    131,
    134,
    136,
    138,
    140,
    146,
    150,
    152,
    153,
    154,
    155,
    156,
    157,
    158,
    159,
    169,
    170,
    172,
    173,
    174,
    175,
    178,
    180,
    184,
    185,
    189,
    191,
    192,
    194,
    199
  ],
  "correct_rate": 42.5,
  "negative_samples_avg_ppl": 4773.906818950559,
  "positive_samples_avg_ppl": 5539.317548931561
}