{
  "correct_idxs": [
    1,
    2,
    3,
    4,
    5,
    6,
    7,
    8,
    9,
    10,
    21,
    22,
    24,
    26,
    28,
    29,
    31,
    32,
    35,
    37,
    38,
    39,
    41,
    43,
    44,
    45,
    46,
    47,
    48,
    50,
    51,
    53,
    57,
    58,
    59,
    60,
    62,
    64,
    65,
    69,
    70,
    71,
    72,
    74,
    76,
    77,
    78,
    79,
    81,
    82,
    85,
    89,
    90,
    91,
    93,
    94,
    95,
    97,
    98,
    100,
    101,
    102,
    103,
    104,
    110,
    111,
    112,
    113,
    115,
    116,
    118,
    120,
    121,
    123,
    127,
    128,
    129,
    130,
    131,
    132,
    134,
    135,
    138,
    140,
    141,
    142,
    143,
    144,
    145,
    146,
    147,
    148,
    149,
    150,
    152,
    154,
    156,
    157,
    158,
    160,
    161,
    162,
    163,
    164,
    167,
    168,
    172,
    175,
    176,
    178,
    179,
    180,
    181,
    183,
    184,
    185,
    188,
    189,
    190,
    192,
    193,
    194,
    195,
    197
  ],
  "correct_rate": 62.0,
  "negative_samples_avg_ppl": 0.7156130419212507,
  "positive_samples_avg_ppl": 0.5804681631376617
}