{
  "correct_idxs": [
    0,
    1,
    5,
    6,
    7,
    9,
    10,
    15,
    16,
    18,
    20,
    26,
    27,
    30,
    31,
    32,
    34,
    35,
    36,
    37,
    38,
    39,
    40,
    42,
    43,
    47,
    48,
    49,
    50,
    51,
    52,
    56,
    57,
    60,
    61,
    62,
    63,
    64,
    65,
    67,
    68,
    71,
    73,
    74,
    75,
    78,
    80,
    81,
    82,
    87,
    88,
    90,
    91,
    93,
    97,
    98,
    99,
    100,
    101,
    102,
    103,
    104,
    105,
    106,
    108,
    111,
    114,
    115,
    116,
    120,
    121,
    126,
    127,
    129,
    130,
    133,
    134,
    138,
    141,
    142,
    143,
    144,
    145,
    147,
    151,
    152,
    154,
    155,
    160,
    162,
    164,
    167,
    168,
    169,
    170,
    172,
    173,
    174,
    175,
    176,
    178,
    179,
    180,
    183,
    189,
    192,
    193,
    196,
    199
  ],
  "correct_rate": 54.5,
  "negative_samples_avg_ppl": 0.6915027970808271,
  "positive_samples_avg_ppl": 0.6430944131595181
}