{
  "correct_idxs": [
    1,
    3,
    4,
    6,
    8,
    9,
    10,
    11,
    12,
    14,
    15,
    16,
    18,
    19,
    20,
    22,
    24,
    28,
    29,
    32,
    35,
    36,
    39,
    40,
    42,
    43,
    45,
    46,
    47,
    48,
    49,
    51,
    54,
    57,
    58,
    60,
    61,
    62,
    64,
    66,
    67,
    68,
    69,
    70,
    74,
    75,
    76,
    77,
    78,
    82,
    84,
    85,
    90,
    93,
    95,
    96,
    97,
    99,
    103,
    104,
    105,
    106,
    109,
    111,
    112,
    113,
    115,
    117,
    120,
    121,
    122,
    127,
    129,
    131,
    134,
    135,
    136,
    137,
    138,
    141,
    144,
    145,
    146,
    150,
    151,
    152,
    154,
    157,
    158,
    160,
    162,
    164,
    168,
    169,
    170,
    171,
    174,
    175,
    177,
    179,
    184,
    185,
    186,
    189,
    190,
    194,
    195,
    196,
    197,
    199
  ],
  "correct_rate": 55.25,
  "negative_samples_avg_ppl": 0.3112394465971545,
  "positive_samples_avg_ppl": 0.1921090660855035
}