{
  "correct_idxs": [
    0,
    1,
    2,
    3,
    4,
    6,
    10,
    11,
    16,
    19,
    21,
    22,
    26,
    30,
    32,
    34,
    35,
    36,
    37,
    38,
    43,
    44,
    45,
    47,
    48,
    50,
    51,
    54,
    55,
    57,
    58,
    59,
    60,
    63,
    65,
    66,
    69,
    70,
    72,
    73,
    76,
    77,
    79,
    81,
    83,
    84,
    85,
    86,
    87,
    88,
    89,
    90,
    92,
    94,
    95,
    96,
    101,
    102,
    103,
    107,
    108,
    111,
    112,
    113,
    114,
    115,
    116,
    117,
    118,
    119,
    120,
    122,
    123,
    125,
    126,
    127,
    128,
    130,
    131,
    132,
    133,
    134,
    135,
    139,
    141,
    145,
    146,
    147,
    148,
    149,
    150,
    151,
    152,
    154,
    156,
    160,
    162,
    164,
    166,
    171,
    172,
    177,
    179,
    180,
    181,
    182,
    184,
    187,
    188,
    189,
    192,
    194,
    195,
    197,
    198,
    199
  ],
  "correct_rate": 58.0,
  "negative_samples_avg_ppl": 4.109604764275443,
  "positive_samples_avg_ppl": 4.000143068943225
}