{
  "correct_idxs": [
    0,
    2,
    4,
    8,
    9,
    11,
    13,
    15,
    24,
    28,
    31,
    32,
    38,
    39,
    41,
    43,
    46,
    47,
    49,
    52,
    53,
    54,
    56,
    57,
    59,
    60,
    65,
    68,
    70,
    73,
    74,
    75,
    76,
    77,
    78,
    82,
    83,
    84,
    88,
    89,
    90,
    93,
    94,
    97,
    99,
    100,
    103,
    105,
    107,
    108,
    111,
    112,
    113,
    114,
    115,
    117,
    120,
    121,
    122,
    123,
    124,
    125,
    127,
    128,
    129,
    130,
    131,
    132,
    133,
    134,
    135,
    138,
    140,
    141,
    142,
    143,
    145,
    146,
    147,
    149,
    150,
    151,
    152,
    154,
    155,
    156,
    157,
    159,
    162,
    163,
    165,
    167,
    169,
    171,
    172,
    173,
    175,
    177,
    180,
    182,
    183,
    184,
    186,
    188,
    189,
    192,
    196,
    197,
    199
  ],
  "correct_rate": 54.5,
  "negative_samples_avg_ppl": 64.17323892612876,
  "positive_samples_avg_ppl": 59.29235818117312
}