{
  "correct_idxs": [
    2,
    3,
    4,
    5,
    6,
    7,
    8,
    9,
    11,
    13,
    14,
    15,
    16,
    18,
    20,
    21,
    24,
    25,
    26,
    28,
    35,
    36,
    38,
    39,
    41,
    43,
    44,
    46,
    49,
    50,
    52,
    53,
    55,
    56,
    57,
    59,
    60,
    61,
    66,
    68,
    70,
    72,
    73,
    74,
    75,
    76,
    77,
    78,
    79,
    81,
    82,
    83,
    87,
    88,
    90,
    92,
    93,
    97,
    98,
    99,
    103,
    104,
    106,
    107,
    108,
    112,
    113,
    114,
    118,
    120,
    121,
    122,
    123,
    125,
    127,
    128,
    130,
    131,
    132,
    133,
    134,
    135,
    137,
    138,
    140,
    141,
    145,
    146,
    148,
    149,
    150,
    151,
    152,
    156,
    157,
    159,
    163,
    165,
    167,
    169,
    171,
    172,
    173,
    177,
    182,
    183,
    185,
    186,
    188,
    189,
    192,
    194,
    196,
    197
  ],
  "correct_rate": 57.0,
  "negative_samples_avg_ppl": 31.70159565824416,
  "positive_samples_avg_ppl": 30.41119075155359
}