{
  "correct_idxs": [
    2,
    3,
    4,
    5,
    6,
    9,
    10,
    11,
    12,
    14,
    17,
    18,
    19,
    22,
    23,
    30,
    31,
    33,
    34,
    35,
    36,
    37,
    39,
    42,
    43,
    45,
    46,
    48,
    49,
    50,
    52,
    53,
    55,
    56,
    57,
    58,
    59,
    60,
    61,
    62,
    65,
    67,
    68,
    71,
    72,
    73,
    74,
    76,
    79,
    84,
    85,
    86,
    88,
    93,
    94,
    95,
    96,
    97,
    98,
    100,
    102,
    104,
    105,
    106,
    107,
    108,
    109,
    114,
    115,
    116,
    117,
    118,
    119,
    122,
    123,
    125,
    128,
    129,
    132,
    133,
    135,
    138,
    140,
    142,
    145,
    146,
    149,
    151,
    152,
    154,
    157,
    161,
    163,
    164,
    165,
    167,
    168,
    169,
    171,
    172,
    174,
    176,
    177,
    180,
    181,
    182,
    183,
    184,
    185,
    189,
    192,
    195,
    196,
    197
  ],
  "correct_rate": 57.0,
  "negative_samples_avg_ppl": 314.3787378716645,
  "positive_samples_avg_ppl": 308.21828764213154
}