{
  "correct_idxs": [
    1,
    4,
    5,
    6,
    8,
    11,
    13,
    16,
    18,
    21,
    23,
    26,
    28,
    30,
    32,
    34,
    35,
    36,
    38,
    39,
    48,
    51,
    53,
    54,
    57,
    59,
    60,
    62,
    65,
    66,
    67,
    69,
    72,
    74,
    79,
    81,
    83,
    84,
    85,
    86,
    88,
    92,
    94,
    96,
    100,
    101,
    102,
    103,
    104,
    106,
    108,
    109,
    113,
    115,
    117,
    119,
    120,
    122,
    123,
    124,
    125,
    126,
    129,
    131,
    136,
    137,
    138,
    139,
    140,
    143,
    144,
    147,
    148,
    149,
    151,
    152,
    155,
    158,
    159,
    161,
    163,
    164,
    165,
    166,
    167,
    168,
    169,
    170,
    171,
    173,
    176,
    177,
    179,
    185,
    186,
    188,
    189,
    192,
    193,
    195,
    197,
    198,
    199
  ],
  "correct_rate": 51.5,
  "negative_samples_avg_ppl": 15385.062988485619,
  "positive_samples_avg_ppl": 15467.020114468134
}