{
  "correct_idxs": [
    1,
    2,
    4,
    5,
    6,
    8,
    11,
    15,
    16,
    18,
    23,
    26,
    27,
    30,
    32,
    34,
    35,
    38,
    39,
    48,
    49,
    50,
    51,
    53,
    54,
    57,
    60,
    62,
    64,
    65,
    66,
    69,
    72,
    74,
    81,
    83,
    84,
    85,
    88,
    90,
    91,
    92,
    94,
    96,
    99,
    100,
    101,
    104,
    106,
    108,
    112,
    113,
    115,
    117,
    119,
    122,
    123,
    124,
    125,
    126,
    129,
    131,
    136,
    138,
    139,
    144,
    147,
    148,
    149,
    150,
    151,
    152,
    155,
    158,
    159,
    161,
    165,
    166,
    167,
    168,
    169,
    170,
    171,
    173,
    176,
    177,
    179,
    181,
    185,
    186,
    188,
    189,
    192,
    197,
    198,
    199
  ],
  "correct_rate": 48.0,
  "negative_samples_avg_ppl": 19740.16009780019,
  "positive_samples_avg_ppl": 20049.052902264182
}