{
  "correct_idxs": [
    1,
    2,
    3,
    7,
    8,
    9,
    10,
    11,
    12,
    13,
    16,
    17,
    18,
    21,
    25,
    28,
    29,
    30,
    31,
    34,
    35,
    37,
    38,
    39,
    42,
    43,
    44,
    45,
    48,
    50,
    51,
    55,
    56,
    57,
    63,
    64,
    66,
    67,
    68,
    69,
    70,
    71,
    73,
    77,
    83,
    85,
    87,
    89,
    90,
    92,
    94,
    95,
    98,
    101,
    102,
    103,
    107,
    108,
    109,
    114,
    116,
    117,
    118,
    122,
    123,
    128,
    133,
    135,
    139,
    140,
    141,
    142,
    143,
    144,
    145,
    148,
    150,
    151,
    153,
    154,
    155,
    156,
    158,
    159,
    167,
    168,
    170,
    171,
    173,
    174,
    175,
    177,
    178,
    179,
    180,
    181,
    182,
    184,
    185,
    186,
    187,
    189,
    192,
    197,
    199
  ],
  "correct_rate": 56.5,
  "negative_samples_avg_ppl": 475.5160225085895,
  "positive_samples_avg_ppl": 433.87926494025925
}