{
  "correct_idxs": [
    1,
    4,
    6,
    8,
    10,
    11,
    12,
    13,
    15,
    16,
    18,
    19,
    20,
    21,
    22,
    24,
    25,
    26,
    28,
    30,
    31,
    33,
    35,
    41,
    42,
    43,
    45,
    46,
    48,
    52,
    53,
    54,
    56,
    57,
    58,
    60,
    64,
    65,
    73,
    74,
    75,
    76,
    78,
    84,
    85,
    86,
    88,
    91,
    92,
    94,
    95,
    97,
    98,
    100,
    101,
    102,
    103,
    104,
    106,
    107,
    110,
    113,
    115,
    117,
    122,
    123,
    125,
    127,
    131,
    133,
    134,
    135,
    136,
    139,
    143,
    144,
    145,
    146,
    147,
    149,
    151,
    152,
    155,
    156,
    157,
    160,
    161,
    164,
    165,
    166,
    173,
    174,
    177,
    178,
    180,
    183,
    184,
    185,
    186,
    188,
    189,
    190,
    191,
    195,
    198
  ],
  "correct_rate": 52.5,
  "negative_samples_avg_ppl": 545.6675079633044,
  "positive_samples_avg_ppl": 532.1392249838094
}