{
  "correct_idxs": [
    0,
    1,
    2,
    3,
    4,
    6,
    8,
    9,
    12,
    15,
    16,
    17,
    18,
    19,
    20,
    21,
    22,
    23,
    25,
    26,
    27,
    28,
    30,
    31,
    33,
    34,
    35,
    37,
    38,
    40,
    41,
    43,
    45,
    49,
    50,
    51,
    52,
    54,
    56,
    57,
    58,
    59,
    60,
    64,
    66,
    67,
    70,
    71,
    72,
    74,
    76,
    77,
    78,
    79,
    80,
    81,
    82,
    84,
    86,
    87,
    88,
    89,
    90,
    91,
    92,
    93,
    94,
    96,
    97,
    98,
    99,
    100,
    101,
    102,
    103,
    104,
    105,
    106,
    108,
    109,
    111,
    112,
    113,
    114,
    115,
    116,
    117,
    118,
    119,
    120,
    121,
    122,
    123,
    124,
    125,
    126,
    127,
    128,
    130,
    132,
    133,
    134,
    135,
    137,
    138,
    139,
    140,
    141,
    142,
    143,
    144,
    147,
    149,
    151,
    153,
    154,
    155,
    156,
    157,
    158,
    159,
    160,
    161,
    162,
    163,
    164,
    165,
    166,
    167,
    168,
    171,
    172,
    173,
    174,
    175,
    176,
    178,
    180,
    181,
    182,
    183,
    186,
    189,
    190,
    191,
    192,
    193,
    194,
    195,
    196,
    197,
    198,
    199
  ],
  "correct_rate": 76.5,
  "negative_samples_avg_ppl": 715.966026729116,
  "positive_samples_avg_ppl": 39.64745540639806
}