{
  "correct_idxs": [
    4,
    11,
    13,
    16,
    17,
    18,
    21,
    23,
    25,
    26,
    32,
    33,
    34,
    35,
    38,
    39,
    40,
    43,
    45,
    47,
    48,
    49,
    50,
    51,
    52,
    54,
    57,
    59,
    60,
    64,
    65,
    66,
    67,
    69,
    71,
    73,
    74,
    76,
    77,
    79,
    81,
    82,
    85,
    86,
    87,
    88,
    91,
    93,
    94,
    95,
    96,
    97,
    100,
    103,
    104,
    105,
    106,
    109,
    110,
    112,
    113,
    114,
    115,
    117,
    119,
    120,
    124,
    126,
    127,
    129,
    133,
    134,
    137,
    139,
    141,
    144,
    145,
    148,
    149,
    150,
    152,
    155,
    159,
    163,
    165,
    166,
    168,
    170,
    171,
    173,
    176,
    177,
    179,
    183,
    185,
    186,
    187,
    188,
    191,
    193,
    196
  ],
  "correct_rate": 50.5,
  "negative_samples_avg_ppl": 496.98009567395167,
  "positive_samples_avg_ppl": 477.15980133225037
}