{
  "correct_idxs": [
    0,
    4,
    5,
    8,
    10,
    11,
    13,
    15,
    19,
    21,
    22,
    23,
    25,
    26,
    29,
    30,
    31,
    37,
    38,
    40,
    42,
    46,
    48,
    49,
    51,
    57,
    59,
    60,
    64,
    65,
    66,
    67,
    68,
    69,
    70,
    71,
    73,
    76,
    77,
    78,
    79,
    80,
    81,
    85,
    88,
    89,
    92,
    93,
    94,
    97,
    105,
    106,
    107,
    108,
    110,
    113,
    117,
    119,
    121,
    122,
    123,
    126,
    128,
    129,
    130,
    131,
    132,
    133,
    135,
    136,
    137,
    141,
    142,
    145,
    146,
    150,
    151,
    153,
    155,
    158,
    159,
    160,
    164,
    166,
    167,
    168,
    169,
    170,
    171,
    172,
    173,
    174,
    175,
    176,
    178,
    179,
    180,
    183,
    184,
    186,
    188,
    190,
    191,
    192,
    193,
    195,
    197,
    199
  ],
  "correct_rate": 54.0,
  "negative_samples_avg_ppl": 0.2310336103845697,
  "positive_samples_avg_ppl": 0.2111747167733054
}