{
  "correct_idxs": [
    0,
    3,
    6,
    11,
    12,
    13,
    14,
    15,
    18,
    19,
    24,
    27,
    30,
    33,
    35,
    36,
    37,
    38,
    41,
    45,
    46,
    48,
    50,
    51,
    52,
    53,
    55,
    56,
    58,
    63,
    64,
    65,
    68,
    69,
    70,
    71,
    72,
    73,
    74,
    78,
    80,
    81,
    83,
    84,
    86,
    87,
    88,
    89,
    90,
    91,
    93,
    95,
    96,
    98,
    99,
    101,
    104,
    105,
    107,
    109,
    110,
    111,
    115,
    116,
    117,
    119,
    120,
    123,
    124,
    125,
    127,
    128,
    129,
    130,
    132,
    133,
    134,
    135,
    136,
    138,
    141,
    143,
    144,
    149,
    152,
    153,
    157,
    158,
    159,
    162,
    163,
    164,
    165,
    169,
    170,
    174,
    178,
    181,
    185,
    188,
    191,
    192,
    195,
    197,
    199
  ],
  "correct_rate": 52.5,
  "negative_samples_avg_ppl": 43.72436351151268,
  "positive_samples_avg_ppl": 36.832635166107806
}