{
  "correct_idxs": [
    0,
    1,
    3,
    4,
    5,
    6,
    9,
    10,
    11,
    12,
    13,
    15,
    16,
    17,
    19,
    22,
    23,
    26,
    27,
    28,
    30,
    31,
    33,
    34,
    35,
    36,
    39,
    40,
    43,
    45,
    46,
    48,
    49,
    50,
    51,
    52,
    53,
    56,
    57,
    60,
    61,
    62,
    63,
    64,
    66,
    67,
    68,
    69,
    71,
    73,
    74,
    75,
    76,
    77,
    80,
    81,
    82,
    84,
    85,
    87,
    90,
    91,
    92,
    93,
    95,
    97,
    99,
    103,
    104,
    106,
    113,
    114,
    115,
    116,
    118,
    119,
    121,
    123,
    126,
    127,
    128,
    129,
    130,
    132,
    135,
    137,
    138,
    139,
    141,
    145,
    147,
    148,
    153,
    154,
    155,
    157,
    163,
    165,
    166,
    169,
    170,
    173,
    174,
    176,
    179,
    180,
    182,
    183,
    184,
    186,
    193,
    194,
    195,
    196,
    197,
    198
  ],
  "correct_rate": 58.0,
  "negative_samples_avg_ppl": 34.230924260711646,
  "positive_samples_avg_ppl": 24.968978666938387
}