{
  "correct_idxs": [
    2,
    3,
    4,
    7,
    8,
    9,
    10,
    12,
    13,
    14,
    16,
    17,
    18,
    19,
    20,
    21,
    22,
    23,
    24,
    26,
    28,
    30,
    31,
    33,
    34,
    35,
    37,
    38,
    39,
    40,
    41,
    42,
    43,
    45,
    46,
    48,
    49,
    52,
    57,
    59,
    60,
    61,
    65,
    66,
    68,
    70,
    71,
    72,
    74,
    76,
    82,
    83,
    84,
    86,
    88,
    89,
    91,
    92,
    94,
    95,
    97,
    98,
    99,
    100,
    101,
    102,
    103,
    104,
    107,
    108,
    109,
    110,
    111,
    112,
    114,
    115,
    116,
    117,
    120,
    122,
    123,
    125,
    126,
    129,
    130,
    131,
    132,
    134,
    135,
    137,
    139,
    140,
    141,
    142,
    143,
    144,
    145,
    146,
    148,
    150,
    152,
    153,
    155,
    156,
    160,
    162,
    163,
    164,
    165,
    166,
    169,
    170,
    171,
    173,
    174,
    176,
    177,
    178,
    179,
    180,
    181,
    182,
    183,
    184,
    187,
    188,
    189,
    191,
    192,
    193,
    195,
    198,
    199
  ],
  "correct_rate": 66.75,
  "negative_samples_avg_ppl": 30.206546428955082,
  "positive_samples_avg_ppl": 18.819225272938173
}