{
  "correct_idxs": [
    0,
    1,
    5,
    8,
    10,
    11,
    13,
    15,
    16,
    18,
    27,
    28,
    38,
    41,
    45,
    48,
    50,
    53,
    54,
    57,
    60,
    61,
    62,
    63,
    64,
    66,
    68,
    69,
    72,
    73,
    74,
    75,
    76,
    77,
    78,
    81,
    83,
    84,
    89,
    90,
    92,
    93,
    95,
    97,
    101,
    107,
    109,
    110,
    112,
    114,
    115,
    116,
    120,
    121,
    122,
    123,
    124,
    125,
    127,
    128,
    129,
    130,
    131,
    133,
    134,
    136,
    137,
    139,
    141,
    143,
    144,
    148,
    150,
    153,
    154,
    155,
    156,
    157,
    158,
    159,
    161,
    163,
    165,
    167,
    169,
    170,
    175,
    176,
    177,
    179,
    181,
    182,
    183,
    184,
    185,
    186,
    187,
    188,
    191,
    192,
    193,
    195,
    196,
    198
  ],
  "correct_rate": 52.0,
  "negative_samples_avg_ppl": 5.310871016730477,
  "positive_samples_avg_ppl": 5.246419442337065
}