{
  "correct_idxs": [
    0,
    3,
    5,
    8,
    9,
    10,
    11,
    14,
    15,
    16,
    19,
    21,
    22,
    23,
    24,
    25,
    26,
    29,
    30,
    33,
    34,
    35,
    37,
    38,
    39,
    40,
    41,
    43,
    44,
    46,
    52,
    57,
    59,
    60,
    62,
    63,
    65,
    66,
    67,
    68,
    71,
    72,
    75,
    76,
    77,
    80,
    82,
    86,
    87,
    89,
    91,
    92,
    94,
    95,
    97,
    98,
    100,
    102,
    103,
    104,
    108,
    110,
    111,
    114,
    115,
    118,
    120,
    122,
    125,
    127,
    128,
    129,
    130,
    131,
    132,
    133,
    134,
    135,
    139,
    141,
    142,
    143,
    144,
    145,
    146,
    148,
    150,
    153,
    155,
    156,
    157,
    158,
    161,
    162,
    164,
    165,
    166,
    167,
    169,
    170,
    171,
    173,
    174,
    175,
    176,
    177,
    178,
    179,
    180,
    182,
    183,
    184,
    185,
    187,
    188,
    192,
    194,
    195,
    197,
    198,
    199
  ],
  "correct_rate": 60.5,
  "negative_samples_avg_ppl": 0.08752698074630924,
  "positive_samples_avg_ppl": 0.06980028104333465
}