{
  "correct_idxs": [
    0,
    2,
    5,
    8,
    9,
    11,
    12,
    13,
    14,
    15,
    16,
    17,
    19,
    21,
    22,
    23,
    24,
    25,
    26,
    28,
    29,
    31,
    32,
    33,
    34,
    35,
    36,
    37,
    38,
    39,
    40,
    41,
    42,
    44,
    45,
    46,
    47,
    48,
    52,
    53,
    54,
    55,
    56,
    59,
    60,
    62,
    63,
    64,
    66,
    67,
    68,
    69,
    70,
    72,
    73,
    74,
    75,
    76,
    77,
    78,
    79,
    81,
    82,
    83,
    88,
    89,
    90,
    91,
    92,
    93,
    94,
    95,
    96,
    97,
    98,
    99,
    100,
    102,
    103,
    104,
    107,
    108,
    109,
    110,
    111,
    112,
    113,
    114,
    115,
    116,
    119,
    121,
    122,
    124,
    125,
    127,
    128,
    129,
    130,
    131,
    132,
    133,
    134,
    135,
    136,
    137,
    138,
    139,
    140,
    141,
    142,
    144,
    145,
    147,
    148,
    149,
    150,
    152,
    155,
    157,
    158,
    159,
    160,
    162,
    164,
    165,
    166,
    169,
    170,
    171,
    172,
    173,
    174,
    176,
    179,
    182,
    183,
    184,
    185,
    186,
    187,
    189,
    191,
    193,
    194,
    195,
    197,
    198,
    199
  ],
  "correct_rate": 74.5,
  "negative_samples_avg_ppl": 306.4994349643896,
  "positive_samples_avg_ppl": 109.64312965847922
}