{
  "correct_idxs": [
    0,
    1,
    4,
    6,
    8,
    9,
    10,
    11,
    12,
    13,
    14,
    15,
    16,
    17,
    19,
    20,
    21,
    24,
    25,
    27,
    30,
    31,
    32,
    34,
    35,
    36,
    37,
    38,
    39,
    40,
    41,
    42,
    44,
    45,
    46,
    47,
    48,
    49,
    50,
    54,
    55,
    56,
    60,
    62,
    63,
    64,
    65,
    66,
    67,
    68,
    69,
    71,
    73,
    74,
    75,
    76,
    79,
    80,
    81,
    82,
    84,
    86,
    87,
    88,
    90,
    91,
    92,
    93,
    95,
    96,
    97,
    98,
    99,
    100,
    101,
    102,
    103,
    104,
    105,
    106,
    107,
    108,
    109,
    110,
    111,
    112,
    113,
    114,
    115,
    116,
    117,
    118,
    119,
    121,
    122,
    123,
    125,
    126,
    127,
    129,
    130,
    132,
    134,
    135,
    136,
    138,
    140,
    142,
    144,
    146,
    147,
    149,
    151,
    153,
    154,
    155,
    156,
    157,
    158,
    159,
    160,
    161,
    162,
    163,
    164,
    165,
    166,
    167,
    169,
    170,
    171,
    172,
    173,
    174,
    177,
    178,
    179,
    181,
    182,
    183,
    184,
    185,
    186,
    187,
    188,
    189,
    190,
    191,
    192,
    193,
    195,
    196,
    197,
    198,
    199
  ],
  "correct_rate": 77.5,
  "negative_samples_avg_ppl": 787.5953266963297,
  "positive_samples_avg_ppl": 52.73262212192911
}