{
  "correct_idxs": [
    0,
    1,
    2,
    5,
    6,
    9,
    10,
    11,
    13,
    14,
    16,
    19,
    20,
    21,
    22,
    27,
    28,
    29,
    30,
    33,
    34,
    35,
    37,
    39,
    43,
    44,
    46,
    51,
    53,
    55,
    57,
    58,
    60,
    61,
    62,
    65,
    67,
    68,
    69,
    70,
    71,
    72,
    74,
    75,
    77,
    79,
    82,
    83,
    86,
    87,
    88,
    89,
    90,
    91,
    93,
    95,
    96,
    98,
    99,
    100,
    105,
    106,
    109,
    111,
    114,
    116,
    123,
    126,
    128,
    130,
    131,
    132,
    134,
    136,
    138,
    139,
    141,
    145,
    146,
    148,
    149,
    150,
    152,
    154,
    155,
    156,
    157,
    158,
    160,
    161,
    163,
    164,
    165,
    167,
    169,
    170,
    177,
    178,
    181,
    182,
    183,
    184,
    186,
    189,
    191,
    192,
    193,
    196,
    197,
    199
  ],
  "correct_rate": 55.0,
  "negative_samples_avg_ppl": 8.864446419518064,
  "positive_samples_avg_ppl": 8.360064158872198
}