{
  "correct_idxs": [
    1,
    3,
    5,
    6,
    9,
    11,
    13,
    14,
    16,
    19,
    20,
    21,
    28,
    30,
    33,
    34,
    35,
    36,
    37,
    39,
    40,
    41,
    42,
    43,
    44,
    46,
    48,
    50,
    51,
    53,
    55,
    56,
    57,
    58,
    60,
    62,
    65,
    67,
    68,
    69,
    70,
    71,
    72,
    73,
    75,
    77,
    79,
    82,
    83,
    84,
    85,
    87,
    89,
    90,
    91,
    93,
    95,
    96,
    97,
    98,
    99,
    100,
    108,
    109,
    114,
    116,
    119,
    120,
    121,
    122,
    123,
    126,
    128,
    130,
    131,
    132,
    133,
    134,
    137,
    141,
    145,
    146,
    147,
    148,
    150,
    152,
    153,
    155,
    156,
    157,
    160,
    163,
    164,
    165,
    167,
    169,
    170,
    173,
    174,
    177,
    178,
    179,
    182,
    183,
    184,
    186,
    187,
    191,
    192,
    193,
    197,
    198,
    199
  ],
  "correct_rate": 56.5,
  "negative_samples_avg_ppl": 8.733168032232076,
  "positive_samples_avg_ppl": 8.360064158872198
}