{
  "correct_idxs": [
    0,
    1,
    2,
    3,
    4,
    5,
    7,
    10,
    12,
    14,
    16,
    17,
    19,
    22,
    24,
    25,
    27,
    28,
    29,
    30,
    31,
    34,
    35,
    38,
    39,
    41,
    42,
    43,
    44,
    45,
    48,
    50,
    51,
    52,
    53,
    54,
    55,
    60,
    61,
    66,
    68,
    69,
    71,
    72,
    74,
    75,
    79,
    81,
    83,
    85,
    88,
    89,
    92,
    93,
    97,
    101,
    102,
    103,
    104,
    106,
    107,
    110,
    115,
    116,
    117,
    121,
    122,
    127,
    129,
    131,
    132,
    134,
    135,
    136,
    137,
    140,
    141,
    143,
    148,
    149,
    151,
    152,
    154,
    157,
    159,
    161,
    165,
    167,
    168,
    171,
    172,
    173,
    174,
    177,
    178,
    181,
    186,
    191,
    193,
    196,
    197
  ],
  "correct_rate": 50.5,
  "negative_samples_avg_ppl": 0.010489168270929775,
  "positive_samples_avg_ppl": 0.009958567220714427
}