{
  "correct_idxs": [
    0,
    1,
    2,
    4,
    5,
    6,
    7,
    8,
    9,
    10,
    11,
    13,
    14,
    15,
    17,
    19,
    20,
    21,
    22,
    23,
    24,
    25,
    26,
    27,
    28,
    29,
    30,
    32,
    35,
    36,
    37,
    38,
    39,
    40,
    41,
    42,
    43,
    44,
    45,
    46,
    49,
    53,
    54,
    56,
    59,
    60,
    61,
    62,
    63,
    64,
    65,
    67,
    68,
    71,
    73,
    74,
    75,
    76,
    77,
    78,
    79,
    81,
    82,
    85,
    86,
    88,
    89,
    90,
    91,
    94,
    95,
    96,
    97,
    98,
    101,
    103,
    104,
    105,
    106,
    108,
    110,
    111,
    113,
    114,
    115,
    117,
    118,
    119,
    120,
    121,
    122,
    123,
    124,
    125,
    126,
    127,
    128,
    129,
    130,
    131,
    133,
    135,
    136,
    137,
    140,
    141,
    143,
    145,
    146,
    147,
    148,
    149,
    151,
    152,
    153,
    154,
    155,
    157,
    160,
    161,
    162,
    163,
    168,
    169,
    170,
    171,
    173,
    175,
    176,
    178,
    179,
    180,
    181,
    183,
    185,
    186,
    187,
    189,
    190,
    191,
    192,
    193,
    196,
    197,
    198,
    199
  ],
  "correct_rate": 73.0,
  "negative_samples_avg_ppl": 17.34867443159881,
  "positive_samples_avg_ppl": 7.968740704838436
}