{
  "correct_idxs": [],
  "correct_rate": 0.0,
  "negative_samples_avg_ppl": 2.303087946164232,
  "positive_samples_avg_ppl": 2.303087946164232
}