{
  "correct_idxs": [
    0,
    1,
    2,
    4,
    5,
    6,
    8,
    9,
    10,
    11,
    12,
    13,
    14,
    15,
    16,
    17,
    18,
    19,
    20,
    21,
    22,
    26,
    27,
    28,
    29,
    30,
    32,
    33,
    34,
    35,
    36,
    37,
    38,
    40,
    41,
    42,
    43,
    44,
    45,
    46,
    47,
    48,
    49,
    50,
    51,
    52,
    53,
    54,
    55,
    56,
    57,
    59,
    60,
    61,
    62,
    63,
    64,
    65,
    66,
    67,
    68,
    69,
    70,
    71,
    73,
    74,
    75,
    76,
    77,
    78,
    79,
    80,
    82,
    83,
    84,
    85,
    86,
    87,
    88,
    89,
    90,
    91,
    92,
    93,
    95,
    98,
    99,
    100,
    101,
    102,
    103,
    104,
    105,
    106,
    107,
    108,
    112,
    114,
    116,
    117,
    118,
    119,
    120,
    121,
    123,
    124,
    125,
    126,
    127,
    128,
    129,
    130,
    132,
    133,
    134,
    136,
    138,
    140,
    141,
    142,
    144,
    145,
    146,
    147,
    148,
    150,
    152,
    153,
    154,
    155,
    156,
    158,
    159,
    160,
    161,
    162,
    163,
    164,
    165,
    166,
    167,
    169,
    170,
    171,
    172,
    173,
    174,
    175,
    176,
    177,
    178,
    179,
    181,
    183,
    184,
    185,
    186,
    187,
    188,
    189,
    190,
    191,
    192,
    193,
    194,
    195,
    196,
    197
  ],
  "correct_rate": 84.0,
  "negative_samples_avg_ppl": 13391.387020996137,
  "positive_samples_avg_ppl": 1077.0394046280896
}