{
  "correct_idxs": [
    5,
    6,
    8,
    10,
    11,
    24,
    25,
    26,
    29,
    30,
    32,
    33,
    34,
    38,
    39,
    46,
    47,
    48,
    51,
    54,
    55,
    57,
    60,
    61,
    62,
    64,
    66,
    67,
    70,
    71,
    72,
    73,
    74,
    76,
    78,
    79,
    80,
    81,
    83,
    84,
    85,
    86,
    92,
    93,
    94,
    96,
    100,
    101,
    102,
    104,
    105,
    106,
    107,
    112,
    113,
    114,
    116,
    117,
    118,
    121,
    122,
    124,
    127,
    135,
    138,
    139,
    140,
    141,
    142,
    144,
    147,
    150,
    151,
    153,
    158,
    159,
    160,
    162,
    163,
    164,
    166,
    170,
    171,
    173,
    174,
    177,
    179,
    181,
    185,
    186,
    188,
    190,
    191,
    192,
    193,
    197,
    199
  ],
  "correct_rate": 48.5,
  "negative_samples_avg_ppl": 42961.93798197544,
  "positive_samples_avg_ppl": 50726.64434964292
}