{
  "correct_idxs": [
    0,
    3,
    4,
    7,
    8,
    9,
    12,
    13,
    16,
    18,
    19,
    20,
    23,
    24,
    25,
    26,
    27,
    28,
    29,
    32,
    33,
    34,
    35,
    37,
    39,
    40,
    41,
    42,
    43,
    45,
    46,
    47,
    48,
    51,
    52,
    53,
    56,
    58,
    59,
    60,
    62,
    64,
    66,
    69,
    70,
    72,
    73,
    74,
    76,
    79,
    80,
    82,
    84,
    85,
    93,
    95,
    98,
    102,
    103,
    104,
    106,
    108,
    109,
    112,
    114,
    116,
    118,
    120,
    122,
    124,
    129,
    130,
    131,
    133,
    134,
    135,
    136,
    138,
    144,
    145,
    148,
    149,
    153,
    154,
    155,
    157,
    158,
    159,
    167,
    169,
    170,
    171,
    173,
    174,
    176,
    177,
    179,
    181,
    182,
    185,
    187,
    188,
    191,
    195
  ],
  "correct_rate": 52.0,
  "negative_samples_avg_ppl": 6.277647986695187,
  "positive_samples_avg_ppl": 6.014650167829329
}