{
  "correct_idxs": [
    0,
    3,
    6,
    7,
    9,
    10,
    12,
    13,
    16,
    17,
    18,
    19,
    20,
    27,
    28,
    30,
    33,
    34,
    36,
    38,
    39,
    40,
    43,
    44,
    45,
    47,
    48,
    52,
    53,
    55,
    56,
    58,
    60,
    62,
    64,
    67,
    70,
    72,
    74,
    76,
    77,
    78,
    79,
    85,
    88,
    89,
    91,
    92,
    93,
    95,
    98,
    99,
    100,
    101,
    102,
    103,
    108,
    109,
    110,
    112,
    117,
    118,
    119,
    120,
    121,
    122,
    124,
    126,
    128,
    129,
    131,
    134,
    137,
    138,
    139,
    140,
    143,
    144,
    145,
    148,
    149,
    150,
    152,
    154,
    155,
    157,
    158,
    159,
    160,
    162,
    164,
    168,
    169,
    170,
    171,
    173,
    174,
    176,
    177,
    179,
    182,
    185,
    187,
    188,
    189,
    190,
    191,
    193,
    196
  ],
  "correct_rate": 54.5,
  "negative_samples_avg_ppl": 7.821639863713361,
  "positive_samples_avg_ppl": 6.014650167829329
}