{
  "correct_idxs": [
    0,
    1,
    2,
    3,
    5,
    6,
    8,
    9,
    10,
    11,
    12,
    16,
    17,
    19,
    21,
    27,
    28,
    29,
    35,
    36,
    39,
    44,
    46,
    51,
    52,
    53,
    57,
    60,
    62,
    65,
    66,
    67,
    68,
    69,
    70,
    72,
    74,
    76,
    77,
    79,
    83,
    86,
    87,
    89,
    90,
    91,
    94,
    95,
    96,
    97,
    100,
    101,
    104,
    105,
    106,
    108,
    109,
    112,
    114,
    116,
    122,
    123,
    128,
    130,
    131,
    134,
    137,
    141,
    146,
    150,
    153,
    154,
    156,
    157,
    158,
    164,
    170,
    173,
    175,
    177,
    181,
    182,
    183,
    184,
    188,
    189,
    190,
    191,
    192,
    193,
    197,
    199
  ],
  "correct_rate": 46.0,
  "negative_samples_avg_ppl": 42.25100475525492,
  "positive_samples_avg_ppl": 42.19167603939265
}