{
  "correct_idxs": [
    1,
    3,
    5,
    6,
    9,
    10,
    11,
    12,
    13,
    17,
    18,
    19,
    20,
    21,
    28,
    33,
    34,
    35,
    36,
    37,
    39,
    40,
    41,
    42,
    43,
    44,
    46,
    50,
    51,
    53,
    56,
    60,
    61,
    62,
    65,
    66,
    67,
    68,
    69,
    70,
    71,
    72,
    73,
    77,
    79,
    82,
    83,
    85,
    86,
    87,
    89,
    90,
    91,
    94,
    96,
    97,
    98,
    100,
    101,
    102,
    108,
    110,
    113,
    114,
    115,
    116,
    119,
    121,
    122,
    126,
    128,
    130,
    131,
    132,
    133,
    137,
    139,
    140,
    141,
    145,
    146,
    148,
    150,
    152,
    153,
    154,
    156,
    157,
    158,
    164,
    165,
    167,
    169,
    170,
    175,
    177,
    179,
    182,
    183,
    184,
    188,
    189,
    191,
    192,
    193,
    197,
    199
  ],
  "correct_rate": 53.5,
  "negative_samples_avg_ppl": 44.84319635222362,
  "positive_samples_avg_ppl": 42.19167603939265
}