{
  "correct_idxs": [
    0,
    3,
    4,
    5,
    6,
    7,
    8,
    9,
    12,
    13,
    15,
    16,
    17,
    18,
    21,
    22,
    23,
    26,
    28,
    29,
    31,
    32,
    33,
    34,
    35,
    36,
    40,
    41,
    42,
    43,
    44,
    45,
    47,
    49,
    50,
    52,
    54,
    56,
    57,
    58,
    60,
    63,
    67,
    68,
    69,
    70,
    71,
    72,
    74,
    75,
    76,
    77,
    78,
    79,
    80,
    81,
    83,
    85,
    87,
    88,
    91,
    92,
    93,
    94,
    95,
    96,
    98,
    99,
    100,
    101,
    102,
    103,
    104,
    105,
    107,
    108,
    109,
    110,
    111,
    114,
    115,
    116,
    118,
    119,
    120,
    121,
    123,
    124,
    125,
    126,
    128,
    129,
    130,
    131,
    132,
    136,
    139,
    144,
    146,
    148,
    149,
    151,
    153,
    155,
    157,
    158,
    159,
    160,
    161,
    162,
    163,
    164,
    167,
    168,
    169,
    170,
    171,
    172,
    173,
    174,
    175,
    176,
    177,
    179,
    180,
    181,
    183,
    184,
    185,
    187,
    188,
    189,
    190,
    192,
    194,
    195,
    199
  ],
  "correct_rate": 68.5,
  "negative_samples_avg_ppl": 0.9433701108147848,
  "positive_samples_avg_ppl": 0.5538095325586649
}