{
  "correct_idxs": [
    0,
    1,
    2,
    4,
    5,
    6,
    8,
    9,
    10,
    11,
    12,
    17,
    19,
    20,
    21,
    28,
    29,
    32,
    33,
    34,
    38,
    39,
    40,
    42,
    43,
    45,
    46,
    48,
    49,
    50,
    54,
    56,
    59,
    64,
    70,
    74,
    77,
    78,
    82,
    84,
    87,
    88,
    91,
    92,
    94,
    96,
    97,
    98,
    100,
    103,
    105,
    106,
    108,
    109,
    111,
    112,
    113,
    115,
    116,
    117,
    118,
    119,
    120,
    124,
    128,
    129,
    133,
    134,
    135,
    136,
    138,
    139,
    140,
    143,
    144,
    145,
    146,
    147,
    148,
    149,
    150,
    151,
    152,
    154,
    155,
    156,
    157,
    158,
    160,
    163,
    164,
    166,
    168,
    169,
    170,
    171,
    172,
    173,
    174,
    177,
    178,
    179,
    183,
    184,
    186,
    189,
    190,
    192,
    193,
    196,
    198,
    199
  ],
  "correct_rate": 56.25,
  "negative_samples_avg_ppl": 5.596675367812453,
  "positive_samples_avg_ppl": 4.842850253574211
}