{
  "correct_idxs": [
    0,
    5,
    6,
    7,
    10,
    12,
    13,
    14,
    16,
    17,
    19,
    20,
    21,
    22,
    23,
    25,
    26,
    27,
    28,
    30,
    31,
    32,
    35,
    36,
    38,
    39,
    42,
    44,
    45,
    46,
    47,
    49,
    50,
    51,
    52,
    53,
    55,
    56,
    57,
    59,
    60,
    63,
    64,
    65,
    66,
    67,
    68,
    69,
    71,
    72,
    73,
    74,
    75,
    76,
    77,
    78,
    79,
    81,
    82,
    83,
    85,
    86,
    87,
    88,
    89,
    90,
    92,
    93,
    94,
    95,
    96,
    97,
    98,
    99,
    100,
    102,
    104,
    105,
    106,
    108,
    109,
    112,
    113,
    114,
    116,
    117,
    118,
    119,
    120,
    121,
    122,
    123,
    125,
    126,
    127,
    128,
    130,
    131,
    134,
    135,
    136,
    137,
    138,
    140,
    141,
    142,
    143,
    144,
    146,
    147,
    148,
    149,
    150,
    152,
    153,
    154,
    156,
    157,
    158,
    161,
    162,
    163,
    165,
    166,
    167,
    169,
    170,
    171,
    173,
    174,
    176,
    177,
    178,
    179,
    180,
    181,
    182,
    183,
    184,
    186,
    187,
    188,
    189,
    190,
    191,
    192,
    193,
    194,
    195,
    196,
    197
  ],
  "correct_rate": 75.5,
  "negative_samples_avg_ppl": 2.4160167734784403,
  "positive_samples_avg_ppl": 2.205404325752042
}