{
  "correct_idxs": [
    0,
    6,
    8,
    10,
    13,
    14,
    18,
    20,
    21,
    22,
    24,
    26,
    28,
    29,
    30,
    31,
    33,
    34,
    35,
    36,
    37,
    38,
    39,
    40,
    41,
    42,
    43,
    44,
    45,
    46,
    48,
    50,
    52,
    53,
    55,
    56,
    57,
    58,
    59,
    60,
    61,
    64,
    67,
    70,
    72,
    74,
    77,
    79,
    80,
    84,
    85,
    89,
    90,
    92,
    93,
    94,
    96,
    100,
    101,
    102,
    103,
    105,
    107,
    108,
    109,
    110,
    111,
    112,
    113,
    117,
    120,
    124,
    125,
    127,
    129,
    131,
    132,
    134,
    135,
    138,
    139,
    140,
    141,
    143,
    145,
    146,
    151,
    152,
    154,
    155,
    158,
    162,
    166,
    167,
    169,
    170,
    172,
    173,
    174,
    175,
    176,
    177,
    179,
    180,
    181,
    182,
    186,
    188,
    190,
    192,
    193,
    194,
    196,
    199
  ],
  "correct_rate": 57.0,
  "negative_samples_avg_ppl": 1323.6875986239916,
  "positive_samples_avg_ppl": 800.1558118000825
}