{
  "correct_idxs": [
    0,
    4,
    6,
    8,
    9,
    10,
    12,
    13,
    15,
    17,
    21,
    22,
    23,
    24,
    26,
    27,
    28,
    29,
    31,
    32,
    33,
    39,
    40,
    41,
    42,
    43,
    44,
    45,
    46,
    47,
    48,
    51,
    52,
    54,
    59,
    61,
    63,
    68,
    70,
    72,
    73,
    74,
    75,
    76,
    77,
    78,
    79,
    81,
    82,
    88,
    90,
    92,
    93,
    97,
    99,
    100,
    102,
    105,
    106,
    107,
    108,
    112,
    114,
    115,
    117,
    120,
    122,
    123,
    125,
    127,
    131,
    133,
    134,
    135,
    136,
    137,
    141,
    142,
    143,
    145,
    147,
    150,
    151,
    152,
    154,
    157,
    163,
    166,
    168,
    169,
    170,
    173,
    175,
    176,
    177,
    180,
    181,
    184,
    186,
    188,
    191,
    192,
    195,
    198,
    199
  ],
  "correct_rate": 52.5,
  "negative_samples_avg_ppl": 5.64633210381877,
  "positive_samples_avg_ppl": 5.2212125148683395
}