{
  "correct_idxs": [
    2,
    4,
    8,
    9,
    10,
    11,
    13,
    15,
    17,
    21,
    22,
    23,
    24,
    25,
    26,
    27,
    28,
    29,
    31,
    32,
    33,
    38,
    39,
    40,
    41,
    42,
    43,
    44,
    45,
    46,
    47,
    48,
    49,
    52,
    53,
    54,
    56,
    59,
    61,
    63,
    66,
    67,
    68,
    70,
    72,
    73,
    74,
    75,
    76,
    77,
    78,
    81,
    82,
    83,
    84,
    87,
    88,
    90,
    92,
    94,
    95,
    97,
    99,
    100,
    102,
    105,
    106,
    107,
    108,
    114,
    115,
    116,
    120,
    123,
    124,
    127,
    131,
    133,
    134,
    135,
    136,
    137,
    138,
    139,
    141,
    142,
    143,
    145,
    148,
    149,
    150,
    151,
    152,
    154,
    157,
    163,
    165,
    166,
    168,
    169,
    170,
    172,
    173,
    175,
    176,
    177,
    180,
    181,
    182,
    184,
    185,
    186,
    188,
    192,
    193,
    197,
    198,
    199
  ],
  "correct_rate": 59.0,
  "negative_samples_avg_ppl": 5.718490095883908,
  "positive_samples_avg_ppl": 5.2212125148683395
}