{
  "correct_idxs": [],
  "correct_rate": 0.0,
  "negative_samples_avg_ppl": 5.020515724503282,
  "positive_samples_avg_ppl": 5.020515724503282
}