{
  "correct_idxs": [
    2,
    3,
    4,
    7,
    8,
    9,
    11,
    12,
    13,
    15,
    16,
    20,
    23,
    25,
    26,
    27,
    28,
    29,
    31,
    32,
    34,
    35,
    36,
    38,
    39,
    40,
    41,
    43,
    44,
    45,
    46,
    47,
    48,
    49,
    50,
    52,
    54,
    55,
    56,
    58,
    61,
    62,
    63,
    64,
    65,
    67,
    68,
    69,
    70,
    71,
    72,
    73,
    74,
    76,
    77,
    78,
    82,
    83,
    84,
    85,
    86,
    87,
    88,
    90,
    91,
    92,
    93,
    94,
    95,
    96,
    97,
    99,
    101,
    102,
    103,
    104,
    107,
    108,
    109,
    110,
    111,
    112,
    114,
    116,
    117,
    120,
    121,
    124,
    125,
    127,
    128,
    130,
    131,
    132,
    133,
    134,
    136,
    137,
    138,
    139,
    141,
    142,
    145,
    146,
    147,
    148,
    149,
    150,
    151,
    152,
    155,
    156,
    159,
    160,
    161,
    162,
    163,
    164,
    165,
    166,
    167,
    168,
    170,
    171,
    173,
    174,
    175,
    176,
    177,
    179,
    181,
    183,
    184,
    185,
    187,
    189,
    190,
    192,
    193,
    194,
    195,
    196,
    198,
    199
  ],
  "correct_rate": 72.0,
  "negative_samples_avg_ppl": 17.648756220687012,
  "positive_samples_avg_ppl": 7.618057323881945
}