{
  "correct_idxs": [
    0,
    1,
    2,
    5,
    6,
    7,
    9,
    11,
    14,
    16,
    17,
    19,
    20,
    22,
    25,
    27,
    29,
    31,
    34,
    35,
    37,
    39,
    40,
    41,
    43,
    44,
    46,
    47,
    49,
    52,
    53,
    57,
    58,
    61,
    62,
    65,
    66,
    68,
    69,
    71,
    73,
    75,
    76,
    77,
    82,
    83,
    85,
    86,
    87,
    89,
    90,
    92,
    93,
    100,
    105,
    107,
    113,
    116,
    121,
    125,
    126,
    127,
    130,
    131,
    132,
    134,
    141,
    143,
    144,
    146,
    148,
    150,
    153,
    156,
    158,
    164,
    165,
    167,
    168,
    169,
    170,
    173,
    175,
    178,
    179,
    181,
    183,
    184,
    186,
    188,
    190,
    191,
    192,
    194,
    199
  ],
  "correct_rate": 47.5,
  "negative_samples_avg_ppl": 5.474661096468116,
  "positive_samples_avg_ppl": 5.815893377231398
}