{
  "correct_idxs": [
    1,
    4,
    5,
    7,
    8,
    9,
    14,
    15,
    16,
    20,
    21,
    22,
    23,
    24,
    27,
    28,
    31,
    34,
    36,
    37,
    38,
    39,
    41,
    44,
    45,
    48,
    49,
    51,
    53,
    54,
    55,
    56,
    59,
    60,
    61,
    62,
    63,
    64,
    65,
    66,
    67,
    69,
    72,
    73,
    75,
    76,
    77,
    78,
    79,
    80,
    82,
    83,
    87,
    88,
    89,
    90,
    96,
    97,
    98,
    99,
    100,
    102,
    106,
    110,
    114,
    115,
    116,
    118,
    119,
    120,
    121,
    122,
    123,
    127,
    129,
    130,
    131,
    132,
    134,
    136,
    137,
    138,
    139,
    142,
    143,
    144,
    145,
    146,
    147,
    148,
    149,
    151,
    152,
    153,
    154,
    155,
    156,
    158,
    160,
    162,
    163,
    167,
    169,
    170,
    171,
    172,
    174,
    177,
    178,
    179,
    181,
    182,
    188,
    189,
    193,
    195,
    196,
    199
  ],
  "correct_rate": 59.0,
  "negative_samples_avg_ppl": 7.328386481242828,
  "positive_samples_avg_ppl": 6.356539249148137
}