{
  "correct_idxs": [
    0,
    1,
    2,
    3,
    4,
    5,
    6,
    7,
    8,
    10,
    11,
    12,
    13,
    14,
    16,
    17,
    18,
    19,
    22,
    23,
    24,
    25,
    26,
    27,
    28,
    29,
    30,
    31,
    32,
    33,
    34,
    35,
    36,
    37,
    38,
    39,
    41,
    42,
    44,
    46,
    47,
    48,
    49,
    50,
    51,
    52,
    53,
    54,
    55,
    56,
    59,
    60,
    62,
    63,
    64,
    65,
    66,
    67,
    69,
    70,
    72,
    73,
    74,
    75,
    76,
    77,
    79,
    80,
    81,
    84,
    85,
    87,
    88,
    90,
    91,
    93,
    94,
    95,
    96,
    97,
    98,
    100,
    101,
    102,
    103,
    105,
    106,
    107,
    108,
    111,
    112,
    113,
    114,
    116,
    117,
    119,
    121,
    122,
    123,
    124,
    125,
    126,
    127,
    128,
    129,
    130,
    132,
    134,
    135,
    137,
    140,
    141,
    142,
    143,
    144,
    146,
    147,
    148,
    149,
    150,
    151,
    152,
    153,
    154,
    156,
    157,
    158,
    159,
    160,
    161,
    162,
    163,
    164,
    165,
    166,
    167,
    168,
    169,
    170,
    171,
    173,
    174,
    175,
    176,
    177,
    178,
    180,
    181,
    182,
    183,
    184,
    185,
    186,
    187,
    188,
    189,
    190,
    192,
    196,
    197,
    198
  ],
  "correct_rate": 80.5,
  "negative_samples_avg_ppl": 155714.7338327997,
  "positive_samples_avg_ppl": 17023.39583656236
}