{
  "correct_idxs": [
    0,
    1,
    3,
    4,
    5,
    8,
    9,
    12,
    13,
    15,
    17,
    19,
    20,
    21,
    22,
    23,
    25,
    26,
    28,
    30,
    41,
    42,
    43,
    44,
    49,
    50,
    53,
    57,
    59,
    62,
    63,
    64,
    65,
    66,
    67,
    68,
    69,
    70,
    71,
    73,
    74,
    75,
    76,
    77,
    80,
    81,
    82,
    85,
    86,
    87,
    90,
    92,
    93,
    94,
    95,
    102,
    106,
    107,
    113,
    115,
    117,
    118,
    119,
    122,
    126,
    129,
    130,
    131,
    133,
    135,
    137,
    138,
    141,
    142,
    144,
    145,
    146,
    147,
    148,
    149,
    151,
    152,
    153,
    154,
    155,
    157,
    158,
    159,
    160,
    161,
    162,
    166,
    167,
    168,
    170,
    174,
    175,
    177,
    179,
    180,
    183,
    184,
    185,
    186,
    191,
    192,
    193,
    195,
    197
  ],
  "correct_rate": 54.5,
  "negative_samples_avg_ppl": 0.11263803084088443,
  "positive_samples_avg_ppl": 0.10235063552136772
}