{
  "correct_idxs": [
    0,
    1,
    3,
    4,
    5,
    6,
    7,
    10,
    11,
    12,
    15,
    19,
    20,
    21,
    22,
    23,
    24,
    25,
    27,
    28,
    29,
    31,
    35,
    36,
    37,
    38,
    39,
    40,
    42,
    43,
    45,
    46,
    47,
    48,
    49,
    50,
    51,
    52,
    53,
    54,
    55,
    56,
    57,
    59,
    60,
    61,
    63,
    65,
    66,
    67,
    69,
    70,
    73,
    74,
    76,
    78,
    79,
    80,
    83,
    85,
    86,
    88,
    89,
    90,
    91,
    93,
    94,
    95,
    96,
    97,
    99,
    102,
    103,
    104,
    107,
    108,
    110,
    112,
    113,
    114,
    115,
    116,
    118,
    119,
    120,
    121,
    122,
    123,
    125,
    126,
    130,
    131,
    133,
    134,
    135,
    137,
    138,
    141,
    142,
    145,
    146,
    147,
    148,
    149,
    150,
    151,
    152,
    154,
    155,
    156,
    159,
    160,
    161,
    162,
    163,
    164,
    165,
    168,
    169,
    171,
    174,
    175,
    176,
    179,
    180,
    182,
    183,
    186,
    187,
    188,
    189,
    190,
    191,
    192,
    194,
    195,
    197,
    198,
    199
  ],
  "correct_rate": 69.5,
  "negative_samples_avg_ppl": 151.35066628138284,
  "positive_samples_avg_ppl": 83.79276220683694
}