{
  "correct_idxs": [
    0,
    1,
    5,
    6,
    8,
    11,
    16,
    18,
    24,
    27,
    28,
    30,
    37,
    38,
    43,
    45,
    48,
    49,
    50,
    52,
    53,
    54,
    55,
    58,
    59,
    61,
    62,
    64,
    66,
    68,
    70,
    71,
    72,
    73,
    74,
    75,
    76,
    77,
    78,
    80,
    81,
    84,
    85,
    90,
    91,
    92,
    97,
    101,
    107,
    108,
    109,
    110,
    111,
    112,
    114,
    115,
    117,
    119,
    120,
    121,
    122,
    123,
    125,
    127,
    128,
    129,
    130,
    131,
    133,
    134,
    137,
    138,
    139,
    141,
    143,
    144,
    148,
    149,
    150,
    154,
    155,
    156,
    157,
    158,
    159,
    161,
    163,
    165,
    166,
    167,
    168,
    169,
    170,
    175,
    176,
    177,
    179,
    181,
    182,
    183,
    184,
    185,
    186,
    188,
    191,
    192,
    193,
    195,
    196,
    198
  ],
  "correct_rate": 55.0,
  "negative_samples_avg_ppl": 5.8530572417601245,
  "positive_samples_avg_ppl": 5.767814472181891
}