{
  "correct_idxs": [
    0,
    2,
    3,
    6,
    7,
    8,
    9,
    11,
    13,
    15,
    16,
    17,
    18,
    19,
    20,
    22,
    23,
    24,
    28,
    29,
    30,
    34,
    35,
    37,
    39,
    40,
    42,
    43,
    44,
    45,
    46,
    48,
    49,
    52,
    53,
    56,
    57,
    59,
    61,
    63,
    65,
    67,
    68,
    69,
    70,
    71,
    72,
    74,
    75,
    78,
    79,
    80,
    83,
    84,
    85,
    86,
    88,
    90,
    92,
    93,
    97,
    98,
    99,
    102,
    105,
    108,
    109,
    112,
    114,
    115,
    116,
    117,
    118,
    119,
    122,
    127,
    128,
    129,
    130,
    132,
    134,
    138,
    140,
    141,
    142,
    143,
    145,
    146,
    147,
    150,
    152,
    153,
    154,
    155,
    156,
    157,
    158,
    160,
    164,
    166,
    168,
    169,
    174,
    175,
    176,
    178,
    179,
    180,
    181,
    182,
    188,
    189,
    190,
    191,
    192,
    195,
    196,
    197,
    199
  ],
  "correct_rate": 59.5,
  "negative_samples_avg_ppl": 44.39490742755621,
  "positive_samples_avg_ppl": 28.386639006791885
}