{
  "correct_idxs": [
    0,
    3,
    6,
    8,
    12,
    14,
    16,
    17,
    20,
    21,
    23,
    24,
    26,
    27,
    29,
    30,
    31,
    32,
    34,
    35,
    36,
    37,
    38,
    40,
    41,
    42,
    45,
    46,
    47,
    48,
    49,
    53,
    59,
    61,
    64,
    66,
    70,
    71,
    73,
    74,
    75,
    76,
    77,
    78,
    82,
    83,
    84,
    86,
    87,
    89,
    90,
    92,
    93,
    97,
    100,
    102,
    103,
    104,
    108,
    109,
    110,
    111,
    112,
    113,
    114,
    115,
    116,
    117,
    118,
    121,
    122,
    123,
    125,
    127,
    128,
    129,
    130,
    131,
    135,
    136,
    139,
    140,
    141,
    142,
    143,
    144,
    145,
    147,
    148,
    149,
    152,
    153,
    155,
    156,
    157,
    159,
    160,
    162,
    163,
    165,
    166,
    167,
    168,
    169,
    173,
    176,
    179,
    180,
    181,
    183,
    184,
    188,
    189,
    191,
    195,
    197,
    198,
    199
  ],
  "correct_rate": 59.25,
  "negative_samples_avg_ppl": 7.955747997241748,
  "positive_samples_avg_ppl": 5.289051016005817
}