{
  "correct_idxs": [
    0,
    2,
    3,
    8,
    11,
    12,
    14,
    16,
    20,
    21,
    22,
    24,
    26,
    27,
    29,
    30,
    31,
    32,
    34,
    36,
    38,
    40,
    41,
    42,
    46,
    47,
    48,
    49,
    54,
    57,
    60,
    62,
    66,
    67,
    70,
    71,
    73,
    75,
    76,
    77,
    78,
    81,
    85,
    86,
    89,
    91,
    92,
    93,
    95,
    96,
    97,
    102,
    103,
    105,
    108,
    109,
    110,
    111,
    112,
    114,
    115,
    117,
    118,
    119,
    120,
    121,
    122,
    123,
    125,
    128,
    129,
    130,
    131,
    132,
    135,
    136,
    138,
    139,
    140,
    141,
    142,
    144,
    145,
    148,
    149,
    150,
    153,
    155,
    156,
    157,
    159,
    160,
    162,
    163,
    164,
    165,
    169,
    170,
    173,
    174,
    175,
    176,
    177,
    179,
    181,
    183,
    184,
    186,
    191,
    193,
    195,
    197,
    198,
    199
  ],
  "correct_rate": 57.25,
  "negative_samples_avg_ppl": 9.5877169570913,
  "positive_samples_avg_ppl": 5.289051016005817
}