{
  "correct_idxs": [
    2,
    4,
    6,
    8,
    10,
    11,
    12,
    13,
    17,
    18,
    20,
    21,
    22,
    24,
    25,
    26,
    28,
    29,
    30,
    31,
    33,
    34,
    35,
    39,
    40,
    41,
    42,
    43,
    44,
    46,
    48,
    54,
    56,
    57,
    58,
    59,
    60,
    61,
    62,
    64,
    70,
    72,
    74,
    76,
    77,
    79,
    81,
    84,
    85,
    89,
    90,
    92,
    93,
    94,
    96,
    97,
    99,
    100,
    101,
    102,
    103,
    105,
    107,
    108,
    109,
    110,
    114,
    117,
    119,
    120,
    121,
    122,
    124,
    125,
    131,
    132,
    133,
    134,
    135,
    138,
    140,
    141,
    143,
    145,
    146,
    150,
    152,
    155,
    156,
    157,
    158,
    159,
    161,
    163,
    165,
    166,
    167,
    169,
    171,
    172,
    173,
    174,
    175,
    176,
    177,
    180,
    181,
    186,
    190,
    192,
    193,
    194,
    196,
    197,
    198,
    199
  ],
  "correct_rate": 58.0,
  "negative_samples_avg_ppl": 414.87843208334215,
  "positive_samples_avg_ppl": 265.7997228721468
}