{
  "correct_idxs": [
    0,
    2,
    3,
    6,
    8,
    10,
    13,
    14,
    15,
    16,
    17,
    18,
    20,
    21,
    22,
    25,
    26,
    27,
    28,
    30,
    31,
    32,
    39,
    41,
    42,
    43,
    44,
    47,
    48,
    50,
    52,
    53,
    54,
    55,
    59,
    60,
    61,
    62,
    63,
    64,
    65,
    66,
    67,
    68,
    70,
    76,
    77,
    78,
    80,
    83,
    84,
    87,
    88,
    89,
    92,
    93,
    97,
    98,
    99,
    103,
    104,
    108,
    109,
    112,
    116,
    118,
    120,
    121,
    124,
    126,
    130,
    131,
    134,
    136,
    137,
    139,
    140,
    141,
    142,
    143,
    147,
    148,
    149,
    150,
    153,
    154,
    156,
    157,
    159,
    160,
    164,
    172,
    174,
    175,
    176,
    177,
    178,
    180,
    182,
    183,
    184,
    185,
    186,
    187,
    189,
    190,
    194,
    195,
    196,
    198
  ],
  "correct_rate": 55.0,
  "negative_samples_avg_ppl": 20.64235312466487,
  "positive_samples_avg_ppl": 15.751473674602899
}