{
  "correct_idxs": [
    0,
    2,
    4,
    7,
    8,
    10,
    13,
    14,
    16,
    17,
    19,
    20,
    22,
    24,
    25,
    26,
    27,
    28,
    29,
    30,
    31,
    33,
    34,
    35,
    36,
    37,
    39,
    40,
    42,
    43,
    44,
    46,
    48,
    49,
    52,
    53,
    54,
    59,
    60,
    61,
    62,
    64,
    65,
    66,
    67,
    69,
    70,
    71,
    72,
    74,
    75,
    76,
    77,
    78,
    79,
    81,
    85,
    87,
    88,
    90,
    91,
    92,
    93,
    94,
    95,
    96,
    98,
    99,
    100,
    101,
    102,
    103,
    104,
    105,
    106,
    108,
    109,
    112,
    113,
    114,
    115,
    116,
    120,
    121,
    122,
    123,
    124,
    125,
    126,
    127,
    128,
    129,
    130,
    131,
    132,
    134,
    135,
    137,
    139,
    140,
    141,
    142,
    143,
    144,
    145,
    146,
    147,
    148,
    150,
    151,
    152,
    153,
    154,
    155,
    157,
    159,
    161,
    163,
    164,
    168,
    169,
    170,
    171,
    173,
    174,
    175,
    176,
    177,
    178,
    180,
    181,
    183,
    184,
    186,
    187,
    189,
    192,
    193,
    196,
    197,
    198
  ],
  "correct_rate": 70.5,
  "negative_samples_avg_ppl": 0.012342670204675924,
  "positive_samples_avg_ppl": 0.007084595928586566
}