{
  "correct_idxs": [
    1,
    2,
    8,
    11,
    12,
    13,
    16,
    17,
    18,
    20,
    21,
    23,
    26,
    28,
    33,
    35,
    40,
    43,
    46,
    52,
    54,
    56,
    57,
    58,
    59,
    60,
    65,
    67,
    69,
    71,
    74,
    75,
    76,
    77,
    83,
    84,
    86,
    88,
    90,
    92,
    94,
    95,
    97,
    98,
    103,
    105,
    106,
    107,
    108,
    113,
    116,
    117,
    120,
    122,
    123,
    125,
    127,
    129,
    131,
    134,
    135,
    136,
    137,
    138,
    139,
    143,
    144,
    145,
    147,
    149,
    151,
    152,
    153,
    154,
    156,
    161,
    165,
    166,
    167,
    169,
    170,
    172,
    177,
    179,
    182,
    185,
    190,
    193,
    197,
    198
  ],
  "correct_rate": 45.0,
  "negative_samples_avg_ppl": 503.8110753750629,
  "positive_samples_avg_ppl": 590.8283389054699
}