{
  "correct_idxs": [
    0,
    1,
    3,
    4,
    6,
    8,
    10,
    11,
    13,
    15,
    16,
    18,
    19,
    20,
    21,
    23,
    24,
    25,
    26,
    27,
    28,
    30,
    31,
    34,
    37,
    39,
    40,
    41,
    44,
    45,
    47,
    49,
    50,
    52,
    53,
    58,
    59,
    61,
    63,
    68,
    71,
    72,
    74,
    75,
    76,
    79,
    80,
    81,
    82,
    83,
    85,
    86,
    87,
    88,
    92,
    93,
    96,
    100,
    103,
    104,
    105,
    106,
    107,
    108,
    110,
    112,
    115,
    117,
    118,
    119,
    120,
    121,
    123,
    125,
    126,
    129,
    130,
    132,
    135,
    136,
    137,
    139,
    140,
    141,
    142,
    144,
    145,
    146,
    147,
    150,
    151,
    153,
    154,
    156,
    157,
    159,
    160,
    162,
    164,
    165,
    168,
    171,
    172,
    173,
    174,
    175,
    178,
    181,
    183,
    184,
    185,
    186,
    188,
    189,
    190,
    192,
    194,
    195,
    198,
    199
  ],
  "correct_rate": 60.0,
  "negative_samples_avg_ppl": 0.568681561400956,
  "positive_samples_avg_ppl": 0.510599869522353
}