{
  "correct_idxs": [
    2,
    3,
    4,
    6,
    8,
    11,
    14,
    15,
    16,
    17,
    19,
    20,
    22,
    24,
    25,
    26,
    27,
    28,
    29,
    30,
    33,
    34,
    35,
    36,
    37,
    38,
    40,
    41,
    42,
    43,
    46,
    47,
    50,
    51,
    54,
    55,
    57,
    59,
    60,
    62,
    66,
    67,
    69,
    70,
    71,
    74,
    75,
    76,
    78,
    80,
    82,
    83,
    84,
    87,
    93,
    95,
    97,
    98,
    100,
    101,
    107,
    109,
    111,
    114,
    118,
    120,
    121,
    123,
    124,
    126,
    128,
    130,
    131,
    132,
    134,
    136,
    138,
    140,
    142,
    144,
    149,
    151,
    153,
    159,
    160,
    161,
    162,
    164,
    165,
    166,
    167,
    170,
    173,
    176,
    177,
    178,
    179,
    180,
    182,
    184,
    185,
    187,
    188,
    189,
    190,
    193,
    195,
    197,
    199
  ],
  "correct_rate": 54.5,
  "negative_samples_avg_ppl": 0.0004825833863835101,
  "positive_samples_avg_ppl": 0.00041142231884026896
}