{
  "correct_idxs": [
    0,
    8,
    9,
    11,
    13,
    14,
    15,
    16,
    17,
    18,
    20,
    21,
    22,
    24,
    25,
    29,
    30,
    32,
    33,
    34,
    35,
    39,
    41,
    42,
    45,
    47,
    48,
    49,
    52,
    53,
    54,
    56,
    63,
    67,
    68,
    69,
    70,
    72,
    73,
    75,
    76,
    77,
    78,
    82,
    83,
    84,
    85,
    87,
    88,
    90,
    91,
    92,
    94,
    95,
    97,
    98,
    99,
    100,
    101,
    105,
    106,
    107,
    108,
    111,
    113,
    114,
    115,
    117,
    123,
    124,
    125,
    127,
    129,
    135,
    136,
    138,
    140,
    141,
    142,
    143,
    146,
    149,
    153,
    155,
    156,
    157,
    161,
    162,
    163,
    165,
    166,
    167,
    169,
    171,
    172,
    173,
    174,
    176,
    177,
    179,
    180,
    181,
    182,
    183,
    184,
    185,
    186,
    188,
    191,
    192,
    193,
    194,
    197,
    198,
    199
  ],
  "correct_rate": 57.5,
  "negative_samples_avg_ppl": 0.6989756962924673,
  "positive_samples_avg_ppl": 0.6432707517798667
}