{
  "correct_idxs": [
    0,
    1,
    6,
    7,
    8,
    10,
    13,
    14,
    15,
    16,
    19,
    23,
    25,
    26,
    27,
    30,
    31,
    33,
    34,
    37,
    40,
    42,
    43,
    44,
    45,
    47,
    48,
    49,
    50,
    51,
    53,
    56,
    57,
    58,
    66,
    72,
    75,
    78,
    83,
    84,
    86,
    87,
    94,
    96,
    98,
    103,
    105,
    106,
    108,
    109,
    110,
    112,
    113,
    114,
    115,
    118,
    119,
    122,
    123,
    124,
    126,
    129,
    130,
    132,
    133,
    135,
    137,
    140,
    141,
    145,
    147,
    152,
    153,
    159,
    160,
    161,
    163,
    164,
    165,
    166,
    167,
    168,
    169,
    170,
    171,
    172,
    174,
    176,
    178,
    179,
    183,
    184,
    186,
    189,
    190,
    191,
    199
  ],
  "correct_rate": 48.5,
  "negative_samples_avg_ppl": 0.0004412265266888574,
  "positive_samples_avg_ppl": 0.0004408025777958572
}