{
  "correct_idxs": [
    0,
    1,
    2,
    4,
    7,
    8,
    11,
    14,
    15,
    16,
    17,
    19,
    20,
    22,
    23,
    24,
    25,
    26,
    28,
    30,
    33,
    35,
    36,
    38,
    41,
    42,
    45,
    46,
    47,
    49,
    50,
    51,
    53,
    54,
    56,
    57,
    59,
    61,
    64,
    66,
    67,
    69,
    70,
    71,
    73,
    75,
    76,
    77,
    78,
    80,
    81,
    82,
    87,
    89,
    90,
    95,
    96,
    97,
    98,
    100,
    106,
    107,
    109,
    111,
    112,
    115,
    116,
    118,
    120,
    123,
    124,
    127,
    129,
    130,
    131,
    132,
    134,
    136,
    139,
    142,
    144,
    148,
    149,
    151,
    152,
    153,
    154,
    155,
    156,
    159,
    160,
    161,
    162,
    164,
    165,
    166,
    167,
    170,
    173,
    174,
    176,
    178,
    180,
    181,
    182,
    185,
    186,
    187,
    189,
    190,
    197,
    199
  ],
  "correct_rate": 56.0,
  "negative_samples_avg_ppl": 0.009095005611670828,
  "positive_samples_avg_ppl": 0.008395276602645718
}