{
  "correct_idxs": [
    0,
    3,
    4,
    6,
    7,
    9,
    10,
    12,
    13,
    16,
    19,
    20,
    21,
    25,
    30,
    31,
    32,
    34,
    36,
    37,
    38,
    39,
    40,
    43,
    44,
    46,
    48,
    49,
    51,
    54,
    57,
    59,
    61,
    62,
    63,
    64,
    65,
    67,
    69,
    70,
    72,
    73,
    74,
    77,
    78,
    79,
    80,
    81,
    83,
    84,
    85,
    87,
    88,
    91,
    93,
    97,
    98,
    101,
    103,
    104,
    105,
    106,
    110,
    111,
    113,
    115,
    119,
    120,
    122,
    126,
    127,
    128,
    129,
    130,
    133,
    136,
    143,
    145,
    146,
    147,
    149,
    152,
    154,
    155,
    158,
    159,
    161,
    162,
    163,
    164,
    167,
    168,
    172,
    174,
    175,
    177,
    178,
    179,
    182,
    184,
    186,
    187,
    189,
    190,
    191,
    192,
    194,
    195,
    196,
    198,
    199
  ],
  "correct_rate": 55.5,
  "negative_samples_avg_ppl": 136.5072035408956,
  "positive_samples_avg_ppl": 112.00195598783857
}