{
  "correct_idxs": [
    4,
    5,
    6,
    7,
    9,
    10,
    12,
    13,
    16,
    17,
    20,
    25,
    29,
    30,
    31,
    34,
    36,
    37,
    38,
    39,
    40,
    43,
    44,
    46,
    48,
    49,
    51,
    54,
    57,
    60,
    61,
    62,
    63,
    64,
    65,
    67,
    70,
    72,
    73,
    74,
    78,
    79,
    80,
    83,
    85,
    87,
    91,
    93,
    94,
    96,
    101,
    102,
    103,
    104,
    105,
    106,
    110,
    111,
    112,
    113,
    114,
    115,
    118,
    119,
    120,
    122,
    126,
    128,
    129,
    130,
    133,
    135,
    136,
    137,
    143,
    145,
    146,
    147,
    149,
    152,
    154,
    155,
    158,
    159,
    161,
    162,
    163,
    167,
    168,
    170,
    174,
    175,
    177,
    178,
    179,
    182,
    184,
    185,
    186,
    187,
    189,
    191,
    194,
    195,
    196,
    199
  ],
  "correct_rate": 53.0,
  "negative_samples_avg_ppl": 134.41161987793706,
  "positive_samples_avg_ppl": 112.00195598783857
}