{
  "correct_idxs": [
    0,
    2,
    3,
    5,
    6,
    9,
    10,
    11,
    12,
    13,
    14,
    15,
    16,
    17,
    18,
    19,
    20,
    21,
    22,
    23,
    25,
    26,
    28,
    29,
    30,
    31,
    32,
    34,
    35,
    36,
    37,
    38,
    39,
    40,
    42,
    43,
    44,
    45,
    46,
    47,
    48,
    50,
    52,
    54,
    58,
    59,
    60,
    61,
    62,
    64,
    66,
    67,
    68,
    69,
    70,
    72,
    73,
    74,
    75,
    76,
    77,
    78,
    79,
    81,
    82,
    83,
    87,
    88,
    89,
    90,
    91,
    92,
    93,
    94,
    95,
    96,
    97,
    98,
    102,
    103,
    104,
    107,
    109,
    110,
    111,
    113,
    114,
    115,
    116,
    117,
    121,
    122,
    123,
    124,
    126,
    127,
    128,
    129,
    130,
    131,
    132,
    133,
    134,
    135,
    136,
    137,
    138,
    139,
    140,
    141,
    142,
    143,
    144,
    145,
    147,
    149,
    152,
    153,
    155,
    156,
    157,
    158,
    159,
    160,
    162,
    163,
    164,
    165,
    166,
    167,
    168,
    169,
    170,
    171,
    172,
    173,
    174,
    176,
    180,
    181,
    182,
    183,
    184,
    185,
    186,
    187,
    188,
    189,
    191,
    194,
    195,
    197,
    198,
    199
  ],
  "correct_rate": 77.0,
  "negative_samples_avg_ppl": 1.2099497180565848,
  "positive_samples_avg_ppl": 0.18043574852135066
}