{
  "correct_idxs": [
    3,
    7,
    8,
    10,
    11,
    12,
    14,
    15,
    17,
    19,
    22,
    23,
    24,
    26,
    27,
    31,
    33,
    35,
    36,
    37,
    40,
    47,
    48,
    49,
    50,
    51,
    55,
    59,
    62,
    63,
    65,
    66,
    70,
    72,
    74,
    80,
    83,
    85,
    86,
    88,
    89,
    97,
    98,
    104,
    106,
    107,
    108,
    109,
    118,
    119,
    120,
    121,
    122,
    123,
    126,
    127,
    129,
    130,
    131,
    133,
    134,
    135,
    138,
    139,
    140,
    141,
    142,
    143,
    144,
    145,
    146,
    148,
    149,
    150,
    152,
    153,
    154,
    156,
    158,
    160,
    163,
    165,
    168,
    170,
    171,
    180,
    182,
    183,
    184,
    189,
    191,
    195,
    197,
    198,
    199
  ],
  "correct_rate": 47.5,
  "negative_samples_avg_ppl": 3.8747299693053567,
  "positive_samples_avg_ppl": 4.650576724087406
}