{
  "correct_idxs": [
    0,
    1,
    2,
    3,
    4,
    5,
    7,
    8,
    9,
    10,
    11,
    12,
    13,
    14,
    15,
    18,
    19,
    20,
    21,
    22,
    24,
    25,
    26,
    27,
    28,
    29,
    32,
    34,
    35,
    36,
    37,
    38,
    39,
    43,
    44,
    45,
    46,
    48,
    49,
    51,
    54,
    55,
    56,
    57,
    58,
    59,
    60,
    61,
    62,
    63,
    64,
    65,
    66,
    67,
    68,
    71,
    72,
    73,
    74,
    75,
    76,
    77,
    78,
    80,
    82,
    83,
    85,
    86,
    88,
    89,
    92,
    93,
    97,
    98,
    99,
    100,
    101,
    102,
    103,
    104,
    105,
    106,
    108,
    109,
    110,
    112,
    113,
    114,
    115,
    117,
    118,
    119,
    120,
    121,
    122,
    123,
    124,
    126,
    127,
    128,
    129,
    130,
    132,
    135,
    138,
    139,
    140,
    141,
    142,
    143,
    145,
    146,
    147,
    148,
    149,
    151,
    152,
    153,
    154,
    155,
    156,
    157,
    158,
    159,
    160,
    161,
    162,
    164,
    165,
    167,
    168,
    169,
    170,
    171,
    178,
    179,
    180,
    182,
    185,
    187,
    189,
    192,
    193,
    194,
    196,
    197,
    198,
    199
  ],
  "correct_rate": 74.0,
  "negative_samples_avg_ppl": 41.875479522383856,
  "positive_samples_avg_ppl": 23.373780540036734
}