{
  "correct_idxs": [
    0,
    2,
    3,
    4,
    7,
    9,
    12,
    13,
    14,
    18,
    19,
    20,
    21,
    22,
    25,
    26,
    27,
    28,
    30,
    31,
    32,
    33,
    34,
    35,
    36,
    37,
    38,
    39,
    40,
    43,
    44,
    45,
    46,
    47,
    48,
    51,
    52,
    55,
    56,
    57,
    58,
    60,
    61,
    62,
    63,
    65,
    67,
    68,
    70,
    71,
    72,
    73,
    74,
    78,
    79,
    80,
    86,
    88,
    89,
    90,
    91,
    92,
    93,
    95,
    99,
    100,
    101,
    103,
    104,
    105,
    106,
    108,
    110,
    112,
    113,
    116,
    117,
    118,
    121,
    122,
    123,
    127,
    128,
    129,
    130,
    135,
    137,
    138,
    139,
    141,
    142,
    143,
    145,
    146,
    147,
    148,
    149,
    150,
    151,
    152,
    153,
    154,
    155,
    157,
    158,
    159,
    160,
    162,
    163,
    165,
    166,
    167,
    168,
    170,
    171,
    172,
    175,
    178,
    179,
    180,
    186,
    187,
    188,
    193,
    194,
    198,
    199
  ],
  "correct_rate": 63.5,
  "negative_samples_avg_ppl": 85.61010732089706,
  "positive_samples_avg_ppl": 66.59362653368822
}