{
  "correct_idxs": [
    0,
    1,
    2,
    3,
    4,
    5,
    6,
    7,
    8,
    9,
    10,
    12,
    18,
    21,
    22,
    24,
    26,
    27,
    28,
    29,
    32,
    34,
    35,
    36,
    37,
    38,
    39,
    40,
    42,
    43,
    44,
    47,
    48,
    49,
    50,
    52,
    53,
    54,
    55,
    57,
    59,
    60,
    63,
    64,
    65,
    67,
    69,
    70,
    71,
    72,
    73,
    74,
    76,
    77,
    78,
    79,
    82,
    83,
    84,
    85,
    88,
    89,
    90,
    91,
    93,
    95,
    97,
    98,
    99,
    101,
    102,
    104,
    108,
    111,
    112,
    113,
    114,
    117,
    120,
    121,
    122,
    123,
    125,
    127,
    128,
    129,
    130,
    131,
    132,
    133,
    134,
    135,
    136,
    138,
    140,
    141,
    144,
    145,
    146,
    147,
    148,
    149,
    150,
    153,
    154,
    155,
    156,
    157,
    158,
    159,
    160,
    163,
    164,
    167,
    168,
    173,
    175,
    178,
    179,
    180,
    181,
    182,
    183,
    184,
    185,
    186,
    187,
    189,
    190,
    192,
    194,
    195,
    197,
    199
  ],
  "correct_rate": 67.0,
  "negative_samples_avg_ppl": 7.969192892876695,
  "positive_samples_avg_ppl": 6.111309595169507
}