{
  "correct_idxs": [
    2,
    4,
    5,
    7,
    8,
    9,
    10,
    11,
    12,
    13,
    14,
    15,
    16,
    17,
    19,
    21,
    23,
    25,
    26,
    27,
    28,
    30,
    31,
    33,
    36,
    39,
    40,
    42,
    43,
    44,
    45,
    46,
    48,
    49,
    50,
    57,
    62,
    63,
    64,
    65,
    66,
    67,
    69,
    72,
    74,
    75,
    76,
    77,
    79,
    80,
    81,
    82,
    83,
    85,
    86,
    88,
    90,
    91,
    92,
    94,
    95,
    96,
    97,
    99,
    102,
    105,
    106,
    107,
    108,
    109,
    110,
    112,
    113,
    114,
    115,
    118,
    119,
    120,
    126,
    129,
    130,
    131,
    132,
    134,
    135,
    136,
    138,
    139,
    140,
    142,
    144,
    145,
    147,
    148,
    149,
    152,
    155,
    157,
    158,
    159,
    160,
    161,
    163,
    167,
    168,
    169,
    170,
    172,
    173,
    174,
    175,
    176,
    178,
    180,
    181,
    186,
    190,
    191,
    192,
    195,
    197,
    199
  ],
  "correct_rate": 61.0,
  "negative_samples_avg_ppl": 0.4724047327901505,
  "positive_samples_avg_ppl": 0.42319771705206505
}