{
  "correct_idxs": [
    3,
    4,
    5,
    6,
    8,
    10,
    12,
    13,
    15,
    20,
    21,
    22,
    23,
    24,
    25,
    26,
    27,
    28,
    30,
    34,
    36,
    40,
    41,
    42,
    43,
    44,
    45,
    48,
    49,
    54,
    58,
    60,
    61,
    63,
    67,
    68,
    69,
    74,
    75,
    76,
    78,
    79,
    81,
    82,
    85,
    86,
    87,
    88,
    90,
    94,
    97,
    98,
    102,
    106,
    108,
    114,
    115,
    117,
    118,
    121,
    125,
    126,
    130,
    133,
    134,
    135,
    136,
    137,
    138,
    140,
    141,
    143,
    147,
    149,
    151,
    153,
    157,
    161,
    162,
    163,
    166,
    167,
    169,
    170,
    171,
    172,
    173,
    175,
    176,
    177,
    180,
    181,
    182,
    185,
    190,
    193,
    195,
    197,
    198
  ],
  "correct_rate": 49.5,
  "negative_samples_avg_ppl": 0.00037146442427102235,
  "positive_samples_avg_ppl": 0.00037471790708943394
}