{
  "correct_idxs": [
    4,
    6,
    8,
    9,
    11,
    12,
    13,
    18,
    20,
    21,
    22,
    23,
    24,
    25,
    27,
    28,
    29,
    30,
    31,
    33,
    35,
    38,
    39,
    40,
    41,
    42,
    43,
    44,
    46,
    49,
    53,
    54,
    56,
    58,
    59,
    61,
    64,
    66,
    67,
    70,
    73,
    74,
    76,
    77,
    78,
    79,
    81,
    82,
    87,
    88,
    89,
    90,
    92,
    93,
    94,
    96,
    97,
    99,
    100,
    101,
    102,
    103,
    105,
    107,
    108,
    109,
    110,
    111,
    112,
    114,
    115,
    117,
    118,
    120,
    122,
    123,
    124,
    125,
    130,
    131,
    132,
    133,
    134,
    135,
    137,
    138,
    140,
    141,
    142,
    143,
    145,
    146,
    150,
    151,
    152,
    154,
    155,
    156,
    157,
    161,
    162,
    163,
    165,
    166,
    167,
    168,
    169,
    170,
    173,
    174,
    175,
    177,
    180,
    183,
    185,
    186,
    190,
    192,
    195,
    197,
    198,
    199
  ],
  "correct_rate": 61.0,
  "negative_samples_avg_ppl": 16.677716959501478,
  "positive_samples_avg_ppl": 12.980752460319366
}