{
  "correct_idxs": [
    0,
    1,
    4,
    5,
    6,
    8,
    11,
    12,
    13,
    14,
    16,
    17,
    18,
    22,
    23,
    26,
    27,
    30,
    33,
    34,
    36,
    38,
    39,
    44,
    46,
    51,
    52,
    53,
    54,
    57,
    58,
    60,
    62,
    65,
    66,
    67,
    69,
    72,
    74,
    75,
    76,
    77,
    79,
    82,
    83,
    85,
    86,
    88,
    90,
    91,
    92,
    94,
    96,
    100,
    101,
    103,
    104,
    105,
    106,
    108,
    115,
    117,
    122,
    123,
    124,
    126,
    127,
    129,
    131,
    132,
    138,
    139,
    140,
    144,
    149,
    151,
    153,
    158,
    159,
    161,
    162,
    165,
    166,
    167,
    168,
    170,
    171,
    173,
    177,
    178,
    179,
    181,
    185,
    186,
    187,
    188,
    189,
    190,
    191,
    192,
    193,
    195,
    197,
    198
  ],
  "correct_rate": 52.0,
  "negative_samples_avg_ppl": 252789.49493838663,
  "positive_samples_avg_ppl": 241892.76113471278
}