{
  "correct_idxs": [
    0,
    1,
    2,
    3,
    4,
    7,
    9,
    10,
    11,
    12,
    14,
    16,
    18,
    19,
    20,
    21,
    23,
    28,
    29,
    32,
    33,
    34,
    35,
    36,
    37,
    38,
    40,
    41,
    42,
    44,
    45,
    47,
    48,
    49,
    50,
    54,
    57,
    59,
    62,
    64,
    68,
    71,
    78,
    79,
    81,
    84,
    85,
    87,
    89,
    90,
    92,
    93,
    94,
    95,
    97,
    109,
    111,
    112,
    113,
    117,
    118,
    125,
    127,
    128,
    129,
    131,
    133,
    135,
    136,
    137,
    138,
    140,
    144,
    146,
    148,
    150,
    152,
    156,
    160,
    161,
    164,
    167,
    169,
    170,
    171,
    176,
    178,
    179,
    181,
    182,
    183,
    184,
    185,
    186,
    189,
    190,
    191,
    192,
    193,
    194,
    197
  ],
  "correct_rate": 50.5,
  "negative_samples_avg_ppl": 864.9931084170071,
  "positive_samples_avg_ppl": 865.328442470916
}