{
  "correct_idxs": [
    0,
    1,
    4,
    5,
    6,
    7,
    9,
    11,
    13,
    14,
    15,
    16,
    20,
    22,
    24,
    26,
    31,
    35,
    37,
    38,
    39,
    40,
    43,
    44,
    45,
    47,
    48,
    50,
    51,
    52,
    54,
    56,
    57,
    61,
    64,
    68,
    69,
    70,
    72,
    76,
    78,
    80,
    81,
    85,
    86,
    88,
    89,
    93,
    95,
    97,
    99,
    100,
    103,
    106,
    107,
    108,
    109,
    111,
    114,
    119,
    120,
    125,
    127,
    128,
    130,
    132,
    133,
    136,
    137,
    138,
    140,
    142,
    143,
    144,
    146,
    148,
    153,
    154,
    156,
    157,
    159,
    160,
    161,
    162,
    163,
    165,
    167,
    170,
    171,
    172,
    173,
    178,
    180,
    181,
    183,
    185,
    187,
    190,
    191,
    193,
    198,
    199
  ],
  "correct_rate": 51.0,
  "negative_samples_avg_ppl": 53.45100755267793,
  "positive_samples_avg_ppl": 53.3438894274954
}