{
  "correct_idxs": [
    0,
    3,
    4,
    6,
    7,
    9,
    10,
    12,
    13,
    16,
    19,
    20,
    21,
    25,
    29,
    30,
    31,
    32,
    33,
    34,
    36,
    37,
    38,
    39,
    40,
    43,
    44,
    45,
    46,
    48,
    49,
    51,
    54,
    57,
    62,
    63,
    64,
    65,
    67,
    69,
    70,
    72,
    73,
    74,
    76,
    77,
    78,
    79,
    80,
    81,
    83,
    84,
    85,
    88,
    91,
    92,
    93,
    97,
    98,
    99,
    101,
    103,
    104,
    106,
    110,
    111,
    112,
    119,
    120,
    122,
    127,
    128,
    129,
    130,
    133,
    134,
    135,
    136,
    139,
    140,
    142,
    143,
    145,
    147,
    149,
    152,
    154,
    158,
    162,
    163,
    164,
    165,
    166,
    167,
    168,
    172,
    174,
    175,
    177,
    178,
    179,
    182,
    186,
    187,
    189,
    190,
    191,
    192,
    194,
    195,
    196,
    198,
    199
  ],
  "correct_rate": 56.5,
  "negative_samples_avg_ppl": 149.42370533660016,
  "positive_samples_avg_ppl": 119.48563304860387
}