{
  "correct_idxs": [
    1,
    2,
    3,
    6,
    7,
    8,
    9,
    10,
    11,
    12,
    13,
    16,
    18,
    19,
    21,
    22,
    26,
    30,
    34,
    35,
    39,
    41,
    45,
    46,
    47,
    49,
    51,
    52,
    58,
    60,
    62,
    64,
    65,
    68,
    70,
    71,
    72,
    74,
    75,
    76,
    77,
    79,
    84,
    85,
    86,
    91,
    95,
    96,
    97,
    102,
    106,
    107,
    110,
    113,
    115,
    122,
    126,
    129,
    132,
    135,
    136,
    138,
    139,
    143,
    144,
    148,
    151,
    152,
    153,
    154,
    155,
    156,
    157,
    158,
    159,
    160,
    161,
    166,
    167,
    169,
    173,
    176,
    177,
    178,
    186,
    188,
    190,
    198,
    199
  ],
  "correct_rate": 44.5,
  "negative_samples_avg_ppl": 5686.577486220229,
  "positive_samples_avg_ppl": 7331.273693934605
}