{
  "correct_idxs": [
    1,
    3,
    4,
    6,
    8,
    9,
    10,
    11,
    12,
    13,
    16,
    18,
    19,
    21,
    26,
    28,
    30,
    31,
    39,
    41,
    43,
    46,
    49,
    51,
    56,
    58,
    59,
    60,
    62,
    64,
    65,
    68,
    69,
    70,
    71,
    73,
    75,
    76,
    79,
    84,
    85,
    90,
    91,
    94,
    97,
    100,
    101,
    104,
    106,
    108,
    110,
    113,
    115,
    116,
    117,
    118,
    120,
    122,
    124,
    125,
    126,
    129,
    131,
    133,
    135,
    138,
    139,
    143,
    145,
    151,
    152,
    153,
    156,
    160,
    161,
    166,
    167,
    169,
    171,
    173,
    174,
    176,
    177,
    178,
    182,
    186,
    188,
    190,
    197,
    198
  ],
  "correct_rate": 45.0,
  "negative_samples_avg_ppl": 6340.494205320077,
  "positive_samples_avg_ppl": 7606.414213378757
}