{
  "correct_idxs": [
    0,
    1,
    2,
    3,
    4,
    6,
    7,
    8,
    9,
    10,
    11,
    12,
    13,
    16,
    18,
    19,
    26,
    30,
    31,
    33,
    39,
    41,
    46,
    47,
    48,
    49,
    51,
    53,
    54,
    56,
    58,
    62,
    64,
    65,
    68,
    70,
    71,
    72,
    75,
    76,
    77,
    79,
    84,
    85,
    90,
    91,
    98,
    100,
    101,
    106,
    107,
    110,
    113,
    115,
    122,
    126,
    129,
    135,
    136,
    139,
    141,
    143,
    144,
    145,
    148,
    151,
    152,
    153,
    155,
    156,
    157,
    159,
    160,
    161,
    163,
    166,
    167,
    169,
    173,
    176,
    177,
    178,
    186,
    188,
    190,
    198,
    199
  ],
  "correct_rate": 43.5,
  "negative_samples_avg_ppl": 5798.779886321774,
  "positive_samples_avg_ppl": 7308.665171189444
}