{
  "correct_idxs": [
    3,
    7,
    9,
    11,
    12,
    19,
    21,
    22,
    41,
    45,
    46,
    47,
    49,
    51,
    52,
    58,
    64,
    68,
    70,
    77,
    90,
    95,
    96,
    106,
    107,
    126,
    138,
    139,
    143,
    144,
    153,
    154,
    159,
    160,
    176,
    177,
    178,
    188,
    190
  ],
  "correct_rate": 40.625,
  "negative_samples_avg_ppl": 3991.8652780918223,
  "positive_samples_avg_ppl": 5957.231335546542
}