{
  "correct_idxs": [
    0,
    4,
    6,
    8,
    10,
    11,
    13,
    14,
    15,
    16,
    17,
    21,
    23,
    24,
    25,
    28,
    29,
    31,
    32,
    33,
    36,
    38,
    40,
    41,
    42,
    43,
    45,
    48,
    49,
    51,
    52,
    53,
    54,
    59,
    61,
    63,
    66,
    68,
    70,
    72,
    73,
    74,
    75,
    76,
    78,
    81,
    82,
    83,
    85,
    87,
    90,
    92,
    93,
    94,
    95,
    97,
    98,
    100,
    105,
    106,
    107,
    114,
    115,
    120,
    123,
    127,
    133,
    136,
    137,
    138,
    141,
    142,
    143,
    145,
    148,
    150,
    151,
    152,
    153,
    155,
    157,
    161,
    163,
    165,
    167,
    168,
    169,
    170,
    172,
    173,
    175,
    176,
    177,
    180,
    181,
    182,
    183,
    184,
    186,
    190,
    193,
    194,
    198,
    199
  ],
  "correct_rate": 52.0,
  "negative_samples_avg_ppl": 6.135790787784607,
  "positive_samples_avg_ppl": 5.672415178848598
}