{
  "correct_idxs": [
    0,
    5,
    6,
    7,
    8,
    11,
    13,
    15,
    16,
    17,
    18,
    19,
    20,
    23,
    26,
    27,
    28,
    30,
    33,
    34,
    35,
    36,
    38,
    40,
    41,
    44,
    46,
    48,
    50,
    51,
    52,
    53,
    54,
    55,
    56,
    57,
    58,
    59,
    60,
    61,
    63,
    65,
    68,
    69,
    70,
    71,
    72,
    74,
    75,
    76,
    77,
    78,
    80,
    81,
    83,
    84,
    86,
    88,
    89,
    90,
    91,
    93,
    94,
    96,
    98,
    99,
    100,
    101,
    104,
    105,
    106,
    107,
    108,
    109,
    110,
    111,
    115,
    117,
    119,
    120,
    121,
    122,
    123,
    124,
    125,
    126,
    127,
    129,
    131,
    132,
    133,
    134,
    135,
    136,
    141,
    143,
    144,
    145,
    149,
    152,
    155,
    156,
    157,
    159,
    162,
    163,
    164,
    165,
    169,
    174,
    176,
    178,
    181,
    185,
    186,
    187,
    188,
    190,
    191,
    192,
    193,
    194,
    195,
    196,
    197
  ],
  "correct_rate": 62.5,
  "negative_samples_avg_ppl": 14.563557524595248,
  "positive_samples_avg_ppl": 12.326088528167022
}