{
  "correct_idxs": [
    0,
    4,
    5,
    6,
    8,
    10,
    12,
    15,
    18,
    20,
    21,
    26,
    33,
    35,
    36,
    39,
    40,
    43,
    44,
    48,
    49,
    50,
    51,
    52,
    54,
    56,
    57,
    60,
    61,
    62,
    63,
    64,
    67,
    68,
    73,
    74,
    78,
    80,
    82,
    83,
    87,
    88,
    89,
    91,
    93,
    96,
    100,
    101,
    102,
    104,
    105,
    106,
    108,
    110,
    111,
    115,
    116,
    117,
    118,
    119,
    120,
    121,
    126,
    127,
    128,
    129,
    130,
    131,
    134,
    138,
    142,
    143,
    144,
    145,
    147,
    151,
    152,
    154,
    155,
    158,
    160,
    162,
    163,
    167,
    168,
    169,
    170,
    171,
    172,
    174,
    176,
    178,
    179,
    180,
    182,
    183,
    187,
    188,
    189,
    191,
    193,
    199
  ],
  "correct_rate": 51.0,
  "negative_samples_avg_ppl": 6.824625527302601,
  "positive_samples_avg_ppl": 6.560313735545761
}