{
  "correct_idxs": [
    0,
    1,
    2,
    3,
    4,
    5,
    6,
    8,
    9,
    10,
    12,
    13,
    14,
    15,
    16,
    17,
    19,
    20,
    21,
    22,
    23,
    24,
    26,
    27,
    28,
    29,
    30,
    32,
    34,
    35,
    36,
    38,
    39,
    40,
    41,
    42,
    43,
    45,
    46,
    47,
    48,
    51,
    52,
    53,
    54,
    55,
    56,
    57,
    61,
    62,
    63,
    64,
    66,
    67,
    69,
    70,
    71,
    72,
    73,
    75,
    76,
    77,
    78,
    80,
    81,
    83,
    84,
    85,
    86,
    87,
    88,
    89,
    90,
    92,
    94,
    96,
    97,
    98,
    100,
    102,
    104,
    105,
    106,
    107,
    108,
    109,
    110,
    112,
    113,
    114,
    116,
    119,
    121,
    122,
    123,
    124,
    125,
    126,
    127,
    128,
    129,
    131,
    132,
    133,
    134,
    136,
    138,
    139,
    140,
    141,
    142,
    143,
    144,
    145,
    147,
    148,
    149,
    150,
    151,
    152,
    153,
    154,
    155,
    156,
    157,
    158,
    159,
    160,
    161,
    162,
    163,
    164,
    165,
    166,
    167,
    168,
    169,
    170,
    171,
    172,
    173,
    175,
    176,
    177,
    178,
    180,
    181,
    182,
    183,
    185,
    186,
    188,
    189,
    191,
    192,
    193,
    194,
    195,
    196,
    197,
    198,
    199
  ],
  "correct_rate": 81.0,
  "negative_samples_avg_ppl": 8351.55364328141,
  "positive_samples_avg_ppl": 979.1873975581121
}