{
  "correct_idxs": [
    0,
    3,
    4,
    5,
    6,
    7,
    8,
    9,
    10,
    12,
    15,
    18,
    19,
    20,
    21,
    22,
    26,
    28,
    29,
    31,
    33,
    34,
    35,
    36,
    40,
    43,
    45,
    47,
    48,
    50,
    51,
    53,
    57,
    58,
    59,
    63,
    65,
    67,
    71,
    72,
    75,
    79,
    81,
    84,
    85,
    86,
    89,
    90,
    91,
    92,
    93,
    95,
    98,
    99,
    100,
    101,
    102,
    104,
    105,
    108,
    109,
    110,
    111,
    112,
    113,
    114,
    115,
    116,
    118,
    119,
    120,
    121,
    125,
    126,
    127,
    128,
    129,
    130,
    133,
    137,
    138,
    139,
    144,
    146,
    148,
    150,
    153,
    154,
    155,
    156,
    157,
    158,
    159,
    160,
    161,
    162,
    164,
    165,
    170,
    173,
    175,
    176,
    179,
    180,
    184,
    185,
    186,
    188,
    193,
    195,
    196,
    198
  ],
  "correct_rate": 56.0,
  "negative_samples_avg_ppl": 0.36124798322844376,
  "positive_samples_avg_ppl": 0.2362586595272404
}