{
  "correct_idxs": [
    0,
    2,
    3,
    4,
    5,
    7,
    9,
    10,
    13,
    14,
    15,
    16,
    17,
    23,
    25,
    26,
    28,
    29,
    30,
    31,
    33,
    36,
    37,
    38,
    42,
    43,
    44,
    46,
    47,
    49,
    52,
    53,
    54,
    55,
    57,
    58,
    60,
    61,
    63,
    64,
    65,
    67,
    68,
    69,
    70,
    71,
    72,
    73,
    75,
    76,
    77,
    78,
    79,
    82,
    85,
    86,
    87,
    88,
    89,
    90,
    92,
    93,
    94,
    95,
    96,
    98,
    100,
    102,
    103,
    105,
    106,
    107,
    108,
    109,
    110,
    112,
    113,
    114,
    115,
    116,
    119,
    121,
    122,
    124,
    125,
    126,
    129,
    130,
    131,
    134,
    135,
    137,
    140,
    141,
    143,
    145,
    148,
    151,
    152,
    153,
    155,
    157,
    158,
    159,
    163,
    164,
    168,
    169,
    170,
    171,
    173,
    176,
    178,
    180,
    181,
    182,
    183,
    184,
    186,
    187,
    191,
    193,
    194,
    196,
    197,
    198
  ],
  "correct_rate": 63.0,
  "negative_samples_avg_ppl": 0.6831677826849576,
  "positive_samples_avg_ppl": 0.40321537692577736
}