{
  "correct_idxs": [
    5,
    6,
    7,
    9,
    11,
    14,
    17,
    21,
    22,
    23,
    24,
    25,
    28,
    29,
    30,
    34,
    35,
    36,
    37,
    43,
    45,
    47,
    50,
    52,
    55,
    58,
    59,
    60,
    62,
    64,
    66,
    68,
    76,
    79,
    91,
    94,
    96,
    100,
    102,
    104,
    106,
    107,
    108,
    110,
    112,
    115,
    118,
    119,
    120,
    122,
    125,
    126,
    128,
    129,
    130,
    134,
    135,
    136,
    139,
    141,
    144,
    145,
    146,
    149,
    151,
    152,
    155,
    156,
    157,
    158,
    159,
    160,
    162,
    164,
    165,
    167,
    170,
    171,
    172,
    173,
    175,
    177,
    179,
    180,
    182,
    184,
    186,
    187,
    192,
    194,
    196,
    198,
    199
  ],
  "correct_rate": 46.5,
  "negative_samples_avg_ppl": 11.595593800843085,
  "positive_samples_avg_ppl": 11.030919993502158
}