{
  "correct_idxs": [
    0,
    1,
    3,
    4,
    5,
    6,
    7,
    8,
    9,
    10,
    11,
    13,
    14,
    15,
    16,
    17,
    20,
    21,
    24,
    27,
    28,
    30,
    31,
    32,
    33,
    34,
    35,
    36,
    37,
    38,
    39,
    40,
    42,
    43,
    44,
    47,
    48,
    49,
    50,
    51,
    52,
    53,
    55,
    57,
    59,
    60,
    62,
    65,
    66,
    68,
    69,
    70,
    71,
    72,
    73,
    76,
    77,
    79,
    80,
    81,
    83,
    85,
    86,
    87,
    88,
    90,
    91,
    92,
    95,
    96,
    98,
    99,
    100,
    102,
    103,
    104,
    105,
    106,
    108,
    109,
    111,
    112,
    113,
    115,
    116,
    117,
    118,
    120,
    121,
    123,
    125,
    126,
    127,
    128,
    129,
    130,
    131,
    132,
    133,
    134,
    136,
    138,
    139,
    140,
    141,
    143,
    144,
    146,
    147,
    148,
    149,
    150,
    152,
    153,
    154,
    155,
    156,
    158,
    159,
    161,
    163,
    165,
    166,
    167,
    168,
    169,
    170,
    171,
    172,
    173,
    174,
    175,
    176,
    177,
    178,
    179,
    181,
    182,
    183,
    184,
    185,
    187,
    188,
    189,
    190,
    191,
    193,
    194,
    196,
    199
  ],
  "correct_rate": 75.0,
  "negative_samples_avg_ppl": 91.65884991165329,
  "positive_samples_avg_ppl": 73.28126375492927
}