{
  "correct_idxs": [
    0,
    3,
    4,
    5,
    6,
    7,
    8,
    9,
    10,
    11,
    12,
    13,
    16,
    17,
    18,
    19,
    21,
    23,
    25,
    26,
    27,
    28,
    29,
    31,
    33,
    34,
    35,
    36,
    38,
    40,
    41,
    42,
    43,
    44,
    45,
    47,
    48,
    49,
    50,
    53,
    54,
    55,
    56,
    57,
    58,
    59,
    60,
    63,
    65,
    67,
    68,
    69,
    71,
    72,
    73,
    74,
    75,
    76,
    77,
    78,
    79,
    80,
    84,
    85,
    88,
    91,
    92,
    93,
    95,
    96,
    99,
    100,
    102,
    103,
    104,
    107,
    109,
    110,
    111,
    112,
    114,
    115,
    116,
    118,
    119,
    120,
    123,
    124,
    125,
    126,
    127,
    128,
    129,
    130,
    134,
    136,
    137,
    139,
    141,
    144,
    145,
    146,
    147,
    148,
    149,
    150,
    152,
    153,
    155,
    156,
    157,
    159,
    160,
    161,
    162,
    163,
    164,
    166,
    167,
    168,
    169,
    170,
    171,
    173,
    174,
    175,
    176,
    178,
    180,
    181,
    182,
    184,
    185,
    186,
    188,
    189,
    190,
    192,
    194,
    195,
    196,
    198,
    199
  ],
  "correct_rate": 71.5,
  "negative_samples_avg_ppl": 165.9575455707084,
  "positive_samples_avg_ppl": 80.44185444276255
}