{
  "correct_idxs": [
    0,
    3,
    4,
    5,
    6,
    7,
    8,
    9,
    10,
    11,
    12,
    14,
    15,
    16,
    17,
    18,
    20,
    21,
    22,
    23,
    26,
    27,
    28,
    29,
    33,
    34,
    35,
    36,
    38,
    40,
    41,
    43,
    44,
    45,
    46,
    47,
    48,
    50,
    53,
    54,
    55,
    57,
    58,
    59,
    63,
    65,
    67,
    68,
    69,
    71,
    72,
    75,
    77,
    78,
    79,
    80,
    84,
    85,
    88,
    89,
    91,
    92,
    93,
    94,
    95,
    99,
    100,
    101,
    102,
    104,
    105,
    106,
    107,
    108,
    109,
    110,
    111,
    112,
    113,
    114,
    115,
    116,
    118,
    119,
    120,
    123,
    124,
    125,
    126,
    127,
    128,
    129,
    130,
    132,
    136,
    144,
    146,
    148,
    150,
    151,
    153,
    155,
    157,
    159,
    160,
    161,
    162,
    164,
    166,
    167,
    168,
    169,
    170,
    171,
    172,
    173,
    175,
    176,
    177,
    179,
    180,
    181,
    182,
    183,
    185,
    186,
    188,
    189,
    190,
    192,
    193,
    195,
    197,
    198
  ],
  "correct_rate": 67.0,
  "negative_samples_avg_ppl": 0.46926819500304595,
  "positive_samples_avg_ppl": 0.2415405970677795
}