{
  "correct_idxs": [
    0,
    1,
    2,
    3,
    4,
    5,
    6,
    7,
    8,
    11,
    12,
    16,
    18,
    20,
    22,
    25,
    27,
    29,
    31,
    32,
    36,
    40,
    41,
    43,
    46,
    53,
    55,
    57,
    59,
    62,
    64,
    67,
    69,
    70,
    74,
    76,
    77,
    79,
    82,
    83,
    88,
    93,
    96,
    98,
    102,
    103,
    104,
    105,
    106,
    107,
    108,
    110,
    111,
    112,
    113,
    114,
    115,
    116,
    117,
    118,
    119,
    120,
    124,
    126,
    129,
    133,
    134,
    137,
    139,
    141,
    142,
    143,
    146,
    149,
    152,
    155,
    156,
    158,
    160,
    164,
    167,
    170,
    171,
    172,
    173,
    175,
    179,
    182,
    183,
    184,
    186,
    190,
    192,
    193,
    194,
    195,
    196,
    198,
    199
  ],
  "correct_rate": 49.5,
  "negative_samples_avg_ppl": 0.00039477975856421827,
  "positive_samples_avg_ppl": 0.00042288967075110556
}