{
  "correct_idxs": [
    0,
    1,
    2,
    3,
    7,
    8,
    9,
    14,
    17,
    21,
    22,
    23,
    24,
    25,
    27,
    28,
    36,
    37,
    38,
    39,
    40,
    41,
    43,
    45,
    47,
    54,
    56,
    58,
    59,
    61,
    62,
    67,
    70,
    74,
    78,
    82,
    89,
    90,
    91,
    94,
    95,
    96,
    97,
    98,
    99,
    101,
    104,
    107,
    108,
    113,
    114,
    118,
    121,
    122,
    124,
    126,
    127,
    128,
    131,
    135,
    136,
    137,
    138,
    141,
    143,
    145,
    148,
    149,
    150,
    152,
    153,
    154,
    155,
    156,
    157,
    159,
    160,
    165,
    168,
    169,
    172,
    174,
    175,
    176,
    178,
    181,
    182,
    183,
    185,
    187,
    191,
    193,
    194,
    195,
    198,
    199
  ],
  "correct_rate": 48.0,
  "negative_samples_avg_ppl": 6.628939272174797,
  "positive_samples_avg_ppl": 6.697138531394091
}