{
  "correct_idxs": [
    0,
    1,
    3,
    5,
    6,
    7,
    8,
    10,
    11,
    12,
    14,
    15,
    16,
    20,
    21,
    23,
    24,
    27,
    28,
    29,
    31,
    32,
    33,
    34,
    35,
    36,
    37,
    38,
    39,
    42,
    44,
    46,
    47,
    48,
    49,
    50,
    51,
    53,
    54,
    55,
    57,
    60,
    62,
    63,
    64,
    66,
    67,
    68,
    69,
    70,
    73,
    74,
    75,
    76,
    77,
    79,
    80,
    81,
    82,
    84,
    85,
    86,
    87,
    89,
    92,
    93,
    94,
    95,
    96,
    97,
    99,
    101,
    102,
    103,
    106,
    107,
    109,
    110,
    113,
    115,
    116,
    118,
    119,
    120,
    122,
    125,
    126,
    127,
    128,
    130,
    131,
    132,
    133,
    135,
    136,
    138,
    140,
    141,
    143,
    147,
    148,
    149,
    150,
    153,
    155,
    157,
    158,
    159,
    161,
    164,
    166,
    167,
    168,
    169,
    170,
    172,
    174,
    175,
    177,
    182,
    183,
    184,
    185,
    187,
    189,
    191,
    194,
    195,
    196,
    197
  ],
  "correct_rate": 65.0,
  "negative_samples_avg_ppl": 479.10502042120197,
  "positive_samples_avg_ppl": 345.68209174034934
}