{
  "correct_idxs": [
    3,
    4,
    6,
    7,
    8,
    9,
    12,
    14,
    15,
    16,
    18,
    21,
    26,
    29,
    33,
    34,
    35,
    37,
    38,
    39,
    40,
    41,
    45,
    47,
    49,
    50,
    52,
    55,
    56,
    59,
    65,
    67,
    69,
    70,
    71,
    74,
    75,
    76,
    77,
    78,
    79,
    88,
    89,
    91,
    92,
    95,
    96,
    98,
    99,
    102,
    103,
    104,
    105,
    108,
    109,
    114,
    115,
    117,
    120,
    121,
    123,
    124,
    125,
    130,
    131,
    133,
    137,
    138,
    140,
    141,
    142,
    145,
    148,
    149,
    154,
    155,
    156,
    158,
    161,
    163,
    164,
    165,
    168,
    169,
    175,
    176,
    177,
    181,
    182,
    184,
    187,
    188,
    191,
    193,
    194,
    195,
    199
  ],
  "correct_rate": 48.5,
  "negative_samples_avg_ppl": 0.8592247448553819,
  "positive_samples_avg_ppl": 0.9024758731928085
}