{
  "correct_idxs": [
    0,
    1,
    2,
    4,
    5,
    6,
    9,
    11,
    13,
    14,
    15,
    16,
    20,
    22,
    23,
    26,
    29,
    31,
    34,
    35,
    37,
    38,
    43,
    44,
    47,
    48,
    49,
    50,
    51,
    55,
    56,
    58,
    60,
    64,
    69,
    70,
    72,
    75,
    76,
    78,
    80,
    81,
    82,
    86,
    87,
    88,
    91,
    92,
    93,
    95,
    96,
    97,
    101,
    103,
    105,
    106,
    107,
    109,
    110,
    111,
    117,
    119,
    120,
    121,
    125,
    127,
    128,
    130,
    132,
    133,
    136,
    137,
    138,
    140,
    141,
    142,
    143,
    145,
    146,
    149,
    153,
    154,
    156,
    157,
    158,
    160,
    165,
    167,
    168,
    169,
    171,
    172,
    173,
    176,
    178,
    181,
    183,
    188,
    189,
    190,
    191,
    193
  ],
  "correct_rate": 51.0,
  "negative_samples_avg_ppl": 64.15102703682396,
  "positive_samples_avg_ppl": 61.771622759055504
}