{
  "correct_idxs": [
    0,
    1,
    2,
    3,
    4,
    8,
    9,
    10,
    11,
    12,
    13,
    14,
    15,
    17,
    18,
    19,
    21,
    22,
    23,
    24,
    25,
    28,
    29,
    31,
    34,
    36,
    37,
    38,
    39,
    40,
    42,
    44,
    46,
    48,
    49,
    51,
    52,
    53,
    57,
    58,
    59,
    60,
    61,
    62,
    63,
    64,
    69,
    70,
    72,
    73,
    74,
    75,
    76,
    77,
    78,
    79,
    81,
    82,
    83,
    84,
    85,
    88,
    91,
    92,
    93,
    94,
    95,
    98,
    103,
    108,
    109,
    110,
    111,
    113,
    115,
    117,
    118,
    124,
    125,
    126,
    129,
    130,
    131,
    132,
    134,
    135,
    136,
    137,
    138,
    139,
    140,
    142,
    144,
    145,
    146,
    147,
    148,
    149,
    150,
    152,
    155,
    157,
    158,
    159,
    162,
    169,
    170,
    171,
    172,
    173,
    174,
    176,
    177,
    182,
    183,
    184,
    185,
    186,
    187,
    188,
    189,
    190,
    191,
    192,
    193,
    194,
    195,
    197,
    198,
    199
  ],
  "correct_rate": 65.0,
  "negative_samples_avg_ppl": 0.5910674673008148,
  "positive_samples_avg_ppl": 0.39423518968327365
}