{
  "correct_idxs": [
    1,
    4,
    8,
    12,
    13,
    14,
    15,
    16,
    18,
    19,
    22,
    23,
    24,
    26,
    27,
    30,
    34,
    35,
    38,
    39,
    40,
    41,
    42,
    47,
    48,
    49,
    53,
    56,
    60,
    61,
    63,
    65,
    66,
    71,
    72,
    73,
    74,
    78,
    82,
    86,
    89,
    91,
    95,
    99,
    100,
    101,
    102,
    103,
    108,
    109,
    110,
    111,
    114,
    115,
    122,
    125,
    128,
    130,
    131,
    132,
    135,
    138,
    139,
    140,
    141,
    142,
    143,
    144,
    145,
    146,
    147,
    148,
    149,
    150,
    155,
    157,
    158,
    160,
    162,
    163,
    164,
    165,
    169,
    170,
    174,
    176,
    177,
    179,
    180,
    182,
    184,
    185,
    186,
    187,
    188,
    190,
    191,
    192,
    193,
    195,
    197,
    198,
    199
  ],
  "correct_rate": 51.5,
  "negative_samples_avg_ppl": 8.228368972694724,
  "positive_samples_avg_ppl": 6.661068659526433
}