{
  "correct_idxs": [],
  "correct_rate": 0.0,
  "negative_samples_avg_ppl": 4.637272642925867,
  "positive_samples_avg_ppl": 4.637272642925867
}