{
  "correct_idxs": [
    1,
    2,
    3,
    4,
    5,
    8,
    11,
    13,
    15,
    16,
    18,
    21,
    23,
    26,
    28,
    30,
    34,
    35,
    38,
    39,
    40,
    43,
    46,
    51,
    60,
    62,
    63,
    64,
    65,
    66,
    67,
    69,
    71,
    74,
    77,
    79,
    81,
    83,
    85,
    86,
    87,
    88,
    90,
    94,
    95,
    96,
    97,
    100,
    101,
    102,
    106,
    107,
    108,
    109,
    110,
    112,
    115,
    116,
    117,
    119,
    120,
    122,
    123,
    124,
    125,
    127,
    130,
    134,
    136,
    138,
    139,
    146,
    147,
    150,
    151,
    152,
    153,
    159,
    164,
    165,
    166,
    167,
    169,
    170,
    173,
    176,
    177,
    178,
    179,
    180,
    183,
    185,
    191,
    192,
    196,
    197,
    198,
    199
  ],
  "correct_rate": 49.0,
  "negative_samples_avg_ppl": 1240.3961848131946,
  "positive_samples_avg_ppl": 1195.1861019942012
}