{
  "correct_idxs": [
    2,
    4,
    9,
    12,
    15,
    16,
    17,
    20,
    21,
    22,
    26,
    32,
    34,
    38,
    39,
    40,
    41,
    42,
    44,
    45,
    46,
    49,
    51,
    57,
    62,
    65,
    67,
    68,
    69,
    70,
    73,
    79,
    80,
    81,
    83,
    84,
    85,
    86,
    87,
    89,
    96,
    97,
    98,
    99,
    100,
    101,
    102,
    104,
    105,
    109,
    110,
    113,
    119,
    120,
    121,
    125,
    126,
    127,
    132,
    138,
    139,
    141,
    142,
    145,
    147,
    151,
    152,
    155,
    160,
    164,
    166,
    168,
    171,
    176,
    177,
    180,
    181,
    182,
    184,
    185,
    189,
    190,
    192,
    194,
    196,
    199
  ],
  "correct_rate": 43.0,
  "negative_samples_avg_ppl": 54.13875062303224,
  "positive_samples_avg_ppl": 61.125658965771066
}