{
  "correct_idxs": [
    1,
    2,
    4,
    5,
    6,
    7,
    8,
    9,
    11,
    14,
    15,
    16,
    20,
    22,
    23,
    24,
    25,
    26,
    28,
    29,
    31,
    33,
    35,
    36,
    38,
    39,
    40,
    41,
    42,
    44,
    45,
    46,
    47,
    51,
    52,
    53,
    56,
    57,
    58,
    60,
    61,
    62,
    63,
    64,
    66,
    70,
    71,
    73,
    77,
    78,
    80,
    81,
    82,
    83,
    84,
    86,
    87,
    89,
    90,
    92,
    93,
    95,
    97,
    98,
    100,
    101,
    103,
    104,
    105,
    106,
    107,
    109,
    110,
    111,
    112,
    113,
    114,
    115,
    116,
    118,
    119,
    120,
    123,
    124,
    126,
    128,
    129,
    130,
    131,
    132,
    134,
    136,
    139,
    141,
    142,
    147,
    148,
    149,
    151,
    152,
    153,
    154,
    156,
    157,
    158,
    159,
    160,
    161,
    162,
    163,
    165,
    166,
    167,
    169,
    170,
    171,
    173,
    176,
    178,
    179,
    180,
    181,
    183,
    184,
    185,
    186,
    189,
    191,
    195,
    196,
    197,
    198
  ],
  "correct_rate": 66.0,
  "negative_samples_avg_ppl": 0.4075497586934783,
  "positive_samples_avg_ppl": 0.3105214993038446
}