{
  "correct_idxs": [
    0,
    2,
    3,
    4,
    6,
    10,
    11,
    13,
    18,
    19,
    21,
    23,
    25,
    26,
    33,
    34,
    35,
    37,
    38,
    39,
    43,
    44,
    45,
    47,
    48,
    49,
    50,
    55,
    57,
    59,
    61,
    63,
    64,
    68,
    69,
    70,
    71,
    72,
    73,
    76,
    77,
    78,
    79,
    81,
    82,
    83,
    84,
    87,
    88,
    89,
    90,
    92,
    93,
    95,
    97,
    98,
    99,
    100,
    102,
    103,
    104,
    106,
    107,
    108,
    113,
    114,
    116,
    117,
    119,
    120,
    121,
    122,
    123,
    126,
    127,
    128,
    130,
    131,
    132,
    133,
    134,
    135,
    139,
    141,
    142,
    143,
    145,
    146,
    148,
    149,
    150,
    151,
    152,
    153,
    154,
    155,
    156,
    159,
    161,
    162,
    164,
    166,
    171,
    172,
    174,
    177,
    179,
    182,
    183,
    184,
    187,
    188,
    189,
    194,
    197,
    198,
    199
  ],
  "correct_rate": 58.5,
  "negative_samples_avg_ppl": 31.42497589116147,
  "positive_samples_avg_ppl": 28.302087413794347
}