{
  "correct_idxs": [
    2,
    3,
    4,
    5,
    7,
    8,
    9,
    11,
    12,
    14,
    16,
    19,
    21,
    22,
    23,
    24,
    25,
    26,
    27,
    28,
    29,
    30,
    31,
    33,
    34,
    35,
    36,
    38,
    39,
    40,
    41,
    43,
    44,
    45,
    46,
    47,
    48,
    54,
    58,
    60,
    61,
    62,
    63,
    65,
    66,
    67,
    71,
    72,
    73,
    74,
    76,
    80,
    82,
    85,
    86,
    88,
    89,
    91,
    92,
    93,
    94,
    95,
    96,
    97,
    98,
    100,
    102,
    103,
    104,
    106,
    108,
    109,
    110,
    111,
    112,
    114,
    115,
    116,
    119,
    122,
    128,
    130,
    131,
    132,
    134,
    135,
    138,
    141,
    143,
    144,
    145,
    146,
    148,
    149,
    150,
    155,
    156,
    157,
    158,
    159,
    160,
    161,
    162,
    163,
    164,
    165,
    168,
    169,
    170,
    171,
    172,
    174,
    176,
    177,
    178,
    179,
    182,
    184,
    185,
    186,
    187,
    195,
    197,
    198,
    199
  ],
  "correct_rate": 62.5,
  "negative_samples_avg_ppl": 8871.211368386475,
  "positive_samples_avg_ppl": 4703.397422361234
}