{
  "correct_idxs": [
    0,
    1,
    2,
    3,
    6,
    9,
    11,
    13,
    14,
    15,
    16,
    17,
    19,
    20,
    21,
    22,
    25,
    26,
    27,
    28,
    29,
    30,
    36,
    37,
    38,
    39,
    40,
    41,
    42,
    43,
    45,
    46,
    47,
    49,
    54,
    55,
    57,
    58,
    60,
    61,
    63,
    65,
    67,
    71,
    72,
    73,
    74,
    75,
    76,
    77,
    78,
    81,
    82,
    86,
    88,
    90,
    92,
    96,
    98,
    100,
    101,
    102,
    105,
    106,
    107,
    108,
    109,
    111,
    112,
    113,
    114,
    118,
    120,
    122,
    124,
    125,
    126,
    128,
    130,
    132,
    133,
    138,
    139,
    140,
    141,
    142,
    144,
    145,
    146,
    148,
    149,
    152,
    153,
    155,
    156,
    157,
    160,
    161,
    162,
    164,
    165,
    166,
    168,
    169,
    170,
    171,
    172,
    173,
    174,
    176,
    178,
    179,
    181,
    182,
    184,
    185,
    186,
    187,
    188,
    189,
    190,
    191,
    193,
    194,
    196,
    198
  ],
  "correct_rate": 63.0,
  "negative_samples_avg_ppl": 38.499894769928076,
  "positive_samples_avg_ppl": 26.806862111307552
}