{
  "correct_idxs": [
    0,
    3,
    4,
    5,
    7,
    9,
    11,
    12,
    13,
    14,
    15,
    16,
    17,
    18,
    19,
    20,
    21,
    22,
    23,
    24,
    26,
    28,
    29,
    32,
    33,
    34,
    35,
    36,
    37,
    38,
    39,
    40,
    41,
    42,
    43,
    45,
    46,
    48,
    49,
    50,
    52,
    54,
    55,
    57,
    58,
    59,
    60,
    61,
    62,
    63,
    64,
    66,
    67,
    68,
    70,
    71,
    72,
    73,
    74,
    75,
    76,
    77,
    78,
    79,
    80,
    81,
    82,
    83,
    84,
    86,
    87,
    88,
    89,
    90,
    92,
    93,
    94,
    95,
    97,
    98,
    100,
    102,
    103,
    104,
    105,
    107,
    108,
    109,
    110,
    111,
    113,
    114,
    115,
    116,
    119,
    121,
    122,
    123,
    124,
    127,
    128,
    129,
    130,
    131,
    132,
    133,
    134,
    135,
    136,
    137,
    138,
    139,
    140,
    141,
    142,
    143,
    144,
    145,
    147,
    149,
    150,
    151,
    152,
    153,
    155,
    157,
    158,
    159,
    160,
    162,
    164,
    165,
    166,
    167,
    168,
    169,
    170,
    171,
    172,
    173,
    174,
    176,
    180,
    182,
    183,
    185,
    186,
    187,
    188,
    191,
    193,
    194,
    195,
    196,
    197,
    198,
    199
  ],
  "correct_rate": 78.5,
  "negative_samples_avg_ppl": 1.2722670977852668,
  "positive_samples_avg_ppl": 0.28599014851565674
}