{
  "correct_idxs": [
    1,
    3,
    4,
    5,
    6,
    11,
    12,
    13,
    14,
    15,
    16,
    20,
    21,
    22,
    23,
    24,
    25,
    28,
    29,
    30,
    31,
    32,
    34,
    36,
    37,
    38,
    39,
    40,
    41,
    42,
    44,
    46,
    48,
    49,
    51,
    53,
    54,
    55,
    56,
    57,
    58,
    59,
    62,
    63,
    64,
    65,
    66,
    67,
    68,
    69,
    70,
    72,
    73,
    74,
    77,
    80,
    82,
    84,
    85,
    86,
    87,
    88,
    89,
    90,
    93,
    95,
    96,
    99,
    101,
    102,
    103,
    105,
    106,
    107,
    108,
    109,
    111,
    113,
    116,
    118,
    120,
    121,
    123,
    125,
    126,
    127,
    128,
    130,
    131,
    132,
    133,
    134,
    137,
    138,
    140,
    141,
    143,
    145,
    146,
    147,
    148,
    150,
    154,
    155,
    158,
    160,
    161,
    166,
    167,
    168,
    169,
    172,
    174,
    175,
    176,
    177,
    184,
    185,
    189,
    190,
    191,
    194,
    195,
    197
  ],
  "correct_rate": 62.0,
  "negative_samples_avg_ppl": 1959.2256990188266,
  "positive_samples_avg_ppl": 1168.8955879151388
}