{
  "correct_idxs": [
    0,
    2,
    4,
    5,
    6,
    8,
    9,
    10,
    11,
    12,
    13,
    17,
    18,
    19,
    21,
    28,
    29,
    33,
    34,
    35,
    36,
    37,
    39,
    40,
    41,
    42,
    43,
    44,
    46,
    50,
    51,
    52,
    53,
    54,
    56,
    58,
    60,
    62,
    64,
    65,
    66,
    67,
    70,
    71,
    74,
    75,
    77,
    79,
    84,
    85,
    87,
    89,
    90,
    92,
    93,
    96,
    98,
    99,
    103,
    104,
    105,
    108,
    109,
    110,
    112,
    114,
    115,
    116,
    125,
    126,
    127,
    128,
    130,
    131,
    132,
    133,
    134,
    137,
    141,
    142,
    143,
    145,
    148,
    150,
    153,
    154,
    155,
    156,
    157,
    161,
    162,
    164,
    165,
    166,
    167,
    168,
    169,
    170,
    174,
    176,
    177,
    179,
    181,
    182,
    183,
    184,
    186,
    190,
    191,
    192,
    199
  ],
  "correct_rate": 55.5,
  "negative_samples_avg_ppl": 273.71307724548507,
  "positive_samples_avg_ppl": 248.34279902133468
}