{
  "correct_idxs": [
    0,
    2,
    4,
    5,
    6,
    8,
    11,
    12,
    13,
    18,
    21,
    22,
    23,
    24,
    25,
    27,
    28,
    29,
    30,
    31,
    33,
    35,
    39,
    40,
    41,
    42,
    43,
    44,
    46,
    49,
    53,
    54,
    55,
    56,
    58,
    59,
    61,
    64,
    66,
    70,
    73,
    74,
    76,
    77,
    78,
    79,
    82,
    83,
    87,
    88,
    90,
    91,
    92,
    93,
    94,
    96,
    97,
    99,
    100,
    101,
    102,
    103,
    106,
    107,
    108,
    109,
    110,
    111,
    112,
    114,
    115,
    117,
    118,
    119,
    122,
    123,
    124,
    125,
    127,
    131,
    132,
    133,
    134,
    135,
    138,
    140,
    141,
    142,
    143,
    145,
    150,
    151,
    152,
    154,
    155,
    157,
    161,
    163,
    165,
    167,
    168,
    169,
    170,
    172,
    173,
    175,
    177,
    180,
    182,
    185,
    186,
    192,
    193,
    194,
    197,
    198,
    199
  ],
  "correct_rate": 58.5,
  "negative_samples_avg_ppl": 15.17565019620311,
  "positive_samples_avg_ppl": 12.032021417163755
}