{
  "correct_idxs": [
    2,
    4,
    5,
    6,
    8,
    11,
    13,
    16,
    23,
    26,
    27,
    29,
    30,
    32,
    34,
    35,
    39,
    45,
    46,
    50,
    51,
    53,
    59,
    60,
    62,
    65,
    66,
    67,
    68,
    71,
    72,
    74,
    75,
    77,
    78,
    79,
    82,
    84,
    85,
    87,
    88,
    90,
    92,
    93,
    94,
    95,
    96,
    97,
    98,
    100,
    101,
    104,
    106,
    109,
    110,
    112,
    114,
    115,
    117,
    119,
    120,
    121,
    122,
    123,
    124,
    125,
    127,
    131,
    134,
    136,
    137,
    139,
    141,
    145,
    150,
    152,
    155,
    157,
    158,
    163,
    164,
    165,
    166,
    169,
    170,
    173,
    174,
    176,
    177,
    178,
    179,
    180,
    181,
    182,
    184,
    185,
    186,
    187,
    191,
    192,
    197,
    198
  ],
  "correct_rate": 51.0,
  "negative_samples_avg_ppl": 121.07995248977193,
  "positive_samples_avg_ppl": 118.92373878511438
}