{
  "correct_idxs": [
    2,
    5,
    6,
    8,
    11,
    13,
    16,
    23,
    26,
    27,
    29,
    30,
    32,
    34,
    35,
    39,
    46,
    49,
    50,
    51,
    53,
    57,
    59,
    60,
    62,
    63,
    64,
    65,
    67,
    68,
    71,
    72,
    75,
    76,
    77,
    78,
    84,
    85,
    87,
    88,
    91,
    92,
    94,
    95,
    97,
    98,
    100,
    103,
    104,
    109,
    110,
    112,
    114,
    115,
    116,
    117,
    119,
    120,
    122,
    123,
    124,
    125,
    127,
    131,
    134,
    136,
    138,
    139,
    141,
    145,
    148,
    150,
    152,
    155,
    157,
    158,
    163,
    164,
    165,
    166,
    168,
    169,
    170,
    173,
    174,
    177,
    178,
    180,
    181,
    182,
    184,
    185,
    186,
    191,
    192,
    194,
    196,
    197,
    198
  ],
  "correct_rate": 49.5,
  "negative_samples_avg_ppl": 112.09358755231311,
  "positive_samples_avg_ppl": 111.12854977758138
}