{
  "correct_idxs": [
    4,
    5,
    6,
    11,
    13,
    14,
    15,
    16,
    17,
    19,
    22,
    24,
    26,
    36,
    37,
    38,
    39,
    42,
    44,
    45,
    49,
    51,
    52,
    53,
    55,
    57,
    58,
    60,
    63,
    64,
    65,
    69,
    71,
    73,
    77,
    79,
    80,
    83,
    86,
    87,
    88,
    89,
    91,
    95,
    96,
    97,
    98,
    100,
    101,
    104,
    105,
    109,
    110,
    113,
    119,
    120,
    122,
    125,
    127,
    130,
    136,
    138,
    139,
    140,
    141,
    152,
    153,
    154,
    156,
    160,
    165,
    168,
    173,
    177,
    180,
    181,
    184,
    185,
    186,
    189,
    192,
    195,
    196,
    199
  ],
  "correct_rate": 42.0,
  "negative_samples_avg_ppl": 42.149320650601744,
  "positive_samples_avg_ppl": 45.009874750721664
}