{
  "correct_idxs": [
    0,
    1,
    3,
    4,
    5,
    6,
    8,
    10,
    14,
    15,
    16,
    17,
    18,
    20,
    21,
    22,
    25,
    27,
    28,
    32,
    33,
    37,
    38,
    44,
    46,
    48,
    50,
    53,
    55,
    58,
    61,
    62,
    68,
    69,
    71,
    73,
    74,
    76,
    77,
    78,
    80,
    81,
    82,
    83,
    84,
    85,
    86,
    87,
    89,
    90,
    91,
    92,
    94,
    96,
    97,
    98,
    103,
    105,
    107,
    108,
    109,
    110,
    112,
    114,
    117,
    118,
    119,
    120,
    125,
    128,
    129,
    130,
    131,
    133,
    134,
    137,
    138,
    139,
    141,
    143,
    148,
    149,
    150,
    152,
    154,
    155,
    156,
    161,
    163,
    166,
    167,
    169,
    173,
    175,
    176,
    177,
    179,
    181,
    182,
    183,
    184,
    185,
    186,
    187,
    190,
    191,
    192,
    193,
    195
  ],
  "correct_rate": 54.5,
  "negative_samples_avg_ppl": 25.381834048536398,
  "positive_samples_avg_ppl": 23.482734434707858
}