{
  "correct_idxs": [
    0,
    5,
    6,
    7,
    10,
    13,
    14,
    16,
    17,
    20,
    21,
    22,
    23,
    25,
    26,
    27,
    28,
    30,
    32,
    33,
    35,
    36,
    38,
    39,
    42,
    43,
    44,
    45,
    47,
    49,
    50,
    51,
    52,
    53,
    55,
    56,
    57,
    63,
    64,
    67,
    68,
    71,
    73,
    75,
    77,
    78,
    80,
    81,
    85,
    87,
    90,
    91,
    92,
    93,
    94,
    95,
    96,
    98,
    99,
    100,
    102,
    104,
    105,
    106,
    108,
    113,
    114,
    115,
    116,
    117,
    118,
    119,
    120,
    121,
    122,
    125,
    126,
    127,
    128,
    129,
    130,
    131,
    134,
    135,
    136,
    140,
    141,
    142,
    143,
    146,
    147,
    148,
    149,
    150,
    153,
    154,
    157,
    158,
    163,
    166,
    167,
    169,
    170,
    173,
    174,
    176,
    178,
    180,
    181,
    182,
    183,
    184,
    185,
    187,
    188,
    189,
    190,
    192,
    194,
    195,
    196,
    198
  ],
  "correct_rate": 61.0,
  "negative_samples_avg_ppl": 5.898486975894792,
  "positive_samples_avg_ppl": 4.431730564803908
}