{
  "correct_idxs": [
    0,
    3,
    5,
    6,
    7,
    11,
    12,
    13,
    14,
    15,
    18,
    19,
    24,
    27,
    30,
    33,
    35,
    36,
    37,
    38,
    41,
    45,
    46,
    48,
    50,
    51,
    52,
    53,
    54,
    56,
    58,
    63,
    65,
    66,
    68,
    69,
    70,
    71,
    72,
    73,
    74,
    76,
    78,
    80,
    81,
    83,
    84,
    86,
    87,
    89,
    90,
    91,
    93,
    95,
    96,
    98,
    99,
    101,
    104,
    107,
    109,
    110,
    111,
    115,
    116,
    117,
    119,
    120,
    122,
    123,
    125,
    127,
    129,
    130,
    132,
    133,
    134,
    135,
    136,
    138,
    141,
    143,
    144,
    152,
    157,
    159,
    162,
    163,
    164,
    165,
    169,
    174,
    178,
    181,
    185,
    186,
    188,
    189,
    192,
    195,
    197
  ],
  "correct_rate": 50.5,
  "negative_samples_avg_ppl": 14.609459578306481,
  "positive_samples_avg_ppl": 13.12678837055491
}