{
  "correct_idxs": [
    1,
    3,
    5,
    7,
    9,
    10,
    12,
    14,
    15,
    18,
    19,
    22,
    23,
    24,
    25,
    26,
    33,
    34,
    35,
    36,
    37,
    39,
    40,
    42,
    43,
    44,
    47,
    48,
    49,
    50,
    52,
    55,
    57,
    59,
    62,
    64,
    70,
    71,
    73,
    74,
    83,
    86,
    88,
    89,
    91,
    94,
    95,
    96,
    97,
    98,
    99,
    100,
    101,
    102,
    104,
    107,
    108,
    109,
    110,
    111,
    112,
    116,
    118,
    120,
    121,
    122,
    123,
    126,
    127,
    128,
    129,
    131,
    132,
    134,
    135,
    139,
    140,
    141,
    142,
    143,
    146,
    148,
    149,
    150,
    153,
    156,
    157,
    158,
    160,
    163,
    165,
    168,
    170,
    171,
    174,
    175,
    176,
    177,
    180,
    182,
    183,
    184,
    185,
    186,
    188,
    189,
    190,
    191,
    195,
    197,
    198
  ],
  "correct_rate": 55.5,
  "negative_samples_avg_ppl": 2.3889677838463688,
  "positive_samples_avg_ppl": 2.365116052206774
}