{
  "correct_idxs": [
    0,
    1,
    2,
    3,
    4,
    5,
    6,
    7,
    8,
    10,
    11,
    12,
    13,
    14,
    16,
    17,
    19,
    20,
    21,
    22,
    23,
    24,
    25,
    26,
    27,
    28,
    29,
    30,
    33,
    34,
    35,
    36,
    38,
    39,
    40,
    41,
    42,
    45,
    46,
    49,
    53,
    54,
    55,
    56,
    57,
    59,
    60,
    61,
    62,
    63,
    64,
    65,
    67,
    70,
    71,
    73,
    74,
    76,
    77,
    78,
    79,
    81,
    85,
    86,
    88,
    89,
    90,
    91,
    93,
    94,
    95,
    96,
    97,
    98,
    99,
    100,
    101,
    103,
    105,
    108,
    110,
    111,
    113,
    114,
    115,
    116,
    117,
    118,
    119,
    120,
    121,
    122,
    125,
    126,
    127,
    128,
    129,
    130,
    131,
    132,
    134,
    135,
    136,
    137,
    138,
    139,
    141,
    142,
    143,
    145,
    146,
    147,
    149,
    151,
    152,
    153,
    154,
    155,
    156,
    158,
    160,
    161,
    162,
    163,
    165,
    166,
    167,
    168,
    169,
    170,
    171,
    172,
    173,
    175,
    176,
    179,
    181,
    183,
    184,
    185,
    186,
    187,
    189,
    190,
    191,
    192,
    193,
    194,
    195,
    197,
    198,
    199
  ],
  "correct_rate": 76.0,
  "negative_samples_avg_ppl": 14.483113839079849,
  "positive_samples_avg_ppl": 8.317862760631284
}