{
  "correct_idxs": [
    1,
    4,
    5,
    6,
    7,
    9,
    10,
    12,
    14,
    17,
    18,
    20,
    21,
    23,
    25,
    28,
    30,
    31,
    33,
    34,
    35,
    37,
    42,
    43,
    44,
    45,
    48,
    51,
    55,
    58,
    59,
    61,
    64,
    66,
    70,
    71,
    73,
    74,
    75,
    77,
    78,
    79,
    81,
    84,
    85,
    87,
    88,
    89,
    94,
    95,
    96,
    99,
    101,
    104,
    105,
    109,
    112,
    113,
    116,
    117,
    119,
    121,
    123,
    124,
    125,
    127,
    130,
    132,
    133,
    134,
    138,
    142,
    147,
    149,
    151,
    152,
    153,
    154,
    159,
    160,
    164,
    165,
    166,
    167,
    168,
    169,
    172,
    173,
    176,
    178,
    179,
    180,
    181,
    184,
    188,
    189,
    190,
    194,
    195,
    196,
    198
  ],
  "correct_rate": 50.5,
  "negative_samples_avg_ppl": 0.09419680072875106,
  "positive_samples_avg_ppl": 0.10444882936462803
}