{
  "correct_idxs": [
    3,
    4,
    5,
    6,
    7,
    8,
    9,
    10,
    13,
    16,
    18,
    22,
    28,
    33,
    34,
    36,
    37,
    39,
    42,
    44,
    45,
    46,
    47,
    48,
    49,
    50,
    52,
    54,
    57,
    59,
    60,
    61,
    62,
    64,
    65,
    68,
    69,
    70,
    71,
    76,
    77,
    78,
    79,
    80,
    81,
    83,
    85,
    87,
    88,
    89,
    90,
    91,
    93,
    94,
    96,
    97,
    98,
    99,
    101,
    103,
    104,
    106,
    108,
    110,
    111,
    112,
    114,
    116,
    117,
    118,
    119,
    121,
    122,
    123,
    128,
    129,
    130,
    131,
    132,
    133,
    136,
    138,
    139,
    140,
    141,
    144,
    145,
    147,
    149,
    150,
    155,
    156,
    157,
    159,
    160,
    161,
    163,
    164,
    165,
    167,
    168,
    169,
    172,
    173,
    177,
    178,
    181,
    183,
    184,
    185,
    187,
    188,
    191,
    192,
    193,
    195
  ],
  "correct_rate": 58.0,
  "negative_samples_avg_ppl": 233.2595484317508,
  "positive_samples_avg_ppl": 208.64342962652825
}