{
  "correct_idxs": [
    0,
    1,
    3,
    4,
    8,
    10,
    11,
    12,
    13,
    14,
    15,
    17,
    21,
    23,
    24,
    25,
    27,
    28,
    29,
    30,
    31,
    32,
    33,
    34,
    36,
    37,
    40,
    41,
    42,
    43,
    44,
    45,
    46,
    47,
    48,
    49,
    50,
    52,
    54,
    55,
    56,
    57,
    58,
    59,
    62,
    63,
    65,
    68,
    69,
    70,
    72,
    73,
    74,
    77,
    78,
    79,
    80,
    81,
    82,
    83,
    84,
    85,
    86,
    87,
    90,
    95,
    96,
    97,
    98,
    99,
    102,
    103,
    104,
    105,
    106,
    108,
    109,
    110,
    111,
    112,
    113,
    115,
    118,
    120,
    122,
    123,
    126,
    128,
    130,
    131,
    132,
    133,
    134,
    137,
    138,
    140,
    141,
    142,
    143,
    148,
    149,
    152,
    153,
    154,
    155,
    156,
    157,
    159,
    161,
    164,
    165,
    166,
    168,
    169,
    171,
    172,
    173,
    174,
    175,
    176,
    177,
    178,
    179,
    181,
    182,
    183,
    185,
    186,
    187,
    188,
    189,
    190,
    192,
    193,
    194,
    195,
    196,
    199
  ],
  "correct_rate": 69.0,
  "negative_samples_avg_ppl": 54.809854825929186,
  "positive_samples_avg_ppl": 39.548543161891274
}