{
  "correct_idxs": [
    0,
    4,
    5,
    6,
    8,
    9,
    10,
    11,
    13,
    14,
    15,
    17,
    18,
    19,
    21,
    22,
    28,
    29,
    30,
    33,
    34,
    35,
    37,
    39,
    40,
    41,
    42,
    43,
    44,
    46,
    50,
    51,
    53,
    54,
    56,
    57,
    58,
    62,
    65,
    67,
    68,
    69,
    70,
    71,
    72,
    73,
    74,
    76,
    77,
    79,
    85,
    87,
    89,
    90,
    91,
    94,
    95,
    96,
    98,
    100,
    101,
    102,
    104,
    108,
    109,
    112,
    113,
    114,
    115,
    116,
    119,
    123,
    127,
    128,
    130,
    132,
    133,
    137,
    139,
    141,
    145,
    146,
    148,
    150,
    152,
    153,
    154,
    156,
    157,
    163,
    164,
    165,
    167,
    169,
    170,
    173,
    174,
    175,
    177,
    179,
    181,
    182,
    183,
    184,
    186,
    187,
    192,
    193,
    197,
    199
  ],
  "correct_rate": 55.0,
  "negative_samples_avg_ppl": 15.943708859381552,
  "positive_samples_avg_ppl": 14.52138806221783
}