{
  "correct_idxs": [
    0,
    2,
    3,
    5,
    6,
    8,
    10,
    11,
    12,
    13,
    14,
    15,
    16,
    17,
    18,
    19,
    21,
    25,
    27,
    29,
    30,
    31,
    33,
    35,
    36,
    37,
    39,
    40,
    41,
    44,
    47,
    48,
    49,
    50,
    52,
    53,
    55,
    58,
    59,
    60,
    62,
    65,
    66,
    70,
    73,
    75,
    77,
    80,
    84,
    85,
    86,
    87,
    91,
    92,
    93,
    95,
    97,
    100,
    104,
    107,
    108,
    109,
    110,
    112,
    117,
    118,
    119,
    120,
    121,
    122,
    124,
    125,
    126,
    130,
    131,
    132,
    134,
    136,
    137,
    138,
    139,
    141,
    146,
    150,
    151,
    153,
    155,
    157,
    158,
    162,
    163,
    164,
    165,
    168,
    170,
    171,
    172,
    173,
    174,
    175,
    176,
    180,
    181,
    186,
    187,
    188,
    190,
    192,
    193,
    195,
    196,
    197,
    198,
    199
  ],
  "correct_rate": 57.0,
  "negative_samples_avg_ppl": 17.7165304751189,
  "positive_samples_avg_ppl": 15.725811120932306
}