{
  "correct_idxs": [
    0,
    3,
    6,
    7,
    8,
    9,
    10,
    11,
    14,
    16,
    18,
    19,
    21,
    25,
    27,
    29,
    30,
    31,
    35,
    36,
    37,
    39,
    40,
    41,
    44,
    47,
    48,
    49,
    50,
    52,
    53,
    54,
    55,
    59,
    60,
    62,
    65,
    66,
    68,
    70,
    73,
    75,
    77,
    80,
    84,
    85,
    86,
    87,
    88,
    91,
    92,
    93,
    97,
    100,
    104,
    105,
    107,
    108,
    109,
    112,
    118,
    120,
    121,
    124,
    125,
    126,
    130,
    131,
    134,
    136,
    137,
    138,
    139,
    141,
    144,
    146,
    150,
    153,
    157,
    158,
    162,
    163,
    164,
    165,
    168,
    170,
    172,
    173,
    174,
    175,
    176,
    178,
    180,
    186,
    187,
    188,
    192,
    193,
    194,
    195,
    196,
    198
  ],
  "correct_rate": 51.0,
  "negative_samples_avg_ppl": 17.717894863510722,
  "positive_samples_avg_ppl": 15.798867180901944
}