{
  "correct_idxs": [
    0,
    3,
    4,
    5,
    6,
    7,
    8,
    11,
    12,
    13,
    14,
    15,
    18,
    21,
    22,
    23,
    25,
    26,
    27,
    28,
    30,
    31,
    33,
    38,
    41,
    42,
    43,
    45,
    46,
    47,
    49,
    50,
    51,
    52,
    55,
    56,
    57,
    59,
    60,
    63,
    64,
    65,
    67,
    68,
    69,
    70,
    71,
    72,
    76,
    78,
    79,
    80,
    81,
    82,
    85,
    87,
    88,
    89,
    91,
    92,
    93,
    94,
    95,
    96,
    97,
    99,
    103,
    104,
    105,
    107,
    108,
    110,
    112,
    114,
    116,
    117,
    118,
    119,
    121,
    122,
    125,
    126,
    128,
    130,
    131,
    132,
    133,
    136,
    140,
    141,
    142,
    143,
    145,
    146,
    148,
    149,
    150,
    153,
    155,
    159,
    160,
    163,
    164,
    166,
    167,
    168,
    169,
    170,
    171,
    172,
    173,
    174,
    175,
    176,
    178,
    179,
    181,
    183,
    184,
    185,
    189,
    192,
    193,
    195,
    197,
    199
  ],
  "correct_rate": 63.0,
  "negative_samples_avg_ppl": 5.449707218378903,
  "positive_samples_avg_ppl": 4.862849134974125
}