{
  "correct_idxs": [
    1,
    2,
    3,
    4,
    5,
    7,
    8,
    10,
    11,
    12,
    13,
    14,
    15,
    16,
    17,
    18,
    19,
    20,
    21,
    22,
    23,
    25,
    28,
    29,
    31,
    33,
    35,
    36,
    37,
    38,
    39,
    40,
    41,
    42,
    43,
    44,
    45,
    46,
    48,
    49,
    51,
    52,
    54,
    56,
    57,
    58,
    59,
    61,
    62,
    63,
    64,
    66,
    67,
    68,
    71,
    72,
    73,
    76,
    77,
    79,
    82,
    83,
    85,
    86,
    89,
    91,
    92,
    93,
    94,
    95,
    96,
    97,
    98,
    99,
    100,
    101,
    102,
    103,
    104,
    105,
    107,
    108,
    109,
    110,
    111,
    112,
    113,
    114,
    115,
    116,
    117,
    118,
    119,
    120,
    121,
    122,
    123,
    124,
    125,
    126,
    127,
    131,
    132,
    135,
    136,
    137,
    138,
    140,
    141,
    142,
    144,
    145,
    146,
    147,
    151,
    152,
    153,
    154,
    156,
    157,
    158,
    159,
    160,
    161,
    162,
    164,
    165,
    167,
    169,
    170,
    171,
    172,
    175,
    180,
    181,
    182,
    183,
    184,
    185,
    186,
    187,
    189,
    190,
    191,
    192,
    194,
    195,
    197,
    198,
    199
  ],
  "correct_rate": 75.0,
  "negative_samples_avg_ppl": 0.8035034829246366,
  "positive_samples_avg_ppl": 0.6971407043902214
}