{
  "correct_idxs": [
    0,
    2,
    3,
    5,
    6,
    9,
    10,
    13,
    14,
    15,
    16,
    17,
    19,
    21,
    23,
    25,
    26,
    28,
    29,
    30,
    31,
    35,
    37,
    39,
    40,
    41,
    42,
    44,
    51,
    52,
    54,
    57,
    58,
    61,
    63,
    64,
    65,
    66,
    67,
    68,
    69,
    73,
    74,
    75,
    76,
    77,
    79,
    82,
    84,
    85,
    87,
    88,
    89,
    90,
    91,
    92,
    93,
    94,
    95,
    97,
    99,
    101,
    102,
    105,
    106,
    107,
    108,
    109,
    110,
    111,
    112,
    113,
    114,
    116,
    118,
    119,
    120,
    122,
    123,
    124,
    125,
    126,
    127,
    128,
    129,
    130,
    132,
    136,
    137,
    138,
    140,
    142,
    143,
    145,
    148,
    149,
    151,
    152,
    153,
    155,
    156,
    157,
    160,
    161,
    162,
    163,
    164,
    165,
    167,
    169,
    170,
    173,
    175,
    176,
    177,
    179,
    180,
    182,
    183,
    184,
    186,
    188,
    191,
    192,
    193,
    194,
    195,
    197,
    198
  ],
  "correct_rate": 64.5,
  "negative_samples_avg_ppl": 192.26789291618203,
  "positive_samples_avg_ppl": 56.225656211423086
}