{
  "correct_idxs": [
    1,
    3,
    6,
    10,
    13,
    14,
    17,
    18,
    19,
    20,
    22,
    23,
    28,
    32,
    33,
    37,
    38,
    41,
    43,
    47,
    50,
    51,
    52,
    53,
    56,
    58,
    59,
    63,
    64,
    67,
    68,
    72,
    73,
    76,
    78,
    79,
    82,
    87,
    90,
    93,
    94,
    101,
    104,
    107,
    113,
    114,
    116,
    119,
    121,
    122,
    123,
    125,
    127,
    128,
    130,
    132,
    137,
    143,
    144,
    145,
    146,
    147,
    149,
    152,
    156,
    158,
    159,
    160,
    162,
    163,
    164,
    166,
    167,
    169,
    170,
    173,
    174,
    175,
    178,
    179,
    180,
    185,
    188,
    189,
    190,
    192,
    193,
    194,
    195
  ],
  "correct_rate": 44.5,
  "negative_samples_avg_ppl": 49.669864429120565,
  "positive_samples_avg_ppl": 54.76798497918555
}