{
  "correct_idxs": [
    0,
    2,
    3,
    4,
    6,
    8,
    9,
    10,
    14,
    17,
    18,
    19,
    20,
    22,
    23,
    26,
    28,
    33,
    36,
    40,
    41,
    42,
    43,
    47,
    48,
    50,
    51,
    52,
    53,
    55,
    58,
    62,
    63,
    64,
    70,
    71,
    72,
    73,
    75,
    76,
    77,
    78,
    79,
    80,
    83,
    84,
    85,
    87,
    90,
    91,
    92,
    93,
    97,
    101,
    103,
    104,
    105,
    107,
    110,
    113,
    115,
    116,
    118,
    119,
    121,
    123,
    125,
    127,
    129,
    131,
    133,
    136,
    137,
    141,
    142,
    144,
    145,
    151,
    152,
    154,
    159,
    160,
    163,
    164,
    167,
    168,
    170,
    173,
    174,
    175,
    177,
    183,
    185,
    186,
    187,
    188,
    190,
    192,
    194,
    195,
    196,
    197,
    199
  ],
  "correct_rate": 51.5,
  "negative_samples_avg_ppl": 52.31086453513206,
  "positive_samples_avg_ppl": 63.355148146631414
}