{
  "correct_idxs": [
    1,
    3,
    4,
    7,
    8,
    9,
    10,
    13,
    15,
    17,
    18,
    19,
    20,
    21,
    22,
    23,
    25,
    26,
    28,
    29,
    30,
    32,
    35,
    37,
    38,
    39,
    40,
    41,
    43,
    45,
    46,
    47,
    48,
    49,
    50,
    51,
    52,
    54,
    55,
    56,
    57,
    58,
    62,
    64,
    66,
    68,
    71,
    72,
    73,
    75,
    76,
    77,
    80,
    81,
    82,
    83,
    84,
    87,
    88,
    90,
    91,
    92,
    93,
    94,
    95,
    96,
    97,
    98,
    100,
    101,
    104,
    105,
    109,
    110,
    112,
    113,
    116,
    117,
    119,
    124,
    128,
    131,
    132,
    133,
    135,
    136,
    137,
    138,
    139,
    140,
    143,
    146,
    147,
    150,
    151,
    152,
    153,
    154,
    155,
    157,
    158,
    160,
    161,
    162,
    164,
    166,
    167,
    169,
    171,
    172,
    176,
    177,
    179,
    180,
    181,
    182,
    183,
    184,
    185,
    186,
    187,
    188,
    189,
    191,
    192,
    193,
    194,
    196,
    197,
    198,
    199
  ],
  "correct_rate": 65.5,
  "negative_samples_avg_ppl": 11.91494737146323,
  "positive_samples_avg_ppl": 5.251879566705249
}