{
  "correct_idxs": [
    0,
    1,
    4,
    5,
    11,
    12,
    13,
    14,
    15,
    16,
    17,
    21,
    22,
    23,
    24,
    25,
    27,
    28,
    29,
    30,
    31,
    32,
    33,
    34,
    35,
    36,
    37,
    39,
    40,
    41,
    42,
    43,
    44,
    45,
    46,
    48,
    49,
    50,
    52,
    53,
    54,
    55,
    56,
    57,
    58,
    59,
    60,
    62,
    63,
    65,
    68,
    69,
    70,
    72,
    73,
    74,
    75,
    78,
    79,
    81,
    82,
    83,
    87,
    90,
    95,
    96,
    97,
    98,
    99,
    102,
    103,
    104,
    105,
    106,
    108,
    109,
    110,
    111,
    112,
    113,
    115,
    120,
    122,
    123,
    128,
    130,
    131,
    132,
    133,
    134,
    137,
    139,
    140,
    141,
    142,
    149,
    152,
    153,
    154,
    155,
    156,
    157,
    159,
    161,
    162,
    164,
    165,
    166,
    168,
    169,
    171,
    172,
    174,
    175,
    176,
    177,
    179,
    181,
    182,
    185,
    186,
    187,
    188,
    189,
    190,
    192,
    193,
    194,
    195,
    196,
    197,
    198,
    199
  ],
  "correct_rate": 66.5,
  "negative_samples_avg_ppl": 95.95240719759678,
  "positive_samples_avg_ppl": 66.80159205732944
}