{
  "correct_idxs": [
    0,
    1,
    5,
    6,
    7,
    11,
    12,
    13,
    14,
    15,
    17,
    18,
    19,
    20,
    23,
    24,
    25,
    26,
    27,
    28,
    30,
    33,
    34,
    35,
    36,
    37,
    38,
    40,
    43,
    46,
    48,
    49,
    50,
    51,
    52,
    53,
    54,
    55,
    56,
    57,
    58,
    60,
    61,
    63,
    65,
    66,
    67,
    69,
    71,
    72,
    73,
    74,
    75,
    76,
    77,
    78,
    80,
    81,
    83,
    84,
    86,
    87,
    88,
    90,
    91,
    93,
    94,
    95,
    96,
    98,
    100,
    101,
    105,
    106,
    107,
    111,
    115,
    117,
    118,
    124,
    126,
    127,
    129,
    130,
    131,
    132,
    133,
    134,
    139,
    141,
    145,
    147,
    148,
    149,
    152,
    153,
    154,
    155,
    156,
    157,
    159,
    163,
    164,
    172,
    174,
    176,
    177,
    178,
    181,
    183,
    185,
    186,
    187,
    188,
    190,
    192,
    193,
    194,
    196
  ],
  "correct_rate": 59.5,
  "negative_samples_avg_ppl": 14.395201368105612,
  "positive_samples_avg_ppl": 11.824392246706154
}