{
  "correct_idxs": [
    1,
    5,
    6,
    7,
    11,
    12,
    13,
    15,
    17,
    18,
    20,
    23,
    24,
    26,
    27,
    28,
    30,
    32,
    33,
    34,
    35,
    36,
    37,
    38,
    40,
    43,
    44,
    46,
    48,
    50,
    51,
    52,
    53,
    54,
    56,
    57,
    58,
    61,
    63,
    65,
    66,
    67,
    69,
    71,
    72,
    73,
    74,
    76,
    77,
    78,
    80,
    81,
    83,
    84,
    86,
    87,
    88,
    90,
    91,
    94,
    96,
    99,
    105,
    106,
    107,
    110,
    111,
    115,
    117,
    123,
    125,
    126,
    127,
    129,
    131,
    132,
    133,
    136,
    141,
    144,
    145,
    147,
    148,
    149,
    152,
    155,
    156,
    159,
    164,
    165,
    171,
    172,
    174,
    176,
    177,
    181,
    183,
    185,
    186,
    188,
    190,
    193,
    194
  ],
  "correct_rate": 51.5,
  "negative_samples_avg_ppl": 12.92844450044078,
  "positive_samples_avg_ppl": 12.309695233277184
}