{
  "correct_idxs": [
    0,
    1,
    2,
    5,
    6,
    8,
    9,
    11,
    12,
    14,
    15,
    16,
    18,
    19,
    22,
    24,
    27,
    30,
    34,
    36,
    40,
    41,
    42,
    43,
    45,
    47,
    49,
    50,
    51,
    52,
    53,
    55,
    56,
    57,
    59,
    61,
    62,
    64,
    65,
    68,
    69,
    72,
    75,
    76,
    79,
    80,
    82,
    85,
    86,
    89,
    92,
    95,
    96,
    98,
    99,
    102,
    103,
    104,
    105,
    106,
    108,
    115,
    116,
    117,
    118,
    120,
    121,
    127,
    128,
    129,
    130,
    131,
    132,
    133,
    134,
    135,
    136,
    137,
    138,
    141,
    143,
    144,
    145,
    146,
    149,
    154,
    155,
    156,
    159,
    162,
    163,
    164,
    165,
    166,
    167,
    168,
    169,
    171,
    172,
    173,
    174,
    175,
    176,
    177,
    178,
    180,
    181,
    182,
    183,
    185,
    186,
    187,
    188,
    192,
    193,
    194,
    196,
    198
  ],
  "correct_rate": 59.0,
  "negative_samples_avg_ppl": 57.11482212153249,
  "positive_samples_avg_ppl": 52.30191702257539
}