{
  "correct_idxs": [
    1,
    2,
    4,
    5,
    7,
    8,
    12,
    14,
    15,
    16,
    17,
    18,
    19,
    20,
    21,
    23,
    24,
    26,
    30,
    31,
    32,
    33,
    37,
    40,
    42,
    43,
    44,
    47,
    48,
    50,
    51,
    52,
    53,
    54,
    56,
    60,
    61,
    62,
    63,
    64,
    65,
    66,
    67,
    68,
    76,
    77,
    81,
    82,
    83,
    85,
    86,
    89,
    92,
    93,
    94,
    95,
    96,
    99,
    101,
    102,
    103,
    106,
    107,
    112,
    114,
    117,
    119,
    120,
    122,
    123,
    127,
    128,
    132,
    138,
    141,
    142,
    151,
    152,
    154,
    163,
    164,
    166,
    167,
    168,
    169,
    170,
    171,
    172,
    173,
    174,
    175,
    176,
    177,
    178,
    179,
    181,
    182,
    186,
    187,
    188,
    190,
    191,
    192,
    194,
    197,
    198
  ],
  "correct_rate": 53.0,
  "negative_samples_avg_ppl": 892.6126611465115,
  "positive_samples_avg_ppl": 887.3203696450191
}