{
  "correct_idxs": [
    0,
    1,
    3,
    4,
    5,
    8,
    10,
    12,
    16,
    17,
    19,
    22,
    25,
    27,
    28,
    29,
    31,
    33,
    35,
    38,
    39,
    41,
    44,
    48,
    50,
    52,
    54,
    57,
    59,
    60,
    62,
    63,
    68,
    69,
    70,
    73,
    74,
    76,
    77,
    78,
    81,
    84,
    85,
    86,
    90,
    94,
    96,
    97,
    101,
    107,
    108,
    109,
    110,
    112,
    114,
    116,
    117,
    118,
    121,
    122,
    124,
    125,
    127,
    128,
    129,
    130,
    131,
    133,
    136,
    137,
    138,
    141,
    143,
    144,
    145,
    148,
    150,
    151,
    152,
    154,
    155,
    156,
    157,
    159,
    161,
    163,
    167,
    169,
    170,
    173,
    176,
    177,
    181,
    183,
    184,
    185,
    186,
    191,
    192,
    193,
    196
  ],
  "correct_rate": 50.5,
  "negative_samples_avg_ppl": 6.755113938471296,
  "positive_samples_avg_ppl": 7.014883669764292
}