{
  "correct_idxs": [
    0,
    1,
    2,
    3,
    4,
    6,
    7,
    8,
    9,
    10,
    11,
    12,
    15,
    16,
    17,
    18,
    19,
    24,
    27,
    28,
    30,
    31,
    32,
    33,
    34,
    36,
    39,
    43,
    45,
    46,
    48,
    49,
    54,
    56,
    57,
    58,
    59,
    60,
    62,
    64,
    67,
    69,
    70,
    74,
    75,
    76,
    78,
    82,
    84,
    87,
    90,
    91,
    93,
    95,
    96,
    97,
    98,
    99,
    100,
    103,
    104,
    106,
    107,
    111,
    112,
    113,
    116,
    117,
    119,
    120,
    122,
    123,
    124,
    126,
    127,
    128,
    131,
    134,
    135,
    138,
    139,
    140,
    141,
    144,
    145,
    146,
    148,
    149,
    150,
    154,
    156,
    158,
    160,
    162,
    164,
    166,
    168,
    169,
    170,
    172,
    173,
    177,
    179,
    180,
    181,
    183,
    185,
    189,
    192,
    193,
    194,
    195,
    196,
    197,
    198,
    199
  ],
  "correct_rate": 58.0,
  "negative_samples_avg_ppl": 0.7264676216405261,
  "positive_samples_avg_ppl": 0.6386548040126873
}