{
  "correct_idxs": [
    0,
    2,
    3,
    6,
    7,
    8,
    9,
    11,
    12,
    13,
    14,
    15,
    16,
    18,
    19,
    20,
    21,
    22,
    24,
    25,
    26,
    27,
    28,
    29,
    30,
    33,
    34,
    35,
    36,
    37,
    39,
    40,
    44,
    46,
    47,
    48,
    49,
    50,
    51,
    53,
    55,
    56,
    57,
    58,
    59,
    60,
    61,
    62,
    63,
    64,
    65,
    67,
    68,
    69,
    70,
    71,
    74,
    77,
    78,
    79,
    80,
    81,
    82,
    83,
    84,
    85,
    86,
    87,
    88,
    89,
    90,
    91,
    92,
    93,
    94,
    95,
    96,
    97,
    98,
    100,
    102,
    103,
    104,
    105,
    106,
    107,
    108,
    110,
    112,
    114,
    116,
    117,
    118,
    119,
    120,
    121,
    122,
    123,
    124,
    125,
    126,
    127,
    128,
    129,
    131,
    132,
    133,
    134,
    135,
    136,
    137,
    140,
    141,
    142,
    143,
    144,
    145,
    146,
    147,
    148,
    149,
    150,
    151,
    152,
    153,
    154,
    155,
    156,
    157,
    158,
    160,
    161,
    162,
    163,
    164,
    165,
    167,
    168,
    170,
    171,
    172,
    173,
    174,
    175,
    178,
    179,
    180,
    181,
    182,
    183,
    184,
    188,
    189,
    191,
    192,
    193,
    194,
    195,
    196,
    197,
    198
  ],
  "correct_rate": 80.5,
  "negative_samples_avg_ppl": 1289.3449182581105,
  "positive_samples_avg_ppl": 600.8907762347909
}