{
  "correct_idxs": [
    1,
    3,
    7,
    11,
    12,
    13,
    15,
    18,
    23,
    25,
    26,
    29,
    32,
    33,
    34,
    37,
    39,
    40,
    42,
    44,
    47,
    50,
    54,
    56,
    58,
    59,
    60,
    61,
    62,
    63,
    65,
    66,
    67,
    68,
    71,
    72,
    73,
    74,
    78,
    79,
    83,
    85,
    88,
    89,
    91,
    94,
    95,
    97,
    98,
    103,
    109,
    110,
    111,
    112,
    127,
    131,
    132,
    133,
    137,
    138,
    139,
    140,
    142,
    143,
    144,
    147,
    148,
    150,
    151,
    154,
    155,
    156,
    158,
    159,
    161,
    168,
    174,
    176,
    182,
    187,
    188,
    189,
    190,
    191,
    192,
    193,
    195,
    196,
    198
  ],
  "correct_rate": 45.25,
  "negative_samples_avg_ppl": 6.200834654276274,
  "positive_samples_avg_ppl": 9.965679390960617
}