{
  "correct_idxs": [
    0,
    2,
    3,
    6,
    10,
    11,
    13,
    14,
    15,
    17,
    18,
    19,
    21,
    22,
    23,
    25,
    26,
    28,
    29,
    31,
    32,
    35,
    37,
    39,
    42,
    43,
    44,
    45,
    46,
    49,
    52,
    53,
    54,
    57,
    59,
    63,
    65,
    66,
    67,
    68,
    70,
    72,
    73,
    76,
    77,
    81,
    82,
    87,
    88,
    90,
    93,
    94,
    95,
    96,
    97,
    99,
    101,
    102,
    103,
    105,
    106,
    109,
    110,
    112,
    113,
    114,
    116,
    117,
    121,
    124,
    125,
    127,
    129,
    131,
    133,
    137,
    139,
    140,
    141,
    142,
    145,
    147,
    149,
    155,
    157,
    158,
    159,
    161,
    162,
    163,
    166,
    167,
    171,
    172,
    175,
    176,
    180,
    183,
    184,
    185,
    187,
    188,
    190,
    191,
    192,
    193,
    195,
    196,
    199
  ],
  "correct_rate": 54.5,
  "negative_samples_avg_ppl": 0.8219837851039326,
  "positive_samples_avg_ppl": 0.8000959124551623
}