{
  "correct_idxs": [
    1,
    2,
    3,
    4,
    5,
    7,
    8,
    10,
    11,
    12,
    14,
    15,
    19,
    20,
    21,
    22,
    23,
    25,
    28,
    29,
    30,
    31,
    33,
    34,
    36,
    37,
    38,
    42,
    45,
    48,
    49,
    51,
    52,
    54,
    55,
    56,
    58,
    60,
    61,
    62,
    63,
    66,
    68,
    71,
    72,
    73,
    74,
    76,
    77,
    79,
    82,
    83,
    84,
    85,
    86,
    91,
    92,
    94,
    95,
    96,
    98,
    99,
    100,
    101,
    102,
    103,
    107,
    108,
    109,
    110,
    111,
    112,
    113,
    114,
    115,
    116,
    117,
    118,
    120,
    122,
    123,
    124,
    125,
    126,
    129,
    130,
    131,
    132,
    134,
    136,
    137,
    139,
    140,
    142,
    143,
    144,
    145,
    153,
    155,
    157,
    158,
    160,
    161,
    162,
    163,
    164,
    167,
    168,
    169,
    170,
    171,
    172,
    175,
    177,
    178,
    180,
    181,
    182,
    183,
    184,
    185,
    186,
    187,
    189,
    191,
    192,
    194,
    195,
    196,
    198,
    199
  ],
  "correct_rate": 65.5,
  "negative_samples_avg_ppl": 0.7210355145833514,
  "positive_samples_avg_ppl": 0.618811651378863
}