{
  "correct_idxs": [
    4,
    5,
    6,
    7,
    8,
    10,
    11,
    12,
    16,
    17,
    18,
    19,
    21,
    23,
    24,
    25,
    27,
    28,
    29,
    30,
    34,
    39,
    42,
    44,
    46,
    50,
    52,
    54,
    55,
    61,
    62,
    64,
    66,
    67,
    69,
    74,
    76,
    78,
    80,
    81,
    89,
    90,
    92,
    93,
    94,
    95,
    96,
    97,
    98,
    101,
    102,
    103,
    107,
    109,
    110,
    111,
    113,
    115,
    117,
    119,
    120,
    122,
    123,
    124,
    125,
    127,
    131,
    133,
    134,
    135,
    136,
    137,
    138,
    140,
    144,
    145,
    146,
    148,
    150,
    151,
    152,
    161,
    163,
    164,
    166,
    167,
    169,
    172,
    173,
    174,
    180,
    181,
    184,
    185,
    186,
    190,
    191,
    192,
    194,
    197
  ],
  "correct_rate": 50.0,
  "negative_samples_avg_ppl": 0.4121076753406618,
  "positive_samples_avg_ppl": 0.3422521780677501
}