{
  "correct_idxs": [
    0,
    1,
    2,
    4,
    5,
    6,
    8,
    9,
    12,
    13,
    15,
    16,
    17,
    19,
    21,
    25,
    27,
    28,
    29,
    32,
    35,
    38,
    39,
    44,
    46,
    48,
    54,
    57,
    60,
    62,
    63,
    68,
    69,
    74,
    76,
    78,
    80,
    81,
    83,
    86,
    87,
    91,
    92,
    93,
    94,
    96,
    97,
    99,
    101,
    103,
    105,
    108,
    109,
    110,
    111,
    112,
    114,
    118,
    119,
    121,
    124,
    125,
    127,
    128,
    129,
    130,
    131,
    136,
    137,
    138,
    141,
    143,
    144,
    145,
    150,
    151,
    152,
    154,
    155,
    156,
    157,
    159,
    163,
    167,
    170,
    171,
    173,
    175,
    176,
    177,
    179,
    183,
    184,
    185,
    189,
    190,
    193
  ],
  "correct_rate": 48.5,
  "negative_samples_avg_ppl": 13.697263248803345,
  "positive_samples_avg_ppl": 14.044725128917525
}