{
  "correct_idxs": [
    0,
    2,
    6,
    7,
    8,
    9,
    11,
    13,
    17,
    18,
    20,
    22,
    23,
    25,
    26,
    27,
    29,
    33,
    35,
    37,
    38,
    40,
    42,
    45,
    46,
    47,
    50,
    51,
    52,
    54,
    56,
    59,
    61,
    62,
    63,
    64,
    65,
    66,
    67,
    68,
    71,
    73,
    74,
    76,
    80,
    82,
    83,
    84,
    85,
    86,
    87,
    88,
    89,
    92,
    93,
    94,
    98,
    99,
    100,
    101,
    102,
    103,
    104,
    105,
    106,
    108,
    112,
    114,
    118,
    120,
    121,
    122,
    123,
    125,
    127,
    128,
    129,
    130,
    131,
    132,
    133,
    134,
    135,
    136,
    137,
    143,
    144,
    145,
    146,
    147,
    149,
    150,
    151,
    153,
    154,
    160,
    162,
    165,
    166,
    167,
    168,
    169,
    171,
    172,
    174,
    177,
    178,
    180,
    185,
    187,
    189,
    191,
    196,
    197
  ],
  "correct_rate": 57.0,
  "negative_samples_avg_ppl": 0.9432611834937892,
  "positive_samples_avg_ppl": 0.8573127473174277
}