{
  "correct_idxs": [
    0,
    2,
    3,
    5,
    6,
    7,
    8,
    9,
    10,
    11,
    12,
    14,
    16,
    17,
    20,
    21,
    24,
    26,
    27,
    28,
    31,
    32,
    33,
    34,
    36,
    37,
    38,
    40,
    42,
    43,
    44,
    45,
    46,
    47,
    48,
    49,
    50,
    51,
    52,
    53,
    55,
    59,
    60,
    61,
    66,
    67,
    69,
    70,
    71,
    72,
    73,
    74,
    77,
    78,
    79,
    82,
    84,
    85,
    88,
    89,
    91,
    95,
    96,
    97,
    98,
    99,
    101,
    103,
    104,
    106,
    108,
    110,
    111,
    112,
    113,
    114,
    115,
    116,
    117,
    118,
    120,
    121,
    122,
    123,
    125,
    126,
    127,
    129,
    130,
    131,
    132,
    134,
    135,
    136,
    140,
    141,
    142,
    145,
    146,
    148,
    154,
    156,
    158,
    159,
    161,
    162,
    163,
    165,
    167,
    169,
    170,
    171,
    172,
    174,
    175,
    176,
    177,
    178,
    179,
    180,
    181,
    182,
    183,
    185,
    186,
    187,
    189,
    190,
    192,
    195,
    196,
    197,
    199
  ],
  "correct_rate": 66.5,
  "negative_samples_avg_ppl": 3.82816528164207,
  "positive_samples_avg_ppl": 3.4569851222177572
}