{
  "correct_idxs": [
    0,
    1,
    2,
    4,
    5,
    8,
    11,
    13,
    21,
    23,
    26,
    29,
    30,
    34,
    35,
    36,
    39,
    40,
    46,
    48,
    51,
    54,
    57,
    59,
    60,
    62,
    63,
    64,
    65,
    66,
    69,
    71,
    72,
    73,
    74,
    79,
    85,
    86,
    87,
    91,
    93,
    94,
    97,
    103,
    104,
    105,
    106,
    107,
    108,
    109,
    110,
    112,
    113,
    117,
    119,
    120,
    121,
    122,
    123,
    124,
    125,
    127,
    129,
    134,
    136,
    137,
    138,
    139,
    141,
    143,
    145,
    148,
    150,
    151,
    152,
    155,
    158,
    161,
    163,
    164,
    165,
    166,
    167,
    169,
    170,
    172,
    173,
    176,
    177,
    178,
    179,
    180,
    183,
    184,
    185,
    186,
    192,
    197,
    198
  ],
  "correct_rate": 49.5,
  "negative_samples_avg_ppl": 64.83409405505869,
  "positive_samples_avg_ppl": 66.17572283339966
}