{
  "correct_idxs": [
    1,
    2,
    3,
    4,
    5,
    6,
    8,
    9,
    11,
    13,
    15,
    18,
    19,
    20,
    22,
    27,
    28,
    30,
    35,
    36,
    39,
    40,
    41,
    46,
    47,
    49,
    51,
    53,
    55,
    56,
    57,
    59,
    60,
    62,
    63,
    67,
    69,
    71,
    72,
    75,
    76,
    77,
    79,
    83,
    84,
    85,
    86,
    87,
    88,
    90,
    91,
    92,
    95,
    97,
    98,
    102,
    104,
    105,
    107,
    108,
    110,
    112,
    115,
    116,
    119,
    121,
    123,
    125,
    127,
    128,
    131,
    132,
    133,
    134,
    135,
    136,
    138,
    139,
    140,
    144,
    147,
    149,
    150,
    151,
    152,
    153,
    155,
    156,
    157,
    161,
    164,
    167,
    169,
    173,
    174,
    177,
    178,
    179,
    180,
    181,
    182,
    183,
    184,
    185,
    187,
    188,
    191,
    196,
    197
  ],
  "correct_rate": 54.5,
  "negative_samples_avg_ppl": 51.02448290104474,
  "positive_samples_avg_ppl": 39.55120225958668
}