{
  "correct_idxs": [
    3,
    5,
    8,
    10,
    12,
    13,
    15,
    16,
    17,
    18,
    19,
    22,
    23,
    24,
    25,
    26,
    28,
    32,
    34,
    36,
    37,
    38,
    39,
    40,
    41,
    42,
    45,
    46,
    47,
    48,
    50,
    52,
    53,
    54,
    55,
    57,
    59,
    61,
    66,
    68,
    70,
    71,
    73,
    76,
    78,
    79,
    81,
    84,
    85,
    87,
    89,
    90,
    91,
    92,
    93,
    94,
    96,
    97,
    99,
    103,
    104,
    109,
    110,
    111,
    112,
    114,
    118,
    119,
    120,
    123,
    125,
    126,
    127,
    128,
    130,
    131,
    133,
    134,
    136,
    137,
    138,
    139,
    140,
    141,
    143,
    144,
    145,
    147,
    148,
    149,
    150,
    151,
    153,
    154,
    157,
    158,
    159,
    160,
    161,
    164,
    165,
    166,
    168,
    169,
    170,
    172,
    173,
    174,
    175,
    179,
    180,
    181,
    184,
    185,
    187,
    188,
    189,
    191,
    192,
    193,
    194,
    195,
    196,
    197,
    198,
    199
  ],
  "correct_rate": 63.0,
  "negative_samples_avg_ppl": 75.44589344459372,
  "positive_samples_avg_ppl": 62.93282635686711
}