{
  "correct_idxs": [
    0,
    2,
    3,
    5,
    6,
    7,
    8,
    9,
    10,
    12,
    14,
    15,
    16,
    18,
    22,
    23,
    24,
    28,
    34,
    37,
    38,
    39,
    41,
    43,
    45,
    47,
    48,
    49,
    50,
    52,
    54,
    57,
    58,
    61,
    62,
    63,
    65,
    66,
    68,
    69,
    71,
    72,
    73,
    75,
    76,
    78,
    81,
    82,
    85,
    87,
    89,
    90,
    91,
    93,
    94,
    95,
    96,
    97,
    99,
    101,
    103,
    106,
    107,
    108,
    111,
    114,
    116,
    118,
    120,
    122,
    123,
    124,
    125,
    127,
    128,
    130,
    131,
    132,
    134,
    136,
    137,
    138,
    139,
    140,
    141,
    144,
    146,
    147,
    148,
    149,
    150,
    153,
    154,
    156,
    157,
    158,
    159,
    164,
    165,
    167,
    168,
    169,
    170,
    172,
    175,
    176,
    179,
    180,
    181,
    183,
    184,
    185,
    187,
    188,
    191,
    193,
    195
  ],
  "correct_rate": 58.5,
  "negative_samples_avg_ppl": 21.3207303006544,
  "positive_samples_avg_ppl": 19.838965252666387
}