{
  "correct_idxs": [
    0,
    1,
    2,
    3,
    4,
    6,
    7,
    8,
    9,
    11,
    12,
    14,
    18,
    21,
    24,
    26,
    27,
    28,
    29,
    30,
    32,
    33,
    34,
    36,
    37,
    38,
    40,
    41,
    42,
    43,
    44,
    45,
    48,
    51,
    52,
    55,
    56,
    59,
    60,
    61,
    62,
    63,
    65,
    70,
    71,
    72,
    73,
    74,
    79,
    80,
    82,
    84,
    85,
    91,
    96,
    97,
    98,
    102,
    103,
    104,
    106,
    108,
    109,
    110,
    111,
    112,
    113,
    115,
    117,
    120,
    121,
    126,
    127,
    128,
    130,
    132,
    133,
    134,
    135,
    136,
    140,
    141,
    143,
    145,
    148,
    150,
    152,
    153,
    154,
    155,
    156,
    157,
    159,
    162,
    164,
    165,
    166,
    168,
    169,
    170,
    171,
    172,
    173,
    175,
    176,
    177,
    179,
    181,
    182,
    183,
    184,
    185,
    186,
    189,
    190,
    191,
    194,
    195,
    198,
    199
  ],
  "correct_rate": 60.0,
  "negative_samples_avg_ppl": 7.496259735524471,
  "positive_samples_avg_ppl": 6.4227118208273115
}