{
  "correct_idxs": [
    0,
    4,
    5,
    6,
    7,
    9,
    13,
    14,
    15,
    20,
    21,
    22,
    23,
    26,
    27,
    28,
    31,
    36,
    37,
    38,
    39,
    42,
    44,
    45,
    46,
    48,
    51,
    54,
    55,
    57,
    58,
    60,
    61,
    62,
    64,
    67,
    68,
    70,
    71,
    72,
    73,
    74,
    77,
    78,
    80,
    81,
    82,
    83,
    86,
    88,
    90,
    91,
    92,
    93,
    94,
    98,
    99,
    100,
    101,
    102,
    103,
    104,
    106,
    109,
    110,
    112,
    113,
    115,
    116,
    118,
    119,
    120,
    122,
    123,
    127,
    130,
    131,
    133,
    134,
    138,
    142,
    143,
    145,
    146,
    147,
    152,
    154,
    155,
    156,
    157,
    158,
    159,
    162,
    163,
    167,
    168,
    169,
    170,
    171,
    172,
    174,
    175,
    177,
    179,
    182,
    185,
    186,
    188,
    189,
    191,
    193,
    196,
    198,
    199
  ],
  "correct_rate": 57.0,
  "negative_samples_avg_ppl": 8.997728276291559,
  "positive_samples_avg_ppl": 8.348819419521403
}