{
  "correct_idxs": [
    0,
    1,
    2,
    3,
    6,
    7,
    8,
    9,
    10,
    14,
    21,
    22,
    24,
    26,
    27,
    28,
    32,
    34,
    36,
    37,
    38,
    39,
    40,
    42,
    44,
    45,
    47,
    50,
    51,
    52,
    53,
    54,
    55,
    57,
    59,
    60,
    61,
    64,
    66,
    67,
    68,
    69,
    70,
    71,
    72,
    73,
    74,
    76,
    77,
    78,
    79,
    83,
    84,
    86,
    87,
    88,
    89,
    91,
    92,
    93,
    96,
    97,
    102,
    103,
    104,
    109,
    110,
    111,
    112,
    113,
    114,
    115,
    116,
    118,
    120,
    126,
    127,
    128,
    132,
    133,
    134,
    137,
    138,
    140,
    141,
    144,
    145,
    146,
    147,
    149,
    154,
    156,
    158,
    159,
    160,
    161,
    163,
    164,
    165,
    166,
    170,
    174,
    175,
    178,
    179,
    180,
    181,
    182,
    183,
    184,
    185,
    186,
    187,
    188,
    189,
    190,
    192,
    195,
    196,
    197,
    198,
    199
  ],
  "correct_rate": 61.0,
  "negative_samples_avg_ppl": 31.78001564337013,
  "positive_samples_avg_ppl": 22.791998531379942
}