{
  "correct_idxs": [
    1,
    4,
    5,
    8,
    11,
    13,
    18,
    23,
    26,
    27,
    29,
    30,
    33,
    34,
    35,
    36,
    38,
    42,
    45,
    46,
    48,
    50,
    51,
    53,
    54,
    55,
    57,
    59,
    60,
    61,
    64,
    65,
    66,
    69,
    71,
    72,
    73,
    74,
    75,
    76,
    78,
    79,
    80,
    81,
    83,
    85,
    86,
    88,
    91,
    92,
    93,
    94,
    97,
    98,
    100,
    101,
    102,
    103,
    104,
    105,
    106,
    107,
    110,
    112,
    113,
    114,
    115,
    116,
    117,
    119,
    123,
    124,
    125,
    129,
    133,
    134,
    135,
    138,
    139,
    140,
    141,
    142,
    145,
    146,
    147,
    150,
    155,
    158,
    159,
    160,
    161,
    163,
    167,
    168,
    170,
    171,
    172,
    173,
    174,
    176,
    177,
    180,
    184,
    185,
    188,
    191,
    192,
    193,
    194,
    197,
    198
  ],
  "correct_rate": 55.5,
  "negative_samples_avg_ppl": 19612.204266792447,
  "positive_samples_avg_ppl": 15458.36399416894
}