{
  "correct_idxs": [
    1,
    2,
    3,
    5,
    7,
    8,
    9,
    10,
    11,
    12,
    13,
    16,
    21,
    22,
    28,
    30,
    31,
    34,
    35,
    36,
    37,
    38,
    39,
    42,
    43,
    44,
    45,
    48,
    55,
    57,
    63,
    67,
    68,
    69,
    70,
    71,
    77,
    83,
    85,
    87,
    89,
    91,
    92,
    94,
    95,
    98,
    101,
    102,
    107,
    108,
    115,
    117,
    122,
    123,
    128,
    135,
    136,
    138,
    139,
    140,
    141,
    142,
    143,
    148,
    150,
    151,
    153,
    154,
    155,
    156,
    159,
    161,
    167,
    171,
    173,
    174,
    175,
    178,
    179,
    180,
    181,
    183,
    184,
    187,
    189,
    191,
    192,
    197,
    199
  ],
  "correct_rate": 50.0,
  "negative_samples_avg_ppl": 2.83289244730651,
  "positive_samples_avg_ppl": 2.7578048813353795
}