{
  "correct_idxs": [
    1,
    4,
    5,
    6,
    7,
    9,
    10,
    15,
    16,
    18,
    20,
    21,
    26,
    30,
    31,
    32,
    34,
    35,
    36,
    37,
    38,
    39,
    40,
    41,
    43,
    46,
    47,
    48,
    49,
    50,
    51,
    52,
    57,
    60,
    61,
    62,
    64,
    65,
    67,
    68,
    71,
    73,
    74,
    75,
    78,
    80,
    81,
    82,
    87,
    88,
    91,
    93,
    97,
    99,
    100,
    101,
    102,
    103,
    104,
    105,
    106,
    111,
    112,
    115,
    116,
    118,
    120,
    121,
    123,
    126,
    129,
    130,
    132,
    133,
    134,
    135,
    138,
    141,
    142,
    143,
    144,
    145,
    146,
    147,
    152,
    154,
    155,
    158,
    159,
    160,
    162,
    163,
    165,
    167,
    169,
    172,
    174,
    175,
    176,
    177,
    178,
    179,
    180,
    181,
    182,
    186,
    189,
    192,
    193,
    199
  ],
  "correct_rate": 55.0,
  "negative_samples_avg_ppl": 0.7862705510724368,
  "positive_samples_avg_ppl": 0.7368733371096164
}