{
  "correct_idxs": [
    2,
    4,
    5,
    6,
    7,
    8,
    11,
    13,
    16,
    17,
    18,
    23,
    26,
    27,
    29,
    30,
    32,
    34,
    35,
    39,
    46,
    48,
    50,
    51,
    54,
    57,
    59,
    60,
    63,
    64,
    65,
    67,
    72,
    74,
    75,
    76,
    79,
    84,
    85,
    86,
    87,
    88,
    89,
    91,
    92,
    93,
    94,
    95,
    97,
    98,
    100,
    101,
    104,
    108,
    109,
    112,
    114,
    115,
    116,
    117,
    119,
    120,
    121,
    122,
    123,
    124,
    125,
    131,
    134,
    136,
    137,
    138,
    139,
    140,
    141,
    145,
    150,
    151,
    152,
    155,
    158,
    161,
    164,
    165,
    166,
    167,
    169,
    170,
    173,
    174,
    176,
    177,
    180,
    181,
    182,
    184,
    185,
    186,
    188,
    191,
    192,
    194,
    196,
    197,
    198
  ],
  "correct_rate": 52.5,
  "negative_samples_avg_ppl": 66.64330880688887,
  "positive_samples_avg_ppl": 65.15510688728232
}