{
  "correct_idxs": [
    0,
    6,
    7,
    11,
    13,
    17,
    21,
    23,
    25,
    28,
    29,
    31,
    34,
    35,
    38,
    41,
    42,
    44,
    45,
    49,
    50,
    51,
    52,
    53,
    56,
    57,
    59,
    60,
    61,
    62,
    65,
    71,
    74,
    75,
    78,
    79,
    82,
    83,
    84,
    85,
    87,
    90,
    94,
    96,
    97,
    98,
    101,
    103,
    104,
    105,
    107,
    108,
    109,
    113,
    119,
    120,
    121,
    123,
    124,
    125,
    126,
    127,
    128,
    130,
    132,
    135,
    137,
    140,
    141,
    142,
    143,
    146,
    149,
    150,
    151,
    152,
    155,
    156,
    165,
    167,
    169,
    173,
    174,
    176,
    179,
    180,
    182,
    184,
    186,
    187,
    188,
    189,
    191,
    192,
    194
  ],
  "correct_rate": 47.5,
  "negative_samples_avg_ppl": 6.750114639004953,
  "positive_samples_avg_ppl": 7.267525353483827
}