{
  "correct_idxs": [
    0,
    1,
    3,
    4,
    5,
    6,
    7,
    8,
    9,
    10,
    11,
    12,
    13,
    14,
    20,
    21,
    22,
    23,
    24,
    25,
    27,
    28,
    29,
    30,
    31,
    32,
    33,
    34,
    36,
    37,
    38,
    40,
    42,
    43,
    44,
    45,
    47,
    48,
    49,
    50,
    51,
    52,
    53,
    55,
    56,
    57,
    58,
    59,
    60,
    61,
    62,
    65,
    68,
    69,
    70,
    72,
    73,
    74,
    75,
    77,
    79,
    80,
    84,
    85,
    88,
    90,
    91,
    93,
    95,
    96,
    98,
    99,
    100,
    102,
    103,
    104,
    105,
    106,
    108,
    109,
    110,
    111,
    112,
    113,
    114,
    115,
    116,
    117,
    118,
    120,
    121,
    122,
    123,
    125,
    126,
    127,
    128,
    129,
    130,
    131,
    132,
    133,
    134,
    136,
    138,
    140,
    141,
    143,
    144,
    147,
    148,
    149,
    150,
    152,
    153,
    154,
    155,
    156,
    157,
    158,
    161,
    163,
    164,
    165,
    166,
    168,
    169,
    170,
    171,
    172,
    173,
    174,
    176,
    177,
    179,
    181,
    182,
    183,
    185,
    187,
    188,
    189,
    190,
    191,
    192,
    193,
    194,
    195,
    196,
    197,
    198,
    199
  ],
  "correct_rate": 76.0,
  "negative_samples_avg_ppl": 225.898312495837,
  "positive_samples_avg_ppl": 121.37354606746104
}