{
  "correct_idxs": [
    0,
    1,
    2,
    6,
    8,
    9,
    10,
    11,
    15,
    17,
    19,
    20,
    21,
    22,
    24,
    26,
    27,
    30,
    32,
    33,
    34,
    35,
    37,
    38,
    39,
    40,
    41,
    43,
    45,
    49,
    50,
    52,
    53,
    55,
    58,
    59,
    60,
    61,
    62,
    63,
    64,
    65,
    66,
    67,
    68,
    69,
    70,
    71,
    72,
    74,
    76,
    77,
    80,
    81,
    82,
    83,
    84,
    85,
    86,
    88,
    89,
    90,
    93,
    96,
    98,
    99,
    100,
    102,
    105,
    107,
    109,
    112,
    113,
    114,
    115,
    116,
    117,
    118,
    119,
    120,
    123,
    124,
    125,
    127,
    129,
    130,
    131,
    133,
    134,
    135,
    137,
    139,
    142,
    143,
    144,
    145,
    146,
    149,
    150,
    152,
    153,
    154,
    155,
    156,
    158,
    159,
    160,
    161,
    162,
    163,
    165,
    167,
    168,
    169,
    170,
    171,
    172,
    174,
    177,
    179,
    180,
    182,
    184,
    185,
    186,
    187,
    189,
    191,
    192,
    193,
    194,
    195,
    196,
    197
  ],
  "correct_rate": 67.0,
  "negative_samples_avg_ppl": 150.11263580335344,
  "positive_samples_avg_ppl": 76.33908420392585
}