{
  "correct_idxs": [
    2,
    3,
    4,
    5,
    8,
    11,
    13,
    16,
    22,
    23,
    28,
    29,
    30,
    33,
    34,
    35,
    37,
    38,
    39,
    40,
    46,
    54,
    58,
    59,
    60,
    62,
    64,
    66,
    67,
    69,
    71,
    72,
    73,
    74,
    77,
    79,
    85,
    86,
    87,
    88,
    95,
    97,
    100,
    104,
    106,
    107,
    108,
    109,
    110,
    112,
    113,
    114,
    116,
    117,
    119,
    120,
    122,
    124,
    125,
    127,
    129,
    135,
    136,
    137,
    138,
    139,
    140,
    141,
    147,
    148,
    150,
    151,
    152,
    153,
    155,
    157,
    161,
    163,
    164,
    165,
    166,
    167,
    169,
    170,
    172,
    173,
    176,
    177,
    178,
    179,
    180,
    183,
    184,
    185,
    186,
    187,
    191,
    192,
    195,
    196,
    197
  ],
  "correct_rate": 50.5,
  "negative_samples_avg_ppl": 525.7043784340422,
  "positive_samples_avg_ppl": 471.5973481244893
}