{
  "correct_idxs": [
    1,
    5,
    8,
    9,
    10,
    15,
    16,
    17,
    18,
    20,
    21,
    23,
    24,
    26,
    27,
    29,
    30,
    31,
    32,
    34,
    35,
    38,
    39,
    42,
    45,
    46,
    47,
    50,
    51,
    52,
    55,
    56,
    59,
    63,
    64,
    66,
    67,
    68,
    71,
    73,
    79,
    82,
    83,
    84,
    86,
    87,
    89,
    96,
    97,
    99,
    100,
    103,
    104,
    105,
    107,
    108,
    109,
    113,
    115,
    116,
    119,
    120,
    123,
    124,
    126,
    131,
    132,
    138,
    139,
    140,
    144,
    145,
    151,
    153,
    156,
    160,
    162,
    164,
    168,
    170,
    171,
    173,
    174,
    176,
    178,
    180,
    182,
    183,
    184,
    185,
    187,
    191,
    192,
    193,
    194,
    195,
    196,
    197
  ],
  "correct_rate": 49.0,
  "negative_samples_avg_ppl": 8.648140625762581,
  "positive_samples_avg_ppl": 8.87473702551645
}