{
  "correct_idxs": [
    3,
    4,
    5,
    7,
    9,
    12,
    15,
    16,
    23,
    25,
    27,
    28,
    29,
    30,
    31,
    33,
    38,
    39,
    41,
    44,
    46,
    48,
    49,
    51,
    55,
    59,
    62,
    68,
    69,
    73,
    76,
    77,
    79,
    81,
    82,
    83,
    84,
    86,
    88,
    89,
    92,
    94,
    97,
    98,
    100,
    101,
    106,
    107,
    109,
    110,
    114,
    119,
    120,
    121,
    123,
    125,
    128,
    129,
    130,
    132,
    135,
    137,
    139,
    143,
    144,
    147,
    148,
    151,
    152,
    154,
    155,
    157,
    161,
    163,
    168,
    174,
    176,
    177,
    179,
    180,
    181,
    183,
    185,
    186,
    188,
    190,
    192,
    193,
    196,
    197,
    199
  ],
  "correct_rate": 45.5,
  "negative_samples_avg_ppl": 9.415955829191441,
  "positive_samples_avg_ppl": 9.785733448892472
}