{
  "correct_idxs": [
    3,
    5,
    7,
    10,
    11,
    13,
    15,
    16,
    17,
    18,
    19,
    21,
    24,
    28,
    29,
    31,
    32,
    33,
    36,
    38,
    40,
    41,
    43,
    44,
    45,
    46,
    47,
    48,
    49,
    51,
    52,
    53,
    55,
    57,
    60,
    61,
    62,
    64,
    65,
    68,
    69,
    70,
    71,
    72,
    73,
    75,
    76,
    77,
    78,
    80,
    81,
    86,
    90,
    91,
    93,
    94,
    95,
    96,
    100,
    101,
    102,
    104,
    105,
    106,
    107,
    111,
    116,
    117,
    119,
    120,
    123,
    125,
    126,
    127,
    131,
    132,
    133,
    134,
    136,
    139,
    140,
    141,
    142,
    145,
    146,
    147,
    148,
    150,
    151,
    153,
    154,
    155,
    156,
    160,
    161,
    162,
    163,
    165,
    166,
    168,
    169,
    170,
    172,
    173,
    174,
    175,
    176,
    178,
    180,
    182,
    185,
    186,
    190,
    191,
    195,
    198,
    199
  ],
  "correct_rate": 58.5,
  "negative_samples_avg_ppl": 0.4958453885532653,
  "positive_samples_avg_ppl": 0.4483001793539664
}