{
  "correct_idxs": [
    2,
    3,
    7,
    8,
    10,
    12,
    14,
    15,
    16,
    17,
    18,
    19,
    20,
    21,
    22,
    23,
    26,
    27,
    31,
    32,
    33,
    34,
    36,
    37,
    38,
    39,
    40,
    41,
    42,
    44,
    45,
    46,
    47,
    50,
    52,
    55,
    61,
    68,
    69,
    70,
    73,
    77,
    79,
    82,
    84,
    85,
    86,
    87,
    89,
    91,
    92,
    93,
    94,
    95,
    96,
    98,
    101,
    102,
    103,
    104,
    105,
    109,
    110,
    111,
    113,
    114,
    117,
    118,
    119,
    121,
    123,
    125,
    126,
    127,
    128,
    133,
    134,
    135,
    136,
    138,
    139,
    140,
    141,
    144,
    145,
    147,
    148,
    150,
    151,
    152,
    154,
    155,
    157,
    160,
    164,
    166,
    168,
    169,
    170,
    171,
    172,
    174,
    176,
    177,
    179,
    184,
    185,
    186,
    187,
    188,
    189,
    191,
    192,
    193,
    194,
    196,
    197,
    198,
    199
  ],
  "correct_rate": 59.5,
  "negative_samples_avg_ppl": 97.60412360563058,
  "positive_samples_avg_ppl": 81.81896539543526
}