{
  "correct_idxs": [
    0,
    2,
    4,
    6,
    7,
    10,
    13,
    14,
    19,
    21,
    22,
    23,
    28,
    29,
    30,
    31,
    34,
    35,
    36,
    44,
    48,
    51,
    53,
    56,
    60,
    61,
    62,
    64,
    67,
    69,
    70,
    72,
    73,
    74,
    79,
    80,
    81,
    82,
    83,
    86,
    87,
    88,
    89,
    90,
    92,
    93,
    94,
    96,
    99,
    100,
    102,
    103,
    104,
    105,
    106,
    107,
    110,
    113,
    114,
    116,
    117,
    118,
    120,
    126,
    127,
    128,
    129,
    130,
    135,
    138,
    141,
    142,
    143,
    145,
    152,
    154,
    155,
    156,
    157,
    158,
    159,
    162,
    164,
    167,
    168,
    170,
    172,
    174,
    175,
    178,
    179,
    180,
    182,
    185,
    186,
    187,
    188,
    189,
    192,
    193,
    195,
    196,
    198,
    199
  ],
  "correct_rate": 52.0,
  "negative_samples_avg_ppl": 15.562165945547571,
  "positive_samples_avg_ppl": 14.567621981632767
}