{
  "correct_idxs": [
    1,
    2,
    4,
    5,
    8,
    11,
    13,
    18,
    23,
    26,
    27,
    28,
    29,
    33,
    34,
    36,
    38,
    39,
    42,
    45,
    46,
    48,
    50,
    51,
    54,
    57,
    59,
    60,
    61,
    63,
    64,
    65,
    66,
    67,
    69,
    71,
    72,
    73,
    74,
    75,
    76,
    78,
    79,
    80,
    81,
    83,
    84,
    85,
    86,
    88,
    91,
    92,
    93,
    94,
    97,
    98,
    100,
    101,
    102,
    103,
    104,
    106,
    107,
    110,
    112,
    114,
    115,
    116,
    117,
    119,
    124,
    125,
    129,
    131,
    133,
    134,
    135,
    136,
    138,
    139,
    140,
    141,
    142,
    145,
    147,
    148,
    150,
    152,
    155,
    158,
    159,
    160,
    161,
    167,
    168,
    170,
    171,
    173,
    174,
    176,
    177,
    180,
    184,
    185,
    188,
    191,
    192,
    193,
    197
  ],
  "correct_rate": 54.5,
  "negative_samples_avg_ppl": 38691.25162656613,
  "positive_samples_avg_ppl": 30653.073233149644
}