{
  "correct_idxs": [
    3,
    4,
    6,
    9,
    10,
    12,
    13,
    16,
    19,
    20,
    27,
    30,
    33,
    34,
    36,
    38,
    39,
    43,
    45,
    48,
    52,
    53,
    55,
    56,
    58,
    59,
    60,
    62,
    63,
    64,
    67,
    69,
    70,
    72,
    74,
    76,
    77,
    78,
    79,
    80,
    82,
    85,
    88,
    89,
    90,
    91,
    92,
    93,
    95,
    98,
    99,
    100,
    101,
    102,
    103,
    107,
    108,
    109,
    110,
    112,
    117,
    118,
    121,
    122,
    124,
    126,
    128,
    129,
    132,
    134,
    137,
    138,
    139,
    140,
    142,
    143,
    144,
    145,
    146,
    148,
    149,
    150,
    152,
    154,
    155,
    157,
    158,
    159,
    162,
    168,
    169,
    170,
    171,
    173,
    174,
    177,
    179,
    182,
    185,
    186,
    187,
    188,
    190,
    191,
    193,
    198
  ],
  "correct_rate": 53.0,
  "negative_samples_avg_ppl": 7.003680347396368,
  "positive_samples_avg_ppl": 5.176141787548277
}