{
  "correct_idxs": [
    2,
    3,
    5,
    7,
    9,
    11,
    12,
    15,
    16,
    17,
    20,
    21,
    22,
    26,
    30,
    31,
    34,
    37,
    39,
    41,
    43,
    44,
    51,
    56,
    58,
    59,
    61,
    72,
    73,
    74,
    78,
    79,
    80,
    83,
    84,
    85,
    87,
    91,
    93,
    94,
    97,
    99,
    103,
    105,
    107,
    110,
    114,
    115,
    116,
    120,
    121,
    122,
    130,
    131,
    132,
    134,
    135,
    136,
    137,
    141,
    142,
    144,
    145,
    146,
    148,
    151,
    153,
    156,
    157,
    158,
    159,
    160,
    163,
    165,
    166,
    167,
    168,
    170,
    178,
    179,
    180,
    181,
    183,
    186,
    187,
    190,
    191,
    192,
    195,
    198
  ],
  "correct_rate": 45.0,
  "negative_samples_avg_ppl": 0.31461332542225157,
  "positive_samples_avg_ppl": 0.35541268057680186
}