{
  "correct_idxs": [
    0,
    2,
    3,
    4,
    5,
    6,
    9,
    10,
    11,
    12,
    13,
    14,
    15,
    17,
    19,
    20,
    21,
    22,
    23,
    25,
    26,
    28,
    29,
    31,
    32,
    34,
    35,
    36,
    37,
    38,
    42,
    43,
    44,
    45,
    47,
    48,
    49,
    52,
    54,
    56,
    58,
    59,
    62,
    64,
    66,
    67,
    68,
    69,
    70,
    72,
    73,
    74,
    75,
    76,
    77,
    78,
    79,
    81,
    82,
    83,
    87,
    88,
    89,
    90,
    91,
    92,
    94,
    95,
    96,
    97,
    98,
    100,
    103,
    104,
    107,
    109,
    111,
    112,
    113,
    114,
    115,
    116,
    117,
    121,
    124,
    127,
    128,
    129,
    131,
    132,
    133,
    134,
    135,
    136,
    137,
    138,
    139,
    140,
    141,
    142,
    144,
    147,
    148,
    149,
    150,
    152,
    153,
    155,
    156,
    157,
    158,
    159,
    160,
    161,
    162,
    164,
    165,
    166,
    167,
    169,
    170,
    172,
    173,
    175,
    176,
    180,
    181,
    182,
    183,
    184,
    185,
    186,
    187,
    188,
    189,
    190,
    191,
    194,
    195,
    197,
    198,
    199
  ],
  "correct_rate": 71.0,
  "negative_samples_avg_ppl": 0.7059339644836176,
  "positive_samples_avg_ppl": 0.15615071852635432
}