{
  "correct_idxs": [
    0,
    1,
    3,
    5,
    6,
    7,
    8,
    9,
    10,
    11,
    12,
    13,
    15,
    18,
    21,
    22,
    24,
    25,
    26,
    30,
    31,
    34,
    36,
    37,
    38,
    40,
    41,
    42,
    43,
    46,
    49,
    50,
    52,
    53,
    55,
    56,
    57,
    58,
    59,
    60,
    61,
    62,
    63,
    65,
    66,
    69,
    71,
    74,
    76,
    77,
    78,
    80,
    83,
    84,
    86,
    87,
    88,
    91,
    92,
    93,
    94,
    97,
    100,
    103,
    105,
    106,
    108,
    109,
    110,
    111,
    112,
    113,
    119,
    120,
    121,
    122,
    123,
    124,
    125,
    128,
    134,
    137,
    139,
    141,
    142,
    145,
    146,
    148,
    149,
    150,
    151,
    152,
    153,
    155,
    156,
    157,
    159,
    160,
    162,
    169,
    170,
    171,
    174,
    175,
    176,
    177,
    178,
    179,
    181,
    182,
    184,
    188,
    189,
    190,
    191,
    192,
    193,
    194,
    195,
    196,
    198
  ],
  "correct_rate": 60.5,
  "negative_samples_avg_ppl": 0.3538085121662035,
  "positive_samples_avg_ppl": 0.30468816668122717
}