{
  "correct_idxs": [
    2,
    6,
    7,
    10,
    11,
    12,
    13,
    15,
    16,
    18,
    20,
    22,
    24,
    25,
    27,
    28,
    29,
    30,
    31,
    33,
    34,
    36,
    37,
    38,
    39,
    40,
    44,
    48,
    53,
    54,
    55,
    57,
    60,
    61,
    62,
    67,
    68,
    69,
    70,
    72,
    73,
    75,
    76,
    78,
    82,
    83,
    84,
    86,
    87,
    90,
    92,
    96,
    97,
    98,
    99,
    100,
    101,
    105,
    106,
    108,
    109,
    111,
    113,
    115,
    118,
    120,
    121,
    124,
    125,
    126,
    127,
    128,
    130,
    133,
    134,
    136,
    139,
    140,
    141,
    142,
    143,
    144,
    145,
    149,
    152,
    153,
    154,
    157,
    161,
    170,
    171,
    172,
    173,
    174,
    175,
    176,
    178,
    179,
    180,
    181,
    184,
    186,
    189,
    191,
    197,
    198,
    199
  ],
  "correct_rate": 53.5,
  "negative_samples_avg_ppl": 0.48966375119731803,
  "positive_samples_avg_ppl": 0.47826114865250224
}