{
  "correct_idxs": [
    1,
    3,
    4,
    5,
    6,
    10,
    12,
    14,
    16,
    19,
    21,
    22,
    23,
    25,
    26,
    30,
    32,
    33,
    34,
    37,
    38,
    40,
    41,
    43,
    44,
    45,
    47,
    50,
    51,
    54,
    55,
    57,
    58,
    59,
    60,
    63,
    66,
    69,
    70,
    72,
    75,
    76,
    77,
    78,
    79,
    81,
    83,
    84,
    90,
    96,
    97,
    101,
    102,
    103,
    104,
    105,
    106,
    107,
    108,
    112,
    115,
    117,
    119,
    122,
    123,
    125,
    130,
    131,
    132,
    133,
    134,
    136,
    138,
    140,
    142,
    145,
    147,
    149,
    150,
    151,
    154,
    156,
    160,
    161,
    162,
    164,
    166,
    171,
    174,
    175,
    179,
    180,
    181,
    182,
    183,
    184,
    187,
    188,
    189,
    191,
    194,
    195,
    196,
    197,
    198,
    199
  ],
  "correct_rate": 53.0,
  "negative_samples_avg_ppl": 4.093977739141576,
  "positive_samples_avg_ppl": 3.874578005932916
}