{
  "correct_idxs": [
    1,
    2,
    4,
    5,
    8,
    11,
    13,
    16,
    21,
    23,
    26,
    28,
    30,
    34,
    35,
    36,
    39,
    40,
    46,
    48,
    54,
    60,
    62,
    63,
    64,
    65,
    67,
    69,
    71,
    72,
    73,
    74,
    79,
    83,
    85,
    86,
    87,
    89,
    91,
    94,
    95,
    97,
    98,
    101,
    103,
    104,
    105,
    106,
    107,
    108,
    109,
    110,
    112,
    113,
    115,
    116,
    117,
    119,
    120,
    121,
    123,
    124,
    125,
    127,
    129,
    134,
    136,
    137,
    138,
    143,
    145,
    148,
    150,
    151,
    152,
    155,
    157,
    158,
    161,
    163,
    164,
    165,
    166,
    167,
    169,
    170,
    172,
    173,
    176,
    177,
    178,
    179,
    180,
    183,
    184,
    185,
    186,
    192,
    197,
    198
  ],
  "correct_rate": 50.0,
  "negative_samples_avg_ppl": 20.75015409243392,
  "positive_samples_avg_ppl": 21.101689802695972
}