{
  "correct_idxs": [
    4,
    5,
    6,
    8,
    10,
    11,
    24,
    25,
    26,
    30,
    33,
    34,
    35,
    36,
    38,
    39,
    42,
    46,
    48,
    50,
    51,
    53,
    54,
    55,
    57,
    59,
    60,
    61,
    64,
    65,
    66,
    67,
    70,
    71,
    72,
    73,
    74,
    76,
    77,
    78,
    79,
    80,
    81,
    83,
    85,
    86,
    91,
    92,
    93,
    94,
    97,
    100,
    101,
    102,
    104,
    106,
    107,
    111,
    112,
    113,
    114,
    115,
    116,
    117,
    118,
    119,
    121,
    124,
    127,
    129,
    135,
    138,
    139,
    140,
    141,
    142,
    144,
    145,
    147,
    150,
    151,
    153,
    157,
    158,
    159,
    160,
    161,
    163,
    165,
    166,
    170,
    171,
    173,
    174,
    177,
    180,
    181,
    185,
    186,
    188,
    190,
    191,
    192,
    193,
    194,
    197,
    199
  ],
  "correct_rate": 53.5,
  "negative_samples_avg_ppl": 2348.1007192859797,
  "positive_samples_avg_ppl": 2481.4336074301964
}