{
  "correct_idxs": [
    3,
    14,
    17,
    24,
    31,
    37,
    38,
    40,
    41,
    43,
    51,
    53,
    58,
    60,
    61,
    63,
    73,
    76,
    77,
    83,
    86,
    91,
    93,
    100,
    104,
    105,
    106,
    118,
    128,
    129,
    139,
    141,
    142,
    145,
    148,
    153,
    154,
    157,
    158,
    162,
    164,
    165,
    170,
    171,
    176,
    178,
    179,
    192
  ],
  "correct_rate": 54.54545454545455,
  "negative_samples_avg_ppl": 145.20149079607958,
  "positive_samples_avg_ppl": 140.98681156593094
}