{
  "correct_idxs": [
    2,
    3,
    5,
    6,
    8,
    9,
    10,
    11,
    12,
    14,
    17,
    19,
    20,
    21,
    23,
    24,
    25,
    26,
    28,
    32,
    33,
    34,
    35,
    37,
    39,
    40,
    41,
    42,
    43,
    44,
    45,
    48,
    50,
    51,
    53,
    56,
    57,
    62,
    65,
    66,
    68,
    71,
    72,
    73,
    75,
    76,
    77,
    79,
    82,
    83,
    84,
    85,
    89,
    93,
    96,
    97,
    98,
    99,
    101,
    102,
    104,
    105,
    106,
    107,
    109,
    112,
    114,
    116,
    118,
    122,
    123,
    126,
    127,
    128,
    129,
    130,
    132,
    133,
    134,
    137,
    139,
    141,
    146,
    147,
    150,
    153,
    154,
    155,
    157,
    161,
    165,
    168,
    169,
    173,
    174,
    175,
    178,
    183,
    185,
    189,
    194,
    196,
    198,
    199
  ],
  "correct_rate": 52.0,
  "negative_samples_avg_ppl": 121.17630269919252,
  "positive_samples_avg_ppl": 118.3255219359909
}