{
  "correct_idxs": [
    2,
    6,
    7,
    8,
    9,
    11,
    14,
    16,
    17,
    21,
    22,
    23,
    24,
    25,
    26,
    27,
    28,
    29,
    33,
    34,
    37,
    39,
    42,
    43,
    45,
    47,
    48,
    49,
    51,
    53,
    54,
    55,
    56,
    57,
    61,
    63,
    64,
    65,
    66,
    73,
    75,
    76,
    80,
    81,
    83,
    84,
    85,
    89,
    93,
    95,
    96,
    97,
    98,
    99,
    100,
    102,
    104,
    105,
    106,
    107,
    109,
    112,
    118,
    120,
    121,
    122,
    123,
    127,
    128,
    129,
    130,
    134,
    135,
    137,
    139,
    141,
    142,
    144,
    145,
    146,
    147,
    150,
    152,
    153,
    154,
    157,
    159,
    161,
    164,
    165,
    166,
    169,
    171,
    172,
    173,
    174,
    175,
    176,
    178,
    180,
    181,
    183,
    189,
    191,
    192,
    195,
    196,
    198,
    199
  ],
  "correct_rate": 54.5,
  "negative_samples_avg_ppl": 122.21725813916636,
  "positive_samples_avg_ppl": 124.78899864382163
}