{
  "correct_idxs": [
    3,
    4,
    5,
    6,
    10,
    14,
    16,
    17,
    20,
    23,
    24,
    25,
    28,
    31,
    33,
    37,
    38,
    40,
    41,
    42,
    43,
    48,
    49,
    50,
    53,
    55,
    57,
    58,
    60,
    61,
    63,
    65,
    70,
    73,
    74,
    75,
    76,
    77,
    80,
    81,
    83,
    85,
    91,
    93,
    96,
    97,
    99,
    100,
    102,
    104,
    105,
    106,
    113,
    118,
    127,
    128,
    129,
    130,
    132,
    134,
    136,
    137,
    139,
    141,
    142,
    143,
    144,
    145,
    146,
    148,
    151,
    152,
    153,
    157,
    161,
    162,
    164,
    165,
    166,
    168,
    169,
    170,
    171,
    172,
    173,
    174,
    176,
    178,
    179,
    185,
    191,
    192,
    194,
    198,
    199
  ],
  "correct_rate": 47.97979797979798,
  "negative_samples_avg_ppl": 208.52552072506265,
  "positive_samples_avg_ppl": 210.91447476228086
}