{
  "correct_idxs": [
    2,
    4,
    6,
    8,
    12,
    13,
    14,
    16,
    17,
    18,
    19,
    20,
    21,
    22,
    24,
    26,
    27,
    30,
    31,
    32,
    34,
    36,
    37,
    38,
    39,
    40,
    41,
    42,
    47,
    48,
    49,
    50,
    57,
    58,
    59,
    62,
    65,
    66,
    67,
    70,
    71,
    72,
    74,
    75,
    76,
    77,
    78,
    82,
    83,
    84,
    87,
    88,
    89,
    90,
    92,
    93,
    94,
    96,
    97,
    99,
    100,
    101,
    102,
    103,
    104,
    105,
    107,
    108,
    109,
    110,
    111,
    112,
    113,
    114,
    115,
    116,
    117,
    118,
    119,
    121,
    122,
    123,
    125,
    128,
    130,
    131,
    134,
    135,
    138,
    139,
    141,
    142,
    143,
    144,
    145,
    146,
    148,
    149,
    150,
    151,
    152,
    153,
    155,
    156,
    157,
    160,
    162,
    163,
    165,
    166,
    167,
    169,
    170,
    173,
    174,
    175,
    176,
    177,
    179,
    180,
    181,
    184,
    185,
    187,
    188,
    189,
    193,
    195,
    196,
    197,
    198,
    199
  ],
  "correct_rate": 66.25,
  "negative_samples_avg_ppl": 6.137739028648871,
  "positive_samples_avg_ppl": 4.267478372116432
}