{
  "correct_idxs": [
    0,
    2,
    4,
    5,
    7,
    8,
    10,
    11,
    12,
    13,
    17,
    20,
    21,
    23,
    24,
    28,
    29,
    30,
    31,
    35,
    38,
    39,
    40,
    41,
    43,
    46,
    52,
    53,
    54,
    56,
    57,
    59,
    60,
    61,
    62,
    64,
    66,
    68,
    72,
    74,
    76,
    77,
    78,
    83,
    84,
    87,
    88,
    90,
    92,
    93,
    94,
    96,
    97,
    98,
    99,
    100,
    102,
    103,
    105,
    106,
    107,
    108,
    113,
    114,
    115,
    117,
    118,
    120,
    121,
    122,
    124,
    125,
    126,
    127,
    128,
    131,
    132,
    134,
    135,
    137,
    140,
    141,
    142,
    143,
    145,
    148,
    149,
    150,
    151,
    152,
    154,
    155,
    157,
    159,
    161,
    162,
    167,
    169,
    170,
    173,
    174,
    175,
    177,
    178,
    183,
    186,
    189,
    192,
    196,
    198,
    199
  ],
  "correct_rate": 55.5,
  "negative_samples_avg_ppl": 1.0198346548126442,
  "positive_samples_avg_ppl": 1.0192459026159735
}