{
  "correct_idxs": [
    0,
    3,
    4,
    5,
    6,
    7,
    8,
    9,
    11,
    12,
    14,
    16,
    18,
    19,
    22,
    23,
    24,
    26,
    27,
    29,
    30,
    31,
    33,
    35,
    36,
    38,
    39,
    40,
    41,
    43,
    45,
    46,
    47,
    48,
    51,
    54,
    55,
    57,
    58,
    60,
    61,
    62,
    63,
    65,
    66,
    67,
    68,
    71,
    72,
    73,
    74,
    76,
    80,
    82,
    85,
    86,
    88,
    89,
    91,
    92,
    93,
    95,
    96,
    97,
    98,
    100,
    102,
    103,
    106,
    108,
    109,
    110,
    111,
    112,
    114,
    115,
    119,
    122,
    130,
    131,
    132,
    134,
    135,
    138,
    140,
    141,
    143,
    144,
    145,
    146,
    147,
    148,
    149,
    150,
    151,
    155,
    156,
    157,
    158,
    159,
    160,
    161,
    162,
    163,
    164,
    165,
    168,
    169,
    170,
    171,
    172,
    174,
    176,
    177,
    179,
    180,
    182,
    184,
    185,
    187,
    191,
    195,
    196,
    197,
    198,
    199
  ],
  "correct_rate": 63.0,
  "negative_samples_avg_ppl": 4401.2617059414315,
  "positive_samples_avg_ppl": 2414.5909743738907
}