{
  "correct_idxs": [
    0,
    2,
    3,
    4,
    6,
    7,
    9,
    10,
    11,
    12,
    14,
    18,
    21,
    23,
    24,
    25,
    27,
    28,
    29,
    31,
    32,
    34,
    36,
    37,
    40,
    41,
    42,
    44,
    45,
    48,
    49,
    51,
    55,
    56,
    59,
    60,
    62,
    64,
    69,
    71,
    72,
    74,
    75,
    80,
    82,
    84,
    85,
    89,
    90,
    92,
    93,
    95,
    96,
    98,
    99,
    103,
    107,
    108,
    109,
    110,
    111,
    112,
    113,
    114,
    115,
    117,
    118,
    120,
    121,
    122,
    125,
    126,
    128,
    132,
    133,
    136,
    137,
    140,
    141,
    142,
    143,
    144,
    145,
    150,
    152,
    154,
    155,
    156,
    157,
    160,
    162,
    163,
    164,
    166,
    168,
    169,
    172,
    175,
    176,
    177,
    179,
    181,
    182,
    183,
    184,
    185,
    186,
    187,
    189,
    190,
    191,
    192,
    193,
    194,
    198,
    199
  ],
  "correct_rate": 58.0,
  "negative_samples_avg_ppl": 173.92941364775353,
  "positive_samples_avg_ppl": 120.0006443122489
}