{
  "correct_idxs": [
    0,
    3,
    4,
    6,
    7,
    9,
    12,
    13,
    14,
    15,
    16,
    17,
    18,
    19,
    20,
    21,
    23,
    25,
    27,
    29,
    31,
    34,
    35,
    37,
    40,
    41,
    43,
    44,
    45,
    47,
    48,
    49,
    50,
    51,
    52,
    53,
    54,
    55,
    56,
    57,
    58,
    60,
    61,
    63,
    64,
    66,
    68,
    69,
    70,
    71,
    72,
    74,
    75,
    77,
    81,
    85,
    86,
    87,
    89,
    90,
    91,
    93,
    94,
    96,
    98,
    99,
    100,
    102,
    103,
    104,
    105,
    106,
    107,
    108,
    109,
    110,
    111,
    112,
    115,
    116,
    117,
    118,
    119,
    120,
    121,
    125,
    126,
    130,
    131,
    132,
    133,
    135,
    136,
    137,
    140,
    141,
    142,
    143,
    144,
    145,
    146,
    147,
    151,
    154,
    157,
    158,
    159,
    160,
    161,
    164,
    166,
    167,
    168,
    170,
    171,
    172,
    176,
    178,
    181,
    182,
    183,
    185,
    186,
    187,
    188,
    189,
    191,
    192,
    193,
    195,
    196
  ],
  "correct_rate": 65.5,
  "negative_samples_avg_ppl": 154.93851404591706,
  "positive_samples_avg_ppl": 93.2993677780829
}