{
  "correct_idxs": [
    1,
    2,
    4,
    5,
    6,
    8,
    11,
    13,
    15,
    16,
    18,
    21,
    23,
    26,
    28,
    30,
    32,
    34,
    35,
    36,
    38,
    39,
    47,
    48,
    51,
    53,
    54,
    57,
    60,
    62,
    64,
    65,
    66,
    67,
    69,
    71,
    72,
    73,
    74,
    79,
    81,
    83,
    84,
    85,
    86,
    88,
    92,
    93,
    94,
    96,
    97,
    101,
    102,
    104,
    106,
    108,
    109,
    110,
    113,
    115,
    117,
    119,
    120,
    122,
    123,
    124,
    125,
    129,
    131,
    136,
    137,
    138,
    139,
    140,
    143,
    144,
    145,
    147,
    148,
    151,
    152,
    155,
    158,
    161,
    163,
    164,
    166,
    167,
    169,
    170,
    171,
    173,
    176,
    177,
    179,
    182,
    185,
    186,
    188,
    192,
    195,
    197,
    198,
    199
  ],
  "correct_rate": 52.0,
  "negative_samples_avg_ppl": 5631.839322825369,
  "positive_samples_avg_ppl": 5732.553565966734
}