{
  "correct_idxs": [
    1,
    2,
    4,
    5,
    6,
    8,
    11,
    13,
    15,
    16,
    18,
    21,
    23,
    26,
    30,
    32,
    34,
    35,
    38,
    39,
    48,
    49,
    51,
    53,
    54,
    57,
    60,
    62,
    64,
    65,
    66,
    69,
    72,
    74,
    78,
    81,
    83,
    84,
    85,
    88,
    90,
    91,
    94,
    96,
    99,
    100,
    101,
    102,
    104,
    106,
    109,
    110,
    112,
    113,
    115,
    117,
    119,
    120,
    122,
    124,
    125,
    126,
    129,
    130,
    131,
    136,
    137,
    138,
    139,
    143,
    144,
    147,
    148,
    150,
    151,
    152,
    155,
    158,
    159,
    161,
    164,
    165,
    166,
    167,
    169,
    170,
    171,
    173,
    174,
    176,
    177,
    179,
    181,
    185,
    186,
    188,
    192,
    197,
    198,
    199
  ],
  "correct_rate": 50.0,
  "negative_samples_avg_ppl": 6886.744158316226,
  "positive_samples_avg_ppl": 7033.209594906281
}