{
  "correct_idxs": [
    0,
    1,
    2,
    4,
    6,
    7,
    8,
    9,
    10,
    13,
    15,
    20,
    21,
    22,
    28,
    29,
    30,
    31,
    34,
    35,
    39,
    40,
    41,
    42,
    43,
    44,
    45,
    46,
    52,
    53,
    54,
    55,
    57,
    59,
    67,
    69,
    70,
    71,
    72,
    75,
    76,
    77,
    79,
    80,
    83,
    84,
    91,
    92,
    93,
    95,
    97,
    98,
    101,
    104,
    108,
    110,
    111,
    113,
    117,
    119,
    120,
    123,
    127,
    128,
    129,
    130,
    132,
    134,
    135,
    139,
    140,
    143,
    146,
    147,
    150,
    151,
    152,
    153,
    154,
    155,
    156,
    157,
    160,
    163,
    167,
    168,
    169,
    172,
    175,
    177,
    179,
    180,
    181,
    184,
    187,
    188,
    190,
    192,
    195,
    196,
    197
  ],
  "correct_rate": 50.5,
  "negative_samples_avg_ppl": 2.4115069073390707,
  "positive_samples_avg_ppl": 2.1555493378557076
}