{
  "correct_idxs": [
    1,
    4,
    5,
    6,
    10,
    11,
    12,
    14,
    17,
    18,
    19,
    20,
    23,
    26,
    27,
    28,
    30,
    31,
    33,
    34,
    35,
    36,
    39,
    42,
    44,
    45,
    46,
    48,
    50,
    52,
    53,
    54,
    55,
    56,
    57,
    58,
    59,
    60,
    64,
    65,
    66,
    67,
    72,
    73,
    74,
    76,
    79,
    81,
    83,
    85,
    88,
    91,
    94,
    95,
    97,
    100,
    102,
    105,
    106,
    108,
    109,
    110,
    113,
    114,
    118,
    119,
    122,
    125,
    126,
    128,
    129,
    131,
    132,
    133,
    134,
    135,
    138,
    140,
    142,
    143,
    148,
    149,
    150,
    151,
    152,
    154,
    155,
    156,
    157,
    161,
    163,
    164,
    165,
    167,
    168,
    169,
    174,
    179,
    180,
    181,
    182,
    184,
    185,
    188,
    193,
    195,
    197
  ],
  "correct_rate": 53.5,
  "negative_samples_avg_ppl": 4774.053819627107,
  "positive_samples_avg_ppl": 4189.264802975964
}