{
  "correct_idxs": [
    0,
    2,
    3,
    4,
    6,
    9,
    10,
    11,
    12,
    14,
    18,
    19,
    21,
    23,
    24,
    25,
    26,
    27,
    28,
    29,
    31,
    32,
    33,
    34,
    36,
    37,
    40,
    41,
    42,
    44,
    45,
    49,
    51,
    55,
    56,
    60,
    62,
    64,
    65,
    69,
    71,
    72,
    74,
    76,
    80,
    82,
    84,
    85,
    89,
    90,
    92,
    93,
    95,
    96,
    98,
    102,
    103,
    104,
    106,
    107,
    109,
    110,
    111,
    112,
    113,
    114,
    115,
    116,
    117,
    120,
    121,
    122,
    123,
    125,
    126,
    128,
    132,
    133,
    136,
    137,
    138,
    139,
    140,
    141,
    142,
    143,
    145,
    146,
    147,
    150,
    152,
    153,
    154,
    155,
    156,
    157,
    159,
    161,
    164,
    165,
    166,
    167,
    168,
    169,
    170,
    172,
    173,
    175,
    176,
    177,
    179,
    181,
    182,
    183,
    184,
    185,
    186,
    188,
    189,
    191,
    192,
    193,
    194,
    197,
    199
  ],
  "correct_rate": 62.5,
  "negative_samples_avg_ppl": 172.97519214453231,
  "positive_samples_avg_ppl": 109.56773334688027
}