{
  "correct_idxs": [
    0,
    4,
    6,
    7,
    9,
    11,
    12,
    15,
    16,
    18,
    19,
    21,
    22,
    25,
    27,
    28,
    30,
    32,
    33,
    34,
    35,
    36,
    37,
    38,
    39,
    40,
    43,
    45,
    46,
    48,
    52,
    53,
    56,
    57,
    58,
    60,
    63,
    64,
    66,
    67,
    69,
    70,
    72,
    73,
    76,
    77,
    78,
    80,
    83,
    84,
    85,
    86,
    87,
    90,
    92,
    93,
    94,
    95,
    96,
    98,
    102,
    103,
    104,
    105,
    106,
    107,
    112,
    116,
    118,
    119,
    120,
    121,
    122,
    123,
    125,
    126,
    127,
    128,
    134,
    135,
    136,
    139,
    141,
    142,
    143,
    145,
    146,
    147,
    148,
    149,
    150,
    152,
    156,
    158,
    160,
    161,
    163,
    164,
    168,
    171,
    172,
    173,
    175,
    180,
    182,
    184,
    185,
    187,
    189,
    195,
    196,
    197,
    199
  ],
  "correct_rate": 56.5,
  "negative_samples_avg_ppl": 5.536267377822155,
  "positive_samples_avg_ppl": 5.3057495424689645
}