{
  "correct_idxs": [
    3,
    4,
    5,
    7,
    8,
    11,
    12,
    13,
    15,
    18,
    20,
    23,
    32,
    34,
    38,
    39,
    41,
    43,
    44,
    45,
    47,
    48,
    49,
    50,
    55,
    57,
    58,
    60,
    61,
    63,
    64,
    67,
    69,
    71,
    73,
    75,
    77,
    79,
    80,
    81,
    83,
    84,
    87,
    88,
    90,
    91,
    92,
    94,
    95,
    96,
    97,
    98,
    100,
    102,
    103,
    104,
    107,
    108,
    111,
    113,
    114,
    116,
    118,
    119,
    120,
    121,
    122,
    123,
    125,
    126,
    127,
    128,
    130,
    131,
    133,
    134,
    135,
    141,
    142,
    143,
    145,
    146,
    147,
    149,
    150,
    151,
    152,
    153,
    154,
    155,
    156,
    157,
    159,
    161,
    162,
    164,
    165,
    166,
    171,
    172,
    174,
    175,
    177,
    179,
    182,
    184,
    186,
    194,
    196,
    197
  ],
  "correct_rate": 55.0,
  "negative_samples_avg_ppl": 61.67196858294344,
  "positive_samples_avg_ppl": 60.04994885251542
}