{
  "correct_idxs": [
    0,
    1,
    2,
    3,
    4,
    6,
    7,
    8,
    9,
    10,
    11,
    12,
    14,
    15,
    16,
    17,
    18,
    19,
    22,
    26,
    27,
    28,
    32,
    33,
    34,
    35,
    39,
    42,
    43,
    45,
    46,
    47,
    48,
    49,
    51,
    56,
    57,
    58,
    61,
    62,
    64,
    67,
    68,
    69,
    70,
    72,
    73,
    74,
    76,
    82,
    84,
    90,
    91,
    93,
    95,
    96,
    97,
    99,
    100,
    103,
    104,
    106,
    107,
    108,
    111,
    112,
    116,
    117,
    119,
    120,
    124,
    126,
    127,
    128,
    130,
    132,
    134,
    135,
    136,
    140,
    143,
    145,
    146,
    148,
    149,
    150,
    154,
    155,
    156,
    158,
    159,
    160,
    162,
    164,
    167,
    168,
    169,
    170,
    171,
    173,
    177,
    179,
    180,
    181,
    183,
    185,
    187,
    191,
    192,
    193,
    194,
    195,
    196,
    197,
    198,
    199
  ],
  "correct_rate": 58.0,
  "negative_samples_avg_ppl": 0.7762529559617538,
  "positive_samples_avg_ppl": 0.7325353594519954
}