{
  "correct_idxs": [],
  "correct_rate": 0.0,
  "negative_samples_avg_ppl": 2.303088220713726,
  "positive_samples_avg_ppl": 2.303088220713726
}