{
  "correct_idxs": [
    5,
    7,
    8,
    10,
    12,
    13,
    15,
    16,
    17,
    19,
    22,
    23,
    25,
    26,
    27,
    28,
    29,
    30,
    32,
    35,
    39,
    43,
    45,
    48,
    50,
    51,
    54,
    55,
    56,
    57,
    59,
    60,
    61,
    63,
    68,
    70,
    72,
    73,
    74,
    76,
    77,
    78,
    81,
    83,
    84,
    85,
    87,
    88,
    89,
    92,
    93,
    94,
    96,
    97,
    98,
    99,
    101,
    102,
    103,
    104,
    105,
    107,
    110,
    111,
    114,
    115,
    116,
    120,
    121,
    122,
    123,
    124,
    126,
    128,
    130,
    131,
    134,
    136,
    137,
    141,
    142,
    144,
    148,
    149,
    151,
    153,
    154,
    158,
    159,
    160,
    163,
    164,
    165,
    168,
    169,
    171,
    172,
    174,
    175,
    176,
    177,
    178,
    179,
    180,
    183,
    184,
    185,
    188,
    189,
    191,
    192,
    198
  ],
  "correct_rate": 56.0,
  "negative_samples_avg_ppl": 0.7004107221454383,
  "positive_samples_avg_ppl": 0.679512878318058
}