{
  "correct_idxs": [
    1,
    5,
    6,
    7,
    8,
    9,
    10,
    12,
    15,
    16,
    17,
    18,
    20,
    21,
    22,
    24,
    26,
    27,
    29,
    31,
    34,
    35,
    36,
    37,
    38,
    39,
    42,
    45,
    46,
    47,
    50,
    51,
    52,
    54,
    55,
    56,
    57,
    63,
    64,
    65,
    67,
    68,
    69,
    71,
    73,
    82,
    83,
    84,
    85,
    86,
    87,
    89,
    91,
    93,
    96,
    97,
    99,
    100,
    101,
    103,
    104,
    105,
    106,
    107,
    108,
    113,
    115,
    120,
    121,
    124,
    126,
    129,
    131,
    132,
    134,
    137,
    138,
    139,
    144,
    145,
    151,
    156,
    161,
    162,
    164,
    165,
    166,
    168,
    170,
    171,
    174,
    176,
    178,
    180,
    182,
    183,
    184,
    187,
    191,
    192,
    194,
    195,
    196,
    197,
    199
  ],
  "correct_rate": 52.5,
  "negative_samples_avg_ppl": 8.35669959867056,
  "positive_samples_avg_ppl": 7.963369610341659
}