{
  "correct_idxs": [
    0,
    3,
    5,
    6,
    7,
    11,
    12,
    13,
    15,
    16,
    17,
    18,
    24,
    27,
    28,
    30,
    33,
    34,
    35,
    36,
    37,
    38,
    41,
    45,
    46,
    48,
    50,
    51,
    52,
    53,
    55,
    56,
    58,
    59,
    60,
    61,
    63,
    65,
    66,
    68,
    69,
    70,
    71,
    72,
    73,
    74,
    78,
    80,
    81,
    83,
    84,
    86,
    87,
    88,
    90,
    93,
    94,
    95,
    96,
    98,
    99,
    100,
    101,
    104,
    107,
    108,
    109,
    111,
    115,
    116,
    117,
    119,
    122,
    123,
    125,
    127,
    129,
    130,
    131,
    132,
    133,
    134,
    135,
    136,
    138,
    141,
    142,
    143,
    144,
    152,
    153,
    154,
    155,
    156,
    157,
    159,
    162,
    163,
    164,
    165,
    169,
    174,
    178,
    181,
    185,
    187,
    188,
    189,
    190,
    192,
    193,
    194,
    195,
    196,
    197
  ],
  "correct_rate": 57.5,
  "negative_samples_avg_ppl": 14.976690812092718,
  "positive_samples_avg_ppl": 13.259255223720357
}