{
  "correct_idxs": [
    0,
    1,
    2,
    3,
    5,
    8,
    11,
    13,
    14,
    16,
    18,
    20,
    21,
    22,
    23,
    24,
    25,
    27,
    28,
    30,
    31,
    34,
    35,
    36,
    37,
    41,
    43,
    44,
    45,
    50,
    52,
    54,
    55,
    56,
    59,
    60,
    61,
    62,
    63,
    64,
    71,
    72,
    73,
    76,
    77,
    79,
    81,
    84,
    87,
    88,
    93,
    94,
    95,
    98,
    99,
    100,
    101,
    102,
    106,
    110,
    112,
    113,
    117,
    119,
    122,
    123,
    125,
    131,
    132,
    134,
    135,
    136,
    138,
    139,
    141,
    142,
    145,
    147,
    148,
    149,
    151,
    152,
    154,
    158,
    160,
    161,
    163,
    166,
    167,
    169,
    170,
    172,
    174,
    176,
    177,
    179,
    181,
    182,
    185,
    186,
    187,
    188,
    190,
    196,
    197,
    199
  ],
  "correct_rate": 53.25,
  "negative_samples_avg_ppl": 5.387077635764372,
  "positive_samples_avg_ppl": 5.096242204802009
}