{
  "correct_idxs": [
    0,
    1,
    4,
    6,
    7,
    10,
    11,
    15,
    19,
    20,
    21,
    23,
    28,
    29,
    31,
    32,
    33,
    34,
    35,
    36,
    37,
    38,
    39,
    40,
    49,
    50,
    51,
    52,
    53,
    55,
    56,
    60,
    62,
    63,
    64,
    65,
    66,
    67,
    70,
    73,
    76,
    77,
    78,
    80,
    82,
    85,
    88,
    89,
    93,
    97,
    99,
    100,
    101,
    103,
    104,
    105,
    106,
    108,
    110,
    111,
    112,
    113,
    115,
    117,
    118,
    120,
    121,
    123,
    128,
    129,
    130,
    131,
    138,
    141,
    142,
    143,
    146,
    147,
    149,
    152,
    154,
    155,
    156,
    159,
    162,
    163,
    165,
    167,
    168,
    170,
    171,
    173,
    176,
    178,
    179,
    180,
    181,
    184,
    185,
    188,
    189,
    190,
    193,
    195,
    197,
    199
  ],
  "correct_rate": 53.0,
  "negative_samples_avg_ppl": 6.235025213221304,
  "positive_samples_avg_ppl": 5.760227905901406
}