{
  "correct_idxs": [
    1,
    4,
    6,
    9,
    10,
    11,
    12,
    13,
    16,
    18,
    19,
    20,
    21,
    23,
    24,
    25,
    27,
    28,
    29,
    30,
    31,
    33,
    34,
    36,
    40,
    42,
    43,
    47,
    48,
    50,
    51,
    53,
    54,
    55,
    56,
    58,
    60,
    62,
    63,
    64,
    65,
    66,
    67,
    68,
    74,
    75,
    76,
    78,
    79,
    81,
    85,
    87,
    89,
    90,
    91,
    92,
    93,
    100,
    101,
    102,
    103,
    104,
    105,
    106,
    107,
    108,
    109,
    110,
    112,
    113,
    114,
    116,
    117,
    119,
    120,
    124,
    126,
    127,
    128,
    129,
    130,
    131,
    132,
    133,
    134,
    135,
    136,
    139,
    140,
    143,
    144,
    147,
    148,
    149,
    150,
    152,
    154,
    155,
    156,
    161,
    162,
    163,
    166,
    170,
    171,
    173,
    176,
    177,
    179,
    180,
    182,
    184,
    186,
    187,
    188,
    189,
    191,
    192,
    194,
    195,
    196,
    197,
    198
  ],
  "correct_rate": 61.5,
  "negative_samples_avg_ppl": 5.275077187107133,
  "positive_samples_avg_ppl": 4.548399962858814
}