{
  "correct_idxs": [
    0,
    2,
    4,
    5,
    6,
    7,
    10,
    13,
    14,
    16,
    17,
    19,
    20,
    22,
    24,
    25,
    26,
    27,
    28,
    29,
    30,
    31,
    32,
    33,
    34,
    36,
    37,
    38,
    39,
    40,
    42,
    43,
    44,
    46,
    48,
    49,
    52,
    53,
    54,
    55,
    59,
    61,
    64,
    65,
    66,
    69,
    70,
    72,
    74,
    75,
    76,
    77,
    78,
    79,
    81,
    82,
    84,
    85,
    87,
    88,
    89,
    90,
    91,
    92,
    93,
    95,
    100,
    101,
    102,
    103,
    104,
    105,
    106,
    108,
    110,
    112,
    113,
    114,
    115,
    116,
    118,
    120,
    121,
    122,
    124,
    125,
    126,
    127,
    128,
    129,
    130,
    131,
    132,
    134,
    135,
    137,
    138,
    139,
    140,
    141,
    142,
    143,
    144,
    145,
    146,
    147,
    148,
    151,
    152,
    153,
    154,
    157,
    158,
    159,
    163,
    164,
    166,
    168,
    169,
    170,
    171,
    174,
    175,
    176,
    177,
    178,
    180,
    181,
    182,
    183,
    184,
    186,
    187,
    189,
    193,
    194,
    196,
    197,
    198
  ],
  "correct_rate": 69.5,
  "negative_samples_avg_ppl": 0.011438833420385852,
  "positive_samples_avg_ppl": 0.006175120591470044
}