{
  "correct_idxs": [
    0,
    1,
    4,
    6,
    10,
    12,
    13,
    15,
    16,
    18,
    20,
    28,
    30,
    31,
    32,
    34,
    35,
    36,
    37,
    38,
    39,
    40,
    41,
    43,
    44,
    46,
    48,
    49,
    50,
    51,
    52,
    54,
    56,
    57,
    59,
    60,
    61,
    62,
    63,
    64,
    67,
    72,
    73,
    74,
    75,
    76,
    78,
    80,
    81,
    82,
    83,
    86,
    89,
    93,
    94,
    97,
    99,
    101,
    102,
    103,
    104,
    106,
    110,
    111,
    115,
    116,
    117,
    118,
    120,
    122,
    126,
    127,
    128,
    129,
    130,
    134,
    141,
    143,
    144,
    145,
    147,
    149,
    151,
    152,
    154,
    155,
    158,
    160,
    162,
    163,
    165,
    167,
    168,
    169,
    170,
    171,
    172,
    174,
    178,
    179,
    182,
    186,
    187,
    189,
    193,
    199
  ],
  "correct_rate": 53.0,
  "negative_samples_avg_ppl": 6.524079330967412,
  "positive_samples_avg_ppl": 6.35781771633414
}