{
  "correct_idxs": [
    1,
    2,
    4,
    5,
    6,
    8,
    10,
    12,
    16,
    19,
    22,
    23,
    24,
    25,
    27,
    28,
    33,
    34,
    36,
    37,
    39,
    46,
    51,
    54,
    55,
    57,
    58,
    59,
    60,
    61,
    64,
    65,
    68,
    69,
    70,
    71,
    73,
    76,
    77,
    78,
    79,
    80,
    81,
    83,
    86,
    88,
    91,
    93,
    96,
    101,
    102,
    104,
    108,
    109,
    110,
    112,
    113,
    114,
    115,
    116,
    119,
    123,
    126,
    128,
    129,
    131,
    133,
    136,
    138,
    139,
    140,
    141,
    142,
    144,
    147,
    149,
    150,
    153,
    154,
    155,
    156,
    157,
    158,
    159,
    163,
    164,
    166,
    167,
    169,
    170,
    172,
    176,
    177,
    178,
    181,
    182,
    183,
    184,
    185,
    186,
    187,
    188,
    190,
    192,
    195,
    199
  ],
  "correct_rate": 53.0,
  "negative_samples_avg_ppl": 878.2846913116877,
  "positive_samples_avg_ppl": 840.5869029032885
}