{
  "correct_idxs": [
    0,
    2,
    4,
    8,
    10,
    11,
    12,
    13,
    14,
    15,
    21,
    22,
    23,
    24,
    25,
    26,
    27,
    28,
    29,
    30,
    31,
    32,
    33,
    36,
    39,
    40,
    41,
    42,
    43,
    44,
    45,
    46,
    53,
    54,
    56,
    59,
    60,
    61,
    64,
    66,
    68,
    70,
    72,
    73,
    74,
    75,
    76,
    77,
    78,
    82,
    83,
    87,
    88,
    90,
    92,
    93,
    94,
    96,
    99,
    100,
    102,
    103,
    105,
    106,
    107,
    108,
    110,
    111,
    112,
    113,
    114,
    117,
    118,
    120,
    121,
    122,
    123,
    124,
    125,
    127,
    130,
    131,
    132,
    134,
    135,
    137,
    138,
    140,
    141,
    142,
    143,
    145,
    150,
    151,
    152,
    154,
    155,
    157,
    159,
    161,
    162,
    165,
    166,
    168,
    169,
    170,
    171,
    173,
    174,
    175,
    177,
    180,
    185,
    186,
    188,
    192,
    193,
    196,
    197,
    198,
    199
  ],
  "correct_rate": 60.5,
  "negative_samples_avg_ppl": 1.0196891808257933,
  "positive_samples_avg_ppl": 1.0188180763612695
}