{
  "correct_idxs": [
    0,
    2,
    3,
    4,
    5,
    6,
    7,
    8,
    9,
    10,
    11,
    12,
    13,
    14,
    15,
    16,
    18,
    20,
    21,
    22,
    23,
    24,
    25,
    26,
    27,
    28,
    29,
    30,
    31,
    32,
    33,
    34,
    35,
    36,
    37,
    38,
    39,
    40,
    43,
    44,
    45,
    46,
    47,
    48,
    49,
    50,
    51,
    52,
    53,
    55,
    56,
    58,
    59,
    60,
    62,
    63,
    64,
    65,
    66,
    67,
    68,
    69,
    70,
    71,
    73,
    74,
    75,
    76,
    77,
    78,
    79,
    80,
    81,
    83,
    84,
    85,
    87,
    88,
    89,
    91,
    94,
    96,
    97,
    98,
    99,
    100,
    101,
    102,
    103,
    104,
    105,
    106,
    107,
    108,
    109,
    110,
    111,
    112,
    113,
    114,
    115,
    116,
    117,
    120,
    121,
    123,
    124,
    125,
    126,
    128,
    130,
    132,
    133,
    134,
    135,
    136,
    138,
    140,
    141,
    143,
    144,
    145,
    146,
    147,
    148,
    149,
    150,
    151,
    152,
    153,
    154,
    155,
    156,
    157,
    158,
    159,
    161,
    162,
    163,
    167,
    168,
    169,
    170,
    171,
    172,
    173,
    174,
    176,
    178,
    179,
    180,
    181,
    182,
    183,
    184,
    186,
    187,
    189,
    190,
    191,
    192,
    193,
    194,
    197,
    198,
    199
  ],
  "correct_rate": 83.0,
  "negative_samples_avg_ppl": 9337.47678931854,
  "positive_samples_avg_ppl": 1135.7678493475626
}