{
  "correct_idxs": [
    0,
    2,
    3,
    5,
    6,
    8,
    9,
    10,
    12,
    13,
    14,
    15,
    16,
    18,
    20,
    21,
    22,
    23,
    24,
    25,
    26,
    27,
    28,
    29,
    30,
    31,
    33,
    34,
    35,
    37,
    39,
    40,
    42,
    44,
    47,
    48,
    50,
    51,
    52,
    53,
    54,
    55,
    56,
    57,
    58,
    60,
    61,
    62,
    63,
    64,
    65,
    66,
    67,
    68,
    69,
    73,
    74,
    75,
    76,
    77,
    79,
    80,
    82,
    84,
    85,
    87,
    88,
    89,
    91,
    92,
    93,
    94,
    97,
    98,
    99,
    100,
    101,
    102,
    103,
    105,
    106,
    107,
    108,
    109,
    110,
    111,
    112,
    113,
    114,
    115,
    116,
    119,
    120,
    122,
    123,
    124,
    125,
    126,
    129,
    130,
    132,
    133,
    135,
    136,
    138,
    140,
    142,
    143,
    145,
    147,
    148,
    149,
    150,
    151,
    152,
    153,
    155,
    156,
    157,
    158,
    160,
    161,
    162,
    163,
    167,
    168,
    169,
    170,
    171,
    173,
    175,
    176,
    177,
    179,
    180,
    181,
    182,
    183,
    184,
    186,
    189,
    190,
    191,
    192,
    193,
    194,
    197,
    198
  ],
  "correct_rate": 74.0,
  "negative_samples_avg_ppl": 17429.83651322375,
  "positive_samples_avg_ppl": 3170.5815469575095
}