{
  "correct_idxs": [
    2,
    3,
    5,
    6,
    7,
    8,
    9,
    11,
    13,
    21,
    22,
    24,
    26,
    27,
    28,
    29,
    30,
    33,
    34,
    35,
    36,
    37,
    38,
    39,
    40,
    41,
    42,
    43,
    44,
    45,
    47,
    48,
    49,
    50,
    52,
    53,
    54,
    55,
    56,
    58,
    59,
    60,
    63,
    64,
    68,
    69,
    70,
    71,
    72,
    73,
    74,
    76,
    77,
    78,
    79,
    83,
    84,
    87,
    88,
    89,
    90,
    94,
    95,
    97,
    99,
    102,
    103,
    104,
    108,
    111,
    112,
    113,
    114,
    117,
    119,
    125,
    127,
    128,
    129,
    130,
    131,
    134,
    136,
    137,
    138,
    139,
    140,
    141,
    143,
    144,
    146,
    147,
    148,
    149,
    150,
    154,
    155,
    156,
    157,
    158,
    163,
    170,
    172,
    173,
    175,
    176,
    177,
    178,
    180,
    181,
    182,
    184,
    186,
    187,
    189,
    192,
    198,
    199
  ],
  "correct_rate": 59.0,
  "negative_samples_avg_ppl": 8.886638484829055,
  "positive_samples_avg_ppl": 6.659506924131657
}