{
  "correct_idxs": [
    0,
    1,
    2,
    3,
    4,
    5,
    6,
    7,
    8,
    9,
    11,
    13,
    16,
    17,
    18,
    20,
    21,
    24,
    25,
    27,
    28,
    29,
    30,
    31,
    34,
    35,
    36,
    37,
    38,
    39,
    41,
    42,
    43,
    44,
    46,
    47,
    48,
    49,
    50,
    51,
    52,
    53,
    55,
    59,
    60,
    61,
    62,
    63,
    64,
    65,
    66,
    67,
    69,
    70,
    71,
    72,
    74,
    75,
    76,
    77,
    78,
    79,
    85,
    86,
    87,
    88,
    91,
    92,
    93,
    94,
    95,
    96,
    97,
    100,
    101,
    102,
    103,
    104,
    105,
    106,
    108,
    114,
    115,
    116,
    119,
    120,
    121,
    122,
    124,
    125,
    126,
    127,
    129,
    130,
    132,
    133,
    135,
    137,
    140,
    141,
    142,
    143,
    144,
    145,
    146,
    147,
    149,
    150,
    151,
    152,
    153,
    154,
    157,
    158,
    159,
    161,
    162,
    163,
    164,
    165,
    166,
    168,
    169,
    170,
    172,
    174,
    175,
    176,
    177,
    182,
    185,
    186,
    187,
    188,
    189,
    190,
    191,
    192,
    193,
    196,
    197,
    199
  ],
  "correct_rate": 71.0,
  "negative_samples_avg_ppl": 205.85328293703589,
  "positive_samples_avg_ppl": 130.8534241223513
}