{
  "correct_idxs": [
    0,
    1,
    3,
    4,
    5,
    7,
    12,
    13,
    14,
    18,
    19,
    20,
    22,
    25,
    26,
    28,
    30,
    32,
    33,
    34,
    37,
    38,
    39,
    40,
    43,
    44,
    45,
    46,
    48,
    49,
    51,
    55,
    56,
    57,
    58,
    60,
    61,
    62,
    63,
    65,
    67,
    68,
    70,
    71,
    73,
    78,
    79,
    82,
    88,
    90,
    91,
    93,
    95,
    96,
    98,
    99,
    100,
    101,
    102,
    103,
    104,
    105,
    108,
    110,
    112,
    113,
    114,
    115,
    116,
    117,
    118,
    119,
    121,
    122,
    123,
    124,
    127,
    128,
    130,
    135,
    138,
    139,
    140,
    143,
    145,
    146,
    147,
    148,
    149,
    150,
    151,
    152,
    153,
    154,
    155,
    156,
    157,
    159,
    160,
    162,
    165,
    166,
    168,
    169,
    170,
    171,
    172,
    174,
    175,
    178,
    179,
    181,
    184,
    186,
    187,
    193,
    194,
    196,
    199
  ],
  "correct_rate": 59.5,
  "negative_samples_avg_ppl": 295.49348622325414,
  "positive_samples_avg_ppl": 258.1320016566299
}