{
  "correct_idxs": [
    2,
    3,
    4,
    5,
    7,
    8,
    9,
    10,
    12,
    13,
    15,
    17,
    19,
    20,
    21,
    22,
    25,
    26,
    28,
    29,
    30,
    31,
    32,
    35,
    37,
    38,
    39,
    40,
    42,
    43,
    44,
    45,
    46,
    47,
    48,
    49,
    50,
    51,
    54,
    55,
    56,
    57,
    58,
    59,
    60,
    61,
    62,
    64,
    67,
    68,
    71,
    72,
    73,
    75,
    76,
    77,
    78,
    79,
    80,
    81,
    82,
    83,
    84,
    85,
    88,
    90,
    91,
    92,
    93,
    94,
    95,
    96,
    97,
    98,
    100,
    101,
    103,
    104,
    105,
    106,
    107,
    108,
    109,
    110,
    112,
    113,
    116,
    117,
    118,
    119,
    120,
    122,
    123,
    128,
    131,
    132,
    135,
    136,
    137,
    138,
    139,
    140,
    143,
    144,
    146,
    149,
    150,
    155,
    157,
    160,
    161,
    162,
    164,
    165,
    167,
    169,
    172,
    175,
    176,
    177,
    179,
    180,
    181,
    182,
    183,
    184,
    185,
    186,
    189,
    190,
    192,
    193,
    194,
    196,
    197,
    198,
    199
  ],
  "correct_rate": 68.5,
  "negative_samples_avg_ppl": 0.17611775845036864,
  "positive_samples_avg_ppl": 0.11419043051143005
}