{
  "correct_idxs": [
    0,
    3,
    4,
    5,
    6,
    11,
    12,
    13,
    14,
    18,
    19,
    22,
    24,
    25,
    27,
    33,
    35,
    36,
    37,
    38,
    40,
    41,
    45,
    48,
    50,
    51,
    52,
    53,
    56,
    58,
    63,
    64,
    65,
    66,
    68,
    69,
    70,
    71,
    72,
    73,
    74,
    78,
    80,
    81,
    84,
    86,
    87,
    88,
    89,
    91,
    95,
    96,
    98,
    99,
    101,
    104,
    107,
    109,
    110,
    111,
    115,
    116,
    117,
    119,
    122,
    123,
    125,
    126,
    129,
    130,
    132,
    133,
    134,
    135,
    136,
    138,
    141,
    142,
    143,
    144,
    149,
    153,
    157,
    159,
    160,
    162,
    163,
    164,
    165,
    170,
    174,
    178,
    181,
    182,
    185,
    188,
    195,
    197,
    198,
    199
  ],
  "correct_rate": 50.0,
  "negative_samples_avg_ppl": 560.8772667341963,
  "positive_samples_avg_ppl": 423.6173236704647
}