{
  "correct_idxs": [
    0,
    1,
    5,
    7,
    9,
    10,
    15,
    16,
    18,
    20,
    21,
    25,
    26,
    27,
    29,
    30,
    31,
    32,
    34,
    35,
    36,
    37,
    38,
    39,
    40,
    43,
    49,
    50,
    51,
    52,
    56,
    57,
    60,
    61,
    62,
    63,
    64,
    65,
    67,
    68,
    74,
    75,
    78,
    79,
    80,
    81,
    82,
    87,
    88,
    90,
    91,
    93,
    97,
    98,
    99,
    100,
    101,
    102,
    104,
    105,
    106,
    108,
    109,
    111,
    114,
    115,
    116,
    120,
    121,
    125,
    127,
    128,
    129,
    130,
    133,
    134,
    137,
    138,
    141,
    142,
    143,
    144,
    145,
    146,
    147,
    151,
    152,
    154,
    155,
    158,
    160,
    161,
    162,
    163,
    164,
    165,
    167,
    168,
    169,
    170,
    172,
    173,
    174,
    175,
    176,
    178,
    179,
    180,
    182,
    183,
    189,
    191,
    192,
    193,
    199
  ],
  "correct_rate": 57.5,
  "negative_samples_avg_ppl": 0.5947783182933909,
  "positive_samples_avg_ppl": 0.5459993322668202
}