{
  "correct_idxs": [
    2,
    3,
    4,
    9,
    16,
    17,
    20,
    22,
    26,
    27,
    28,
    31,
    32,
    36,
    38,
    39,
    40,
    42,
    44,
    45,
    57,
    62,
    65,
    67,
    68,
    69,
    70,
    73,
    77,
    79,
    80,
    81,
    84,
    85,
    86,
    87,
    90,
    91,
    92,
    94,
    96,
    97,
    98,
    100,
    101,
    102,
    104,
    105,
    110,
    119,
    120,
    121,
    126,
    132,
    138,
    139,
    141,
    142,
    145,
    147,
    149,
    151,
    155,
    159,
    160,
    162,
    163,
    164,
    166,
    167,
    168,
    171,
    176,
    177,
    181,
    182,
    183,
    184,
    186,
    189,
    190,
    192,
    194,
    195,
    196,
    198
  ],
  "correct_rate": 43.0,
  "negative_samples_avg_ppl": 22.72369738357645,
  "positive_samples_avg_ppl": 32.519212670457385
}