{
  "correct_idxs": [
    0,
    1,
    2,
    3,
    6,
    7,
    8,
    9,
    10,
    14,
    16,
    17,
    21,
    22,
    24,
    26,
    27,
    28,
    31,
    32,
    34,
    37,
    38,
    39,
    40,
    42,
    43,
    44,
    45,
    46,
    47,
    50,
    51,
    52,
    53,
    54,
    55,
    57,
    59,
    60,
    61,
    66,
    67,
    68,
    69,
    70,
    71,
    72,
    73,
    74,
    76,
    77,
    78,
    80,
    82,
    83,
    84,
    86,
    87,
    88,
    89,
    91,
    92,
    93,
    95,
    96,
    97,
    98,
    99,
    101,
    102,
    104,
    108,
    110,
    111,
    112,
    113,
    114,
    115,
    116,
    118,
    119,
    120,
    122,
    125,
    126,
    127,
    129,
    130,
    132,
    133,
    134,
    136,
    137,
    138,
    140,
    141,
    144,
    145,
    146,
    147,
    148,
    149,
    150,
    154,
    156,
    158,
    160,
    163,
    164,
    165,
    170,
    173,
    174,
    175,
    178,
    179,
    180,
    181,
    182,
    183,
    184,
    185,
    186,
    187,
    188,
    189,
    190,
    192,
    195,
    196,
    197,
    198,
    199
  ],
  "correct_rate": 67.0,
  "negative_samples_avg_ppl": 12.771759547719032,
  "positive_samples_avg_ppl": 10.06889390173429
}