{
  "correct_idxs": [
    3,
    4,
    5,
    9,
    15,
    16,
    23,
    27,
    28,
    30,
    31,
    33,
    38,
    39,
    41,
    44,
    46,
    48,
    49,
    51,
    55,
    59,
    63,
    66,
    68,
    73,
    74,
    77,
    79,
    81,
    82,
    84,
    86,
    88,
    89,
    92,
    93,
    97,
    98,
    100,
    101,
    106,
    107,
    108,
    113,
    114,
    119,
    120,
    122,
    123,
    124,
    125,
    128,
    129,
    130,
    132,
    135,
    138,
    139,
    143,
    144,
    147,
    148,
    150,
    151,
    152,
    153,
    154,
    155,
    157,
    161,
    163,
    164,
    165,
    166,
    168,
    169,
    174,
    176,
    177,
    181,
    182,
    183,
    185,
    186,
    188,
    190,
    192,
    193,
    195,
    196,
    197
  ],
  "correct_rate": 46.0,
  "negative_samples_avg_ppl": 10.225851050421609,
  "positive_samples_avg_ppl": 10.459960287973143
}