{
  "correct_idxs": [
    0,
    1,
    4,
    5,
    6,
    9,
    10,
    11,
    14,
    15,
    16,
    17,
    18,
    19,
    20,
    22,
    24,
    27,
    28,
    30,
    32,
    34,
    36,
    37,
    38,
    39,
    40,
    43,
    45,
    47,
    53,
    56,
    57,
    58,
    59,
    60,
    62,
    63,
    64,
    65,
    66,
    67,
    69,
    70,
    72,
    74,
    76,
    77,
    78,
    80,
    83,
    87,
    90,
    92,
    93,
    94,
    95,
    96,
    97,
    98,
    101,
    102,
    103,
    104,
    105,
    107,
    110,
    113,
    114,
    115,
    117,
    118,
    120,
    121,
    122,
    123,
    125,
    126,
    127,
    128,
    131,
    134,
    135,
    136,
    138,
    140,
    142,
    144,
    145,
    146,
    148,
    149,
    150,
    151,
    152,
    153,
    156,
    159,
    160,
    161,
    163,
    164,
    168,
    169,
    171,
    176,
    179,
    181,
    182,
    184,
    185,
    189,
    194,
    196,
    197,
    199
  ],
  "correct_rate": 58.25,
  "negative_samples_avg_ppl": 7.339486941886901,
  "positive_samples_avg_ppl": 6.468247058476538
}