{
  "correct_idxs": [
    0,
    1,
    3,
    4,
    5,
    6,
    7,
    8,
    10,
    11,
    12,
    13,
    15,
    16,
    17,
    20,
    22,
    24,
    25,
    28,
    29,
    31,
    32,
    35,
    36,
    37,
    38,
    39,
    40,
    41,
    42,
    43,
    44,
    45,
    46,
    47,
    48,
    49,
    50,
    51,
    52,
    53,
    54,
    55,
    57,
    59,
    60,
    66,
    67,
    69,
    70,
    74,
    76,
    77,
    78,
    79,
    80,
    83,
    86,
    87,
    89,
    90,
    91,
    93,
    94,
    95,
    97,
    102,
    103,
    104,
    107,
    108,
    110,
    111,
    112,
    113,
    114,
    115,
    116,
    117,
    118,
    119,
    120,
    121,
    122,
    123,
    125,
    126,
    128,
    130,
    131,
    132,
    133,
    134,
    137,
    138,
    139,
    141,
    142,
    145,
    146,
    147,
    148,
    149,
    150,
    151,
    152,
    154,
    155,
    156,
    159,
    160,
    161,
    162,
    163,
    164,
    165,
    166,
    168,
    170,
    171,
    172,
    174,
    175,
    176,
    180,
    181,
    182,
    183,
    184,
    186,
    187,
    188,
    189,
    190,
    191,
    194,
    195,
    198,
    199
  ],
  "correct_rate": 70.0,
  "negative_samples_avg_ppl": 258.72534611527544,
  "positive_samples_avg_ppl": 136.5254520035072
}