{
  "correct_idxs": [
    5,
    7,
    8,
    9,
    10,
    11,
    12,
    15,
    16,
    19,
    20,
    21,
    22,
    23,
    24,
    25,
    28,
    32,
    34,
    35,
    37,
    38,
    39,
    43,
    44,
    46,
    48,
    52,
    53,
    54,
    55,
    56,
    57,
    59,
    60,
    61,
    62,
    63,
    69,
    70,
    72,
    73,
    74,
    76,
    77,
    78,
    85,
    86,
    88,
    89,
    93,
    94,
    96,
    98,
    100,
    103,
    104,
    105,
    107,
    110,
    111,
    112,
    113,
    114,
    115,
    116,
    121,
    122,
    123,
    124,
    126,
    130,
    131,
    134,
    140,
    141,
    144,
    151,
    152,
    153,
    154,
    156,
    158,
    159,
    160,
    161,
    162,
    163,
    165,
    171,
    172,
    174,
    175,
    176,
    178,
    180,
    183,
    188,
    189,
    191,
    192,
    196,
    198
  ],
  "correct_rate": 51.5,
  "negative_samples_avg_ppl": 0.863516155948823,
  "positive_samples_avg_ppl": 0.8480166926514858
}