{
  "correct_idxs": [
    0,
    2,
    3,
    4,
    7,
    8,
    11,
    12,
    13,
    14,
    18,
    19,
    21,
    22,
    23,
    24,
    26,
    27,
    30,
    31,
    32,
    33,
    34,
    35,
    36,
    38,
    39,
    40,
    41,
    43,
    46,
    47,
    48,
    49,
    54,
    56,
    57,
    60,
    62,
    65,
    66,
    67,
    68,
    70,
    72,
    74,
    76,
    82,
    83,
    84,
    86,
    89,
    91,
    92,
    94,
    95,
    97,
    98,
    99,
    100,
    101,
    102,
    103,
    108,
    109,
    110,
    111,
    112,
    114,
    115,
    116,
    117,
    120,
    121,
    122,
    123,
    129,
    130,
    131,
    134,
    135,
    136,
    139,
    142,
    143,
    146,
    148,
    150,
    155,
    156,
    157,
    160,
    161,
    162,
    163,
    164,
    165,
    166,
    170,
    171,
    174,
    176,
    177,
    178,
    179,
    180,
    181,
    182,
    183,
    184,
    186,
    187,
    192,
    195,
    197,
    198,
    199
  ],
  "correct_rate": 58.75,
  "negative_samples_avg_ppl": 204.08685832765514,
  "positive_samples_avg_ppl": 109.61869473333279
}