{
  "correct_idxs": [
    0,
    2,
    3,
    4,
    7,
    8,
    9,
    11,
    12,
    13,
    19,
    20,
    21,
    22,
    24,
    27,
    28,
    30,
    31,
    33,
    35,
    38,
    40,
    41,
    43,
    45,
    46,
    47,
    48,
    49,
    54,
    56,
    57,
    60,
    64,
    65,
    66,
    67,
    68,
    70,
    71,
    72,
    74,
    76,
    77,
    82,
    83,
    84,
    86,
    89,
    91,
    92,
    94,
    95,
    97,
    98,
    100,
    101,
    102,
    103,
    104,
    107,
    108,
    109,
    110,
    112,
    113,
    114,
    115,
    116,
    117,
    122,
    123,
    125,
    126,
    128,
    129,
    130,
    131,
    134,
    135,
    136,
    139,
    143,
    145,
    146,
    148,
    150,
    152,
    155,
    160,
    163,
    164,
    165,
    166,
    169,
    170,
    171,
    176,
    177,
    178,
    179,
    180,
    181,
    182,
    183,
    184,
    187,
    188,
    190,
    192,
    195,
    197,
    198,
    199
  ],
  "correct_rate": 57.75,
  "negative_samples_avg_ppl": 183.00169805378718,
  "positive_samples_avg_ppl": 109.61869473333279
}