{
  "correct_idxs": [
    0,
    3,
    4,
    5,
    6,
    7,
    10,
    13,
    14,
    15,
    19,
    20,
    21,
    22,
    23,
    27,
    28,
    31,
    33,
    34,
    36,
    37,
    38,
    39,
    44,
    45,
    46,
    48,
    51,
    52,
    54,
    55,
    57,
    58,
    60,
    61,
    62,
    63,
    64,
    67,
    68,
    69,
    70,
    72,
    73,
    74,
    77,
    78,
    80,
    82,
    83,
    85,
    88,
    93,
    96,
    98,
    99,
    100,
    102,
    103,
    106,
    108,
    110,
    112,
    116,
    118,
    120,
    122,
    123,
    125,
    128,
    130,
    131,
    132,
    133,
    138,
    141,
    145,
    146,
    149,
    152,
    154,
    155,
    158,
    161,
    162,
    163,
    165,
    167,
    168,
    172,
    174,
    177,
    179,
    181,
    182,
    185,
    186,
    188,
    189,
    191,
    194,
    195,
    196,
    199
  ],
  "correct_rate": 52.5,
  "negative_samples_avg_ppl": 22.29440264584575,
  "positive_samples_avg_ppl": 19.884039983903197
}