{
  "correct_idxs": [
    1,
    2,
    3,
    6,
    7,
    10,
    13,
    16,
    22,
    23,
    25,
    30,
    32,
    35,
    36,
    37,
    39,
    40,
    41,
    43,
    45,
    46,
    47,
    49,
    50,
    53,
    55,
    58,
    59,
    61,
    63,
    64,
    65,
    67,
    69,
    71,
    73,
    75,
    76,
    77,
    79,
    81,
    82,
    87,
    88,
    90,
    91,
    92,
    95,
    96,
    97,
    99,
    100,
    103,
    104,
    106,
    107,
    108,
    110,
    112,
    114,
    115,
    116,
    117,
    119,
    122,
    124,
    125,
    126,
    127,
    128,
    130,
    133,
    136,
    138,
    139,
    140,
    143,
    144,
    145,
    148,
    154,
    159,
    161,
    166,
    167,
    169,
    172,
    173,
    176,
    177,
    178,
    180,
    181,
    182,
    188,
    190,
    191,
    192,
    193,
    194,
    195
  ],
  "correct_rate": 51.0,
  "negative_samples_avg_ppl": 5747.969297851819,
  "positive_samples_avg_ppl": 5692.218549101019
}