{
  "correct_idxs": [
    1,
    2,
    3,
    4,
    5,
    7,
    8,
    13,
    15,
    16,
    22,
    24,
    27,
    30,
    32,
    35,
    37,
    39,
    40,
    41,
    43,
    44,
    45,
    46,
    47,
    48,
    50,
    52,
    53,
    55,
    57,
    59,
    61,
    63,
    64,
    65,
    67,
    68,
    69,
    72,
    76,
    77,
    78,
    79,
    81,
    82,
    86,
    87,
    90,
    91,
    92,
    95,
    96,
    97,
    98,
    99,
    103,
    104,
    106,
    108,
    110,
    111,
    114,
    118,
    122,
    124,
    125,
    126,
    128,
    130,
    131,
    132,
    133,
    134,
    136,
    138,
    139,
    140,
    143,
    144,
    145,
    146,
    150,
    156,
    159,
    161,
    166,
    167,
    173,
    176,
    178,
    179,
    182,
    186,
    191,
    193,
    194,
    195,
    198,
    199
  ],
  "correct_rate": 50.0,
  "negative_samples_avg_ppl": 3780.522447456268,
  "positive_samples_avg_ppl": 3733.9239544636307
}