{
  "correct_idxs": [
    0,
    3,
    5,
    6,
    7,
    8,
    10,
    11,
    15,
    18,
    19,
    21,
    24,
    28,
    32,
    34,
    36,
    41,
    44,
    45,
    46,
    47,
    48,
    50,
    52,
    53,
    56,
    57,
    58,
    59,
    61,
    62,
    63,
    64,
    68,
    71,
    72,
    74,
    75,
    76,
    77,
    78,
    81,
    85,
    87,
    88,
    90,
    91,
    93,
    94,
    95,
    97,
    99,
    101,
    103,
    107,
    108,
    112,
    114,
    116,
    118,
    122,
    123,
    124,
    125,
    127,
    128,
    130,
    131,
    134,
    137,
    138,
    140,
    141,
    142,
    143,
    144,
    148,
    149,
    150,
    153,
    154,
    156,
    157,
    158,
    159,
    161,
    165,
    167,
    168,
    169,
    170,
    172,
    173,
    174,
    176,
    178,
    179,
    181,
    185,
    187,
    188,
    189,
    191,
    193,
    195,
    196,
    198
  ],
  "correct_rate": 54.0,
  "negative_samples_avg_ppl": 2.4450961087184866,
  "positive_samples_avg_ppl": 2.3968773193858626
}