{
  "correct_idxs": [
    2,
    3,
    4,
    5,
    6,
    8,
    10,
    12,
    14,
    16,
    17,
    18,
    19,
    21,
    23,
    24,
    25,
    26,
    27,
    28,
    29,
    30,
    32,
    34,
    37,
    38,
    40,
    42,
    44,
    45,
    47,
    50,
    56,
    57,
    58,
    59,
    60,
    61,
    64,
    67,
    70,
    71,
    73,
    74,
    76,
    77,
    81,
    83,
    84,
    85,
    86,
    87,
    88,
    89,
    90,
    92,
    93,
    94,
    95,
    97,
    99,
    100,
    101,
    102,
    103,
    104,
    105,
    107,
    108,
    109,
    110,
    112,
    113,
    114,
    115,
    117,
    118,
    119,
    122,
    123,
    124,
    125,
    126,
    128,
    130,
    131,
    134,
    137,
    138,
    139,
    142,
    143,
    145,
    146,
    150,
    152,
    153,
    155,
    157,
    160,
    162,
    163,
    165,
    167,
    168,
    169,
    171,
    172,
    173,
    174,
    175,
    176,
    179,
    181,
    184,
    187,
    189,
    192,
    193,
    195,
    197,
    198
  ],
  "correct_rate": 61.0,
  "negative_samples_avg_ppl": 0.6592091815296197,
  "positive_samples_avg_ppl": 0.5285355809905473
}