{
  "correct_idxs": [
    0,
    1,
    2,
    3,
    4,
    5,
    6,
    8,
    10,
    11,
    13,
    15,
    16,
    17,
    18,
    22,
    23,
    24,
    25,
    27,
    28,
    29,
    30,
    31,
    33,
    34,
    35,
    37,
    38,
    39,
    40,
    41,
    42,
    43,
    44,
    45,
    46,
    48,
    49,
    50,
    51,
    53,
    54,
    55,
    59,
    60,
    62,
    63,
    64,
    65,
    66,
    67,
    70,
    71,
    72,
    74,
    75,
    76,
    78,
    79,
    80,
    83,
    84,
    85,
    86,
    87,
    88,
    90,
    92,
    93,
    94,
    95,
    96,
    97,
    98,
    99,
    100,
    101,
    102,
    103,
    104,
    105,
    106,
    107,
    108,
    109,
    112,
    113,
    114,
    115,
    116,
    118,
    119,
    120,
    121,
    124,
    125,
    127,
    129,
    130,
    132,
    133,
    134,
    135,
    137,
    140,
    141,
    142,
    143,
    144,
    145,
    146,
    147,
    148,
    149,
    150,
    151,
    152,
    153,
    154,
    157,
    158,
    159,
    161,
    162,
    163,
    164,
    165,
    166,
    168,
    169,
    170,
    171,
    172,
    173,
    175,
    176,
    177,
    178,
    179,
    180,
    184,
    185,
    186,
    187,
    191,
    192,
    196,
    197,
    198
  ],
  "correct_rate": 75.0,
  "negative_samples_avg_ppl": 17.058578799317036,
  "positive_samples_avg_ppl": 6.101614071422117
}