{
  "correct_idxs": [
    0,
    5,
    7,
    9,
    10,
    11,
    12,
    14,
    15,
    16,
    17,
    18,
    20,
    22,
    23,
    24,
    25,
    30,
    32,
    33,
    34,
    35,
    36,
    37,
    38,
    39,
    40,
    45,
    46,
    47,
    49,
    50,
    52,
    55,
    56,
    57,
    58,
    60,
    61,
    63,
    64,
    67,
    69,
    72,
    73,
    76,
    78,
    80,
    81,
    82,
    83,
    84,
    85,
    88,
    90,
    91,
    92,
    93,
    94,
    97,
    98,
    103,
    104,
    105,
    106,
    107,
    108,
    110,
    111,
    112,
    114,
    116,
    118,
    120,
    122,
    123,
    125,
    126,
    128,
    130,
    131,
    133,
    135,
    136,
    138,
    139,
    141,
    142,
    143,
    146,
    147,
    149,
    150,
    152,
    154,
    155,
    156,
    159,
    160,
    161,
    162,
    164,
    166,
    167,
    169,
    173,
    175,
    177,
    178,
    182,
    187,
    189,
    192,
    193,
    195,
    196,
    197,
    198
  ],
  "correct_rate": 59.0,
  "negative_samples_avg_ppl": 423.1405957370631,
  "positive_samples_avg_ppl": 280.1186748343919
}