{
  "correct_idxs": [
    0,
    4,
    5,
    6,
    7,
    8,
    10,
    11,
    13,
    14,
    15,
    16,
    19,
    22,
    23,
    24,
    35,
    36,
    37,
    39,
    41,
    43,
    44,
    45,
    47,
    50,
    52,
    53,
    54,
    55,
    57,
    61,
    63,
    64,
    68,
    69,
    71,
    72,
    75,
    77,
    78,
    80,
    81,
    82,
    83,
    85,
    86,
    87,
    89,
    90,
    91,
    92,
    93,
    95,
    96,
    97,
    98,
    103,
    104,
    106,
    108,
    110,
    111,
    119,
    120,
    122,
    124,
    125,
    126,
    128,
    130,
    132,
    133,
    136,
    138,
    139,
    140,
    141,
    144,
    151,
    152,
    153,
    154,
    156,
    160,
    163,
    165,
    167,
    169,
    172,
    173,
    175,
    176,
    179,
    180,
    183,
    184,
    185,
    186,
    187,
    188,
    190,
    191,
    193,
    195,
    196,
    198,
    199
  ],
  "correct_rate": 54.0,
  "negative_samples_avg_ppl": 59.921205214197414,
  "positive_samples_avg_ppl": 59.045486557338215
}