{
  "correct_idxs": [
    0,
    4,
    6,
    7,
    8,
    9,
    10,
    12,
    13,
    14,
    16,
    22,
    23,
    26,
    28,
    29,
    31,
    33,
    34,
    35,
    36,
    37,
    38,
    39,
    40,
    43,
    44,
    46,
    48,
    50,
    51,
    53,
    54,
    56,
    57,
    61,
    62,
    63,
    64,
    67,
    69,
    70,
    72,
    73,
    74,
    75,
    77,
    78,
    79,
    80,
    81,
    82,
    83,
    85,
    86,
    87,
    89,
    90,
    92,
    93,
    98,
    99,
    100,
    101,
    102,
    104,
    106,
    109,
    110,
    111,
    112,
    113,
    114,
    116,
    117,
    118,
    120,
    121,
    126,
    127,
    128,
    129,
    130,
    132,
    134,
    135,
    139,
    141,
    143,
    146,
    147,
    149,
    154,
    155,
    158,
    159,
    160,
    162,
    165,
    166,
    167,
    168,
    170,
    171,
    172,
    174,
    175,
    177,
    178,
    179,
    181,
    182,
    185,
    186,
    188,
    189,
    191,
    193,
    194,
    195,
    197,
    198,
    199
  ],
  "correct_rate": 61.5,
  "negative_samples_avg_ppl": 1.0175105310936583,
  "positive_samples_avg_ppl": 1.017160605923405
}