{
  "correct_idxs": [
    0,
    1,
    3,
    4,
    5,
    6,
    7,
    8,
    9,
    10,
    15,
    19,
    20,
    21,
    23,
    25,
    27,
    28,
    31,
    34,
    35,
    36,
    37,
    38,
    39,
    40,
    41,
    42,
    46,
    48,
    49,
    50,
    51,
    52,
    54,
    55,
    56,
    57,
    62,
    63,
    64,
    65,
    67,
    69,
    71,
    73,
    74,
    75,
    76,
    79,
    81,
    84,
    86,
    87,
    88,
    91,
    93,
    94,
    95,
    97,
    100,
    101,
    102,
    103,
    104,
    105,
    106,
    110,
    112,
    113,
    116,
    118,
    119,
    120,
    121,
    122,
    123,
    124,
    125,
    128,
    129,
    130,
    131,
    133,
    135,
    139,
    141,
    142,
    143,
    144,
    145,
    146,
    152,
    154,
    155,
    159,
    162,
    163,
    167,
    169,
    170,
    171,
    172,
    174,
    176,
    177,
    178,
    179,
    180,
    181,
    182,
    189,
    191,
    196,
    197,
    198,
    199
  ],
  "correct_rate": 58.5,
  "negative_samples_avg_ppl": 0.594215496599944,
  "positive_samples_avg_ppl": 0.5497266776406255
}