{
  "correct_idxs": [
    1,
    4,
    6,
    7,
    9,
    10,
    11,
    14,
    16,
    17,
    18,
    21,
    24,
    25,
    28,
    29,
    30,
    33,
    34,
    35,
    38,
    39,
    40,
    43,
    45,
    47,
    56,
    57,
    60,
    62,
    63,
    64,
    67,
    69,
    70,
    72,
    74,
    75,
    76,
    77,
    78,
    79,
    82,
    83,
    87,
    93,
    94,
    95,
    97,
    98,
    100,
    101,
    103,
    107,
    109,
    111,
    113,
    114,
    115,
    117,
    118,
    119,
    120,
    121,
    122,
    125,
    127,
    128,
    129,
    131,
    134,
    135,
    136,
    138,
    140,
    141,
    144,
    145,
    146,
    148,
    152,
    153,
    155,
    156,
    157,
    160,
    161,
    162,
    164,
    168,
    169,
    170,
    171,
    177,
    179,
    180,
    181,
    182,
    184,
    193,
    194,
    195,
    196,
    199
  ],
  "correct_rate": 52.0,
  "negative_samples_avg_ppl": 0.40145275982197365,
  "positive_samples_avg_ppl": 0.3326497385053456
}