{
  "correct_idxs": [
    0,
    1,
    2,
    5,
    6,
    7,
    8,
    9,
    10,
    11,
    13,
    14,
    16,
    17,
    18,
    21,
    22,
    23,
    24,
    25,
    27,
    28,
    29,
    30,
    31,
    33,
    34,
    35,
    36,
    37,
    38,
    39,
    41,
    42,
    43,
    44,
    47,
    48,
    49,
    50,
    51,
    52,
    53,
    55,
    56,
    58,
    59,
    60,
    61,
    62,
    63,
    64,
    65,
    66,
    67,
    68,
    70,
    72,
    74,
    75,
    76,
    77,
    79,
    80,
    84,
    85,
    86,
    87,
    88,
    89,
    90,
    91,
    92,
    93,
    95,
    97,
    98,
    100,
    101,
    102,
    103,
    104,
    105,
    106,
    108,
    109,
    111,
    112,
    113,
    114,
    115,
    116,
    118,
    119,
    120,
    121,
    122,
    124,
    125,
    126,
    127,
    130,
    132,
    133,
    134,
    136,
    137,
    140,
    141,
    143,
    144,
    145,
    146,
    147,
    149,
    150,
    151,
    152,
    153,
    154,
    157,
    158,
    159,
    160,
    161,
    162,
    163,
    164,
    165,
    166,
    168,
    169,
    170,
    172,
    173,
    174,
    175,
    176,
    177,
    178,
    180,
    182,
    183,
    186,
    187,
    188,
    189,
    190,
    191,
    192,
    193,
    194,
    196,
    197,
    199
  ],
  "correct_rate": 77.5,
  "negative_samples_avg_ppl": 644.8080372240528,
  "positive_samples_avg_ppl": 329.7873608746692
}