{
  "correct_idxs": [
    1,
    2,
    4,
    5,
    6,
    8,
    11,
    13,
    15,
    16,
    18,
    21,
    23,
    26,
    28,
    30,
    34,
    35,
    36,
    39,
    46,
    48,
    51,
    54,
    60,
    62,
    63,
    64,
    65,
    66,
    67,
    69,
    71,
    72,
    73,
    74,
    79,
    81,
    83,
    85,
    86,
    87,
    88,
    94,
    95,
    97,
    98,
    100,
    101,
    102,
    104,
    105,
    106,
    108,
    109,
    110,
    112,
    113,
    115,
    117,
    119,
    120,
    121,
    122,
    123,
    124,
    125,
    127,
    128,
    129,
    134,
    136,
    137,
    138,
    139,
    141,
    143,
    147,
    148,
    150,
    151,
    152,
    155,
    156,
    158,
    159,
    161,
    164,
    165,
    166,
    167,
    169,
    170,
    172,
    173,
    174,
    176,
    177,
    178,
    179,
    181,
    182,
    183,
    184,
    185,
    186,
    192,
    197,
    198,
    199
  ],
  "correct_rate": 55.0,
  "negative_samples_avg_ppl": 321.07190343401356,
  "positive_samples_avg_ppl": 301.34427552160355
}