{
  "correct_idxs": [
    1,
    4,
    5,
    7,
    9,
    16,
    18,
    19,
    21,
    25,
    26,
    27,
    28,
    29,
    31,
    38,
    39,
    44,
    46,
    48,
    49,
    51,
    53,
    56,
    59,
    62,
    67,
    69,
    73,
    76,
    77,
    79,
    81,
    82,
    83,
    86,
    87,
    88,
    89,
    90,
    92,
    94,
    95,
    96,
    97,
    101,
    106,
    109,
    110,
    113,
    115,
    120,
    121,
    125,
    128,
    129,
    130,
    132,
    133,
    135,
    139,
    142,
    143,
    144,
    147,
    151,
    152,
    155,
    156,
    157,
    163,
    165,
    174,
    176,
    177,
    179,
    180,
    181,
    183,
    184,
    185,
    186,
    189,
    192,
    196,
    197
  ],
  "correct_rate": 43.0,
  "negative_samples_avg_ppl": 21.751500053341424,
  "positive_samples_avg_ppl": 22.912128891538778
}