{
  "correct_idxs": [
    0,
    4,
    6,
    7,
    8,
    10,
    12,
    14,
    15,
    18,
    19,
    20,
    21,
    23,
    26,
    27,
    28,
    30,
    32,
    34,
    36,
    38,
    40,
    42,
    44,
    45,
    47,
    51,
    55,
    58,
    61,
    63,
    65,
    67,
    68,
    69,
    70,
    72,
    77,
    78,
    80,
    81,
    82,
    83,
    84,
    85,
    86,
    88,
    90,
    91,
    95,
    96,
    98,
    99,
    101,
    103,
    105,
    107,
    111,
    112,
    113,
    114,
    116,
    121,
    122,
    123,
    125,
    129,
    132,
    134,
    138,
    139,
    140,
    142,
    144,
    150,
    152,
    154,
    155,
    157,
    161,
    162,
    163,
    166,
    168,
    173,
    174,
    178,
    181,
    182,
    187,
    188,
    189,
    190,
    191,
    193,
    195,
    197
  ],
  "correct_rate": 49.0,
  "negative_samples_avg_ppl": 16.43464729890271,
  "positive_samples_avg_ppl": 16.16506851568076
}