{
  "correct_idxs": [
    4,
    5,
    6,
    9,
    11,
    12,
    13,
    16,
    17,
    18,
    19,
    20,
    23,
    24,
    26,
    27,
    28,
    30,
    32,
    34,
    35,
    38,
    39,
    40,
    43,
    45,
    46,
    48,
    49,
    50,
    51,
    52,
    53,
    56,
    62,
    63,
    64,
    65,
    66,
    67,
    68,
    69,
    70,
    71,
    73,
    76,
    80,
    81,
    82,
    83,
    85,
    87,
    89,
    90,
    91,
    92,
    95,
    96,
    97,
    99,
    102,
    103,
    104,
    106,
    108,
    113,
    114,
    115,
    116,
    117,
    118,
    119,
    121,
    123,
    126,
    127,
    129,
    130,
    132,
    135,
    136,
    137,
    139,
    140,
    141,
    145,
    148,
    150,
    153,
    155,
    157,
    159,
    161,
    163,
    166,
    170,
    171,
    173,
    174,
    180,
    182,
    185,
    186,
    191,
    192,
    193,
    194,
    195,
    196,
    197
  ],
  "correct_rate": 55.0,
  "negative_samples_avg_ppl": 13.205975322020938,
  "positive_samples_avg_ppl": 11.519541203791684
}