{
  "correct_idxs": [
    1,
    5,
    8,
    9,
    12,
    13,
    17,
    19,
    22,
    24,
    26,
    28,
    29,
    31,
    32,
    35,
    38,
    39,
    41,
    43,
    44,
    54,
    57,
    60,
    61,
    62,
    64,
    65,
    68,
    71,
    76,
    78,
    79,
    84,
    87,
    88,
    89,
    91,
    92,
    93,
    101,
    102,
    105,
    106,
    112,
    113,
    115,
    116,
    119,
    127,
    128,
    129,
    131,
    132,
    133,
    134,
    135,
    143,
    144,
    151,
    153,
    159,
    160,
    161,
    162,
    168,
    173,
    176,
    177,
    180,
    181,
    183,
    185,
    187,
    189,
    195,
    197,
    198,
    199
  ],
  "correct_rate": 39.5,
  "negative_samples_avg_ppl": 2.3209609174632155,
  "positive_samples_avg_ppl": 2.3449665238591706
}