{
  "correct_idxs": [
    0,
    5,
    6,
    9,
    10,
    11,
    15,
    16,
    17,
    18,
    21,
    22,
    23,
    24,
    25,
    28,
    30,
    31,
    32,
    34,
    35,
    36,
    37,
    38,
    40,
    45,
    48,
    53,
    55,
    56,
    58,
    60,
    62,
    64,
    66,
    68,
    69,
    70,
    72,
    73,
    74,
    76,
    77,
    78,
    80,
    83,
    84,
    85,
    87,
    90,
    93,
    95,
    96,
    100,
    102,
    103,
    107,
    112,
    113,
    114,
    117,
    118,
    120,
    121,
    122,
    123,
    124,
    126,
    127,
    128,
    134,
    138,
    141,
    142,
    143,
    144,
    145,
    148,
    149,
    150,
    152,
    153,
    154,
    156,
    158,
    160,
    161,
    163,
    164,
    166,
    167,
    168,
    171,
    172,
    178,
    182,
    184,
    189,
    191,
    192,
    194,
    195,
    196,
    197,
    199
  ],
  "correct_rate": 52.5,
  "negative_samples_avg_ppl": 9.834693906017693,
  "positive_samples_avg_ppl": 9.549215435111902
}