{
  "correct_idxs": [
    0,
    2,
    4,
    7,
    8,
    9,
    10,
    12,
    13,
    14,
    16,
    17,
    18,
    19,
    20,
    21,
    22,
    23,
    24,
    26,
    27,
    28,
    30,
    33,
    35,
    36,
    37,
    38,
    39,
    40,
    41,
    42,
    43,
    46,
    48,
    51,
    56,
    57,
    58,
    59,
    62,
    65,
    66,
    67,
    68,
    70,
    71,
    72,
    74,
    75,
    76,
    77,
    78,
    82,
    83,
    86,
    88,
    89,
    90,
    92,
    94,
    96,
    97,
    99,
    100,
    102,
    103,
    104,
    107,
    108,
    109,
    110,
    112,
    114,
    115,
    116,
    117,
    120,
    122,
    123,
    125,
    126,
    130,
    131,
    132,
    134,
    135,
    139,
    140,
    141,
    142,
    143,
    145,
    146,
    148,
    150,
    152,
    153,
    154,
    155,
    156,
    160,
    162,
    163,
    164,
    165,
    166,
    169,
    170,
    171,
    173,
    174,
    176,
    177,
    179,
    180,
    181,
    184,
    187,
    188,
    189,
    191,
    193,
    195,
    197,
    198,
    199
  ],
  "correct_rate": 63.75,
  "negative_samples_avg_ppl": 10.853430990144123,
  "positive_samples_avg_ppl": 7.818325147540987
}