{
  "correct_idxs": [
    2,
    7,
    13,
    16,
    22,
    35,
    40,
    47,
    51,
    58,
    68,
    69,
    71,
    73,
    74,
    75,
    76,
    80,
    86,
    100,
    103,
    112,
    118,
    119,
    125,
    127,
    129,
    141,
    145,
    146,
    151,
    154,
    155,
    163,
    165,
    168,
    170,
    175,
    183,
    194,
    195,
    196,
    197,
    199
  ],
  "correct_rate": 44.89795918367347,
  "negative_samples_avg_ppl": 145.35938361466307,
  "positive_samples_avg_ppl": 155.4122632956432
}