{
  "correct_idxs": [
    0,
    1,
    2,
    3,
    6,
    7,
    8,
    9,
    13,
    16,
    19,
    20,
    22,
    23,
    26,
    28,
    33,
    34,
    35,
    40,
    46,
    47,
    50,
    51,
    54,
    55,
    56,
    58,
    63,
    68,
    70,
    71,
    73,
    74,
    75,
    76,
    77,
    78,
    80,
    82,
    86,
    91,
    97,
    100,
    101,
    104,
    105,
    107,
    108,
    112,
    118,
    119,
    123,
    125,
    127,
    129,
    132,
    136,
    141,
    144,
    145,
    146,
    147,
    151,
    153,
    154,
    155,
    158,
    159,
    163,
    165,
    168,
    170,
    175,
    183,
    192,
    193,
    194,
    195,
    196,
    197,
    199
  ],
  "correct_rate": 43.1578947368421,
  "negative_samples_avg_ppl": 187.07034626789243,
  "positive_samples_avg_ppl": 204.46794573513455
}