{
  "correct_idxs": [
    0,
    1,
    3,
    5,
    6,
    7,
    8,
    9,
    13,
    14,
    15,
    16,
    19,
    20,
    21,
    22,
    23,
    28,
    29,
    30,
    32,
    33,
    34,
    35,
    36,
    38,
    40,
    45,
    46,
    47,
    50,
    51,
    52,
    55,
    56,
    58,
    60,
    61,
    65,
    70,
    75,
    77,
    86,
    89,
    90,
    97,
    99,
    101,
    104,
    105,
    106,
    107,
    111,
    112,
    113,
    114,
    116,
    117,
    119,
    122,
    123,
    124,
    129,
    130,
    131,
    132,
    133,
    140,
    141,
    145,
    146,
    151,
    152,
    153,
    155,
    156,
    158,
    159,
    160,
    161,
    162,
    163,
    168,
    170,
    172,
    173,
    175,
    181,
    183,
    185,
    186,
    188,
    189,
    190,
    191,
    192,
    193,
    196,
    199
  ],
  "correct_rate": 49.5,
  "negative_samples_avg_ppl": 111.66294217979322,
  "positive_samples_avg_ppl": 109.01305356683118
}