{
  "correct_idxs": [
    0,
    1,
    2,
    3,
    7,
    8,
    9,
    13,
    15,
    16,
    19,
    20,
    21,
    22,
    23,
    25,
    26,
    28,
    29,
    30,
    31,
    32,
    33,
    34,
    37,
    38,
    40,
    44,
    45,
    46,
    47,
    49,
    50,
    51,
    52,
    54,
    56,
    58,
    59,
    61,
    69,
    70,
    72,
    74,
    75,
    77,
    79,
    80,
    83,
    86,
    90,
    91,
    94,
    97,
    101,
    104,
    105,
    106,
    107,
    108,
    111,
    112,
    113,
    114,
    117,
    118,
    119,
    122,
    123,
    125,
    132,
    133,
    134,
    136,
    138,
    143,
    146,
    152,
    153,
    154,
    155,
    156,
    158,
    159,
    162,
    163,
    168,
    170,
    173,
    174,
    175,
    180,
    181,
    186,
    189,
    190,
    192,
    193,
    194,
    199
  ],
  "correct_rate": 50.0,
  "negative_samples_avg_ppl": 112.21467980547928,
  "positive_samples_avg_ppl": 115.77506770044508
}