{
  "correct_idxs": [
    2,
    3,
    5,
    6,
    9,
    10,
    14,
    16,
    17,
    18,
    19,
    20,
    21,
    26,
    27,
    29,
    30,
    33,
    35,
    38,
    39,
    42,
    43,
    44,
    49,
    53,
    54,
    55,
    56,
    57,
    59,
    64,
    66,
    68,
    69,
    70,
    71,
    73,
    74,
    76,
    77,
    78,
    79,
    84,
    85,
    87,
    89,
    90,
    91,
    92,
    94,
    95,
    96,
    97,
    99,
    100,
    101,
    105,
    106,
    107,
    108,
    113,
    114,
    115,
    118,
    119,
    120,
    121,
    123,
    125,
    127,
    128,
    131,
    133,
    136,
    137,
    138,
    139,
    141,
    142,
    143,
    144,
    146,
    147,
    148,
    150,
    153,
    154,
    155,
    157,
    159,
    160,
    161,
    163,
    164,
    166,
    167,
    168,
    169,
    170,
    172,
    173,
    176,
    178,
    179,
    180,
    181,
    184,
    186,
    187,
    189,
    190,
    192,
    193,
    195,
    199
  ],
  "correct_rate": 58.0,
  "negative_samples_avg_ppl": 7.250075352578776,
  "positive_samples_avg_ppl": 4.851001466998408
}