{
  "correct_idxs": [
    2,
    4,
    5,
    6,
    7,
    9,
    10,
    11,
    12,
    14,
    15,
    16,
    20,
    23,
    26,
    28,
    35,
    36,
    37,
    38,
    39,
    40,
    43,
    45,
    47,
    48,
    53,
    55,
    57,
    59,
    60,
    66,
    70,
    71,
    72,
    73,
    74,
    75,
    77,
    78,
    80,
    84,
    86,
    88,
    89,
    94,
    98,
    99,
    101,
    104,
    106,
    108,
    109,
    113,
    114,
    115,
    116,
    117,
    122,
    123,
    124,
    125,
    127,
    130,
    131,
    132,
    133,
    137,
    139,
    140,
    141,
    147,
    148,
    149,
    154,
    155,
    156,
    157,
    159,
    160,
    161,
    162,
    164,
    166,
    168,
    169,
    172,
    173,
    174,
    175,
    178,
    180,
    181,
    182,
    184,
    188,
    190,
    191,
    192
  ],
  "correct_rate": 49.5,
  "negative_samples_avg_ppl": 0.010012118361116693,
  "positive_samples_avg_ppl": 0.009933540280393161
}