{
  "correct_idxs": [
    2,
    3,
    6,
    9,
    10,
    12,
    14,
    17,
    19,
    20,
    24,
    28,
    29,
    30,
    31,
    32,
    33,
    34,
    39,
    40,
    41,
    42,
    44,
    46,
    47,
    49,
    54,
    56,
    59,
    60,
    62,
    64,
    71,
    72,
    74,
    77,
    81,
    83,
    84,
    87,
    89,
    91,
    93,
    94,
    97,
    103,
    105,
    107,
    108,
    109,
    110,
    111,
    112,
    113,
    117,
    118,
    120,
    122,
    124,
    125,
    130,
    131,
    133,
    134,
    135,
    136,
    137,
    138,
    139,
    140,
    143,
    144,
    145,
    152,
    154,
    155,
    158,
    161,
    162,
    163,
    167,
    168,
    169,
    170,
    171,
    172,
    175,
    176,
    179,
    181,
    182,
    184,
    188,
    189,
    190,
    192,
    193,
    194,
    198,
    199
  ],
  "correct_rate": 50.0,
  "negative_samples_avg_ppl": 4322.038540625025,
  "positive_samples_avg_ppl": 3867.9563205322365
}