{
  "correct_idxs": [
    7,
    9,
    12,
    16,
    17,
    19,
    20,
    23,
    32,
    36,
    38,
    45,
    48,
    49,
    58,
    60,
    61,
    63,
    71,
    73,
    79,
    83,
    84,
    87,
    91,
    94,
    95,
    112,
    125,
    129,
    138,
    143,
    144,
    154,
    159,
    176,
    181,
    185,
    190,
    193,
    194,
    197
  ],
  "correct_rate": 45.16129032258065,
  "negative_samples_avg_ppl": 15641.862507868615,
  "positive_samples_avg_ppl": 18379.596009483816
}