{
  "correct_idxs": [
    0,
    2,
    3,
    6,
    8,
    9,
    10,
    12,
    14,
    15,
    17,
    18,
    19,
    22,
    23,
    26,
    28,
    29,
    31,
    32,
    34,
    36,
    37,
    39,
    41,
    42,
    45,
    49,
    50,
    54,
    56,
    58,
    59,
    60,
    63,
    64,
    68,
    71,
    72,
    74,
    77,
    78,
    83,
    87,
    89,
    91,
    92,
    95,
    97,
    107,
    109,
    111,
    112,
    113,
    114,
    117,
    118,
    119,
    120,
    122,
    123,
    129,
    130,
    131,
    134,
    135,
    136,
    138,
    139,
    140,
    143,
    144,
    148,
    150,
    152,
    154,
    155,
    158,
    162,
    167,
    169,
    170,
    171,
    173,
    174,
    176,
    178,
    179,
    181,
    182,
    184,
    186,
    188,
    189,
    190,
    192,
    193,
    195,
    197,
    198,
    199
  ],
  "correct_rate": 50.5,
  "negative_samples_avg_ppl": 8368.686945316489,
  "positive_samples_avg_ppl": 8602.642121370583
}