{
  "correct_idxs": [
    3,
    7,
    9,
    10,
    12,
    16,
    17,
    18,
    19,
    20,
    22,
    23,
    27,
    28,
    31,
    32,
    36,
    37,
    38,
    44,
    45,
    47,
    48,
    49,
    54,
    56,
    57,
    58,
    60,
    63,
    64,
    67,
    68,
    71,
    73,
    74,
    78,
    79,
    83,
    84,
    87,
    88,
    91,
    92,
    93,
    94,
    95,
    100,
    103,
    105,
    107,
    111,
    112,
    125,
    127,
    128,
    129,
    130,
    131,
    134,
    135,
    138,
    143,
    144,
    148,
    152,
    154,
    158,
    159,
    167,
    170,
    171,
    173,
    176,
    177,
    181,
    182,
    184,
    185,
    188,
    189,
    190,
    192,
    193,
    197,
    199
  ],
  "correct_rate": 45.744680851063826,
  "negative_samples_avg_ppl": 24549.77254455605,
  "positive_samples_avg_ppl": 26718.879894824022
}