{
  "correct_idxs": [
    0,
    1,
    2,
    4,
    5,
    6,
    8,
    10,
    12,
    13,
    15,
    16,
    17,
    20,
    21,
    22,
    24,
    25,
    26,
    27,
    29,
    35,
    41,
    44,
    46,
    47,
    48,
    49,
    50,
    53,
    54,
    55,
    57,
    58,
    62,
    68,
    71,
    73,
    76,
    77,
    78,
    81,
    84,
    85,
    86,
    87,
    90,
    93,
    94,
    95,
    96,
    97,
    98,
    99,
    107,
    108,
    109,
    110,
    112,
    114,
    118,
    119,
    121,
    122,
    125,
    128,
    129,
    130,
    139,
    141,
    143,
    147,
    148,
    149,
    150,
    152,
    154,
    155,
    156,
    157,
    160,
    161,
    163,
    164,
    165,
    166,
    167,
    169,
    173,
    175,
    176,
    177,
    178,
    179,
    182,
    183,
    184,
    185,
    186,
    187,
    190,
    191,
    192
  ],
  "correct_rate": 51.5,
  "negative_samples_avg_ppl": 179.3185814963602,
  "positive_samples_avg_ppl": 164.39737470503553
}