{
  "correct_idxs": [
    0,
    1,
    2,
    3,
    4,
    6,
    9,
    11,
    12,
    13,
    14,
    15,
    16,
    19,
    20,
    22,
    24,
    25,
    26,
    27,
    31,
    32,
    38,
    40,
    41,
    42,
    43,
    47,
    48,
    50,
    54,
    56,
    58,
    59,
    60,
    61,
    63,
    64,
    65,
    67,
    70,
    71,
    72,
    73,
    74,
    75,
    80,
    81,
    83,
    85,
    89,
    93,
    94,
    95,
    96,
    98,
    99,
    100,
    102,
    103,
    104,
    105,
    106,
    107,
    108,
    111,
    113,
    117,
    120,
    121,
    122,
    123,
    126,
    132,
    133,
    135,
    136,
    138,
    139,
    140,
    141,
    144,
    145,
    146,
    148,
    151,
    154,
    157,
    160,
    161,
    164,
    166,
    167,
    168,
    171,
    172,
    173,
    175,
    176,
    178,
    179,
    180,
    181,
    182,
    183,
    185,
    187,
    188,
    189,
    191,
    194
  ],
  "correct_rate": 55.5,
  "negative_samples_avg_ppl": 809.8844114230033,
  "positive_samples_avg_ppl": 785.8409584804823
}