{
  "correct_idxs": [
    1,
    3,
    6,
    7,
    10,
    11,
    12,
    13,
    14,
    15,
    18,
    19,
    24,
    25,
    29,
    31,
    32,
    33,
    35,
    37,
    38,
    39,
    40,
    42,
    43,
    45,
    49,
    51,
    52,
    53,
    57,
    59,
    61,
    63,
    64,
    65,
    66,
    72,
    75,
    80,
    81,
    82,
    83,
    84,
    86,
    87,
    89,
    90,
    92,
    93,
    98,
    100,
    105,
    106,
    109,
    110,
    113,
    114,
    115,
    116,
    117,
    119,
    122,
    124,
    128,
    129,
    131,
    133,
    134,
    136,
    137,
    140,
    142,
    147,
    151,
    153,
    157,
    159,
    160,
    161,
    163,
    164,
    166,
    167,
    168,
    169,
    170,
    174,
    175,
    176,
    177,
    180,
    184,
    185,
    186,
    187,
    189,
    190,
    191,
    193,
    194,
    195,
    199
  ],
  "correct_rate": 51.5,
  "negative_samples_avg_ppl": 0.010450228055088951,
  "positive_samples_avg_ppl": 0.010343516329243492
}