{
  "correct_idxs": [
    0,
    4,
    6,
    10,
    12,
    15,
    17,
    20,
    24,
    27,
    28,
    30,
    31,
    32,
    34,
    35,
    36,
    37,
    38,
    39,
    41,
    43,
    44,
    46,
    48,
    49,
    50,
    51,
    54,
    56,
    57,
    61,
    62,
    63,
    64,
    67,
    70,
    72,
    73,
    74,
    75,
    76,
    78,
    80,
    81,
    82,
    83,
    88,
    89,
    93,
    94,
    96,
    97,
    99,
    101,
    102,
    104,
    106,
    109,
    110,
    111,
    115,
    116,
    117,
    118,
    120,
    122,
    126,
    128,
    129,
    130,
    131,
    134,
    139,
    141,
    143,
    144,
    145,
    146,
    147,
    149,
    151,
    152,
    154,
    155,
    158,
    160,
    162,
    163,
    165,
    167,
    168,
    169,
    170,
    171,
    172,
    174,
    178,
    179,
    182,
    185,
    186,
    187,
    189,
    193,
    198,
    199
  ],
  "correct_rate": 53.5,
  "negative_samples_avg_ppl": 4.50446444591332,
  "positive_samples_avg_ppl": 4.383971466691049
}