{
  "correct_idxs": [
    0,
    1,
    4,
    6,
    10,
    12,
    13,
    15,
    18,
    19,
    20,
    22,
    28,
    30,
    31,
    32,
    35,
    36,
    37,
    38,
    39,
    40,
    41,
    43,
    44,
    46,
    48,
    49,
    50,
    51,
    54,
    56,
    57,
    59,
    61,
    62,
    64,
    67,
    72,
    73,
    74,
    75,
    77,
    82,
    83,
    86,
    88,
    89,
    91,
    93,
    94,
    97,
    99,
    100,
    102,
    103,
    104,
    105,
    106,
    108,
    110,
    111,
    114,
    115,
    116,
    120,
    126,
    128,
    129,
    130,
    132,
    139,
    141,
    143,
    144,
    145,
    146,
    147,
    149,
    151,
    152,
    153,
    154,
    155,
    158,
    159,
    160,
    162,
    163,
    165,
    166,
    167,
    168,
    169,
    170,
    172,
    174,
    178,
    179,
    182,
    185,
    186,
    189,
    193,
    196,
    198,
    199
  ],
  "correct_rate": 53.5,
  "negative_samples_avg_ppl": 4.556758344653089,
  "positive_samples_avg_ppl": 4.383971466691049
}