{
  "correct_idxs": [
    0,
    3,
    5,
    6,
    12,
    13,
    15,
    20,
    21,
    22,
    23,
    27,
    28,
    31,
    32,
    35,
    36,
    37,
    38,
    40,
    41,
    44,
    45,
    46,
    48,
    49,
    51,
    54,
    57,
    58,
    60,
    61,
    62,
    63,
    64,
    65,
    67,
    69,
    71,
    73,
    75,
    76,
    77,
    78,
    81,
    82,
    83,
    86,
    88,
    90,
    93,
    94,
    99,
    100,
    101,
    102,
    103,
    104,
    106,
    108,
    110,
    114,
    115,
    116,
    118,
    120,
    122,
    123,
    127,
    128,
    129,
    131,
    138,
    142,
    143,
    144,
    145,
    146,
    147,
    152,
    154,
    155,
    157,
    158,
    162,
    163,
    167,
    168,
    169,
    170,
    171,
    172,
    174,
    177,
    178,
    179,
    180,
    182,
    186,
    189,
    193,
    196,
    198,
    199
  ],
  "correct_rate": 52.0,
  "negative_samples_avg_ppl": 4.289724084783975,
  "positive_samples_avg_ppl": 4.048479657021147
}