{
  "correct_idxs": [
    1,
    2,
    4,
    5,
    6,
    7,
    8,
    9,
    10,
    12,
    13,
    15,
    16,
    18,
    19,
    21,
    23,
    25,
    30,
    31,
    32,
    34,
    35,
    36,
    37,
    39,
    40,
    42,
    43,
    49,
    50,
    51,
    52,
    54,
    55,
    56,
    57,
    60,
    61,
    62,
    63,
    64,
    66,
    68,
    70,
    74,
    78,
    80,
    82,
    88,
    90,
    91,
    93,
    96,
    97,
    99,
    100,
    101,
    102,
    103,
    106,
    107,
    112,
    113,
    115,
    120,
    121,
    122,
    125,
    126,
    128,
    132,
    133,
    134,
    135,
    136,
    138,
    139,
    140,
    141,
    142,
    143,
    144,
    147,
    149,
    151,
    152,
    153,
    154,
    155,
    156,
    158,
    159,
    160,
    161,
    162,
    163,
    167,
    169,
    170,
    174,
    175,
    176,
    177,
    178,
    179,
    180,
    181,
    182,
    185,
    186,
    189,
    191,
    193,
    194,
    199
  ],
  "correct_rate": 58.0,
  "negative_samples_avg_ppl": 0.8320054500639488,
  "positive_samples_avg_ppl": 0.7850016695888675
}