{
  "correct_idxs": [
    0,
    2,
    5,
    7,
    11,
    12,
    15,
    16,
    18,
    20,
    22,
    23,
    28,
    30,
    32,
    34,
    35,
    36,
    37,
    38,
    39,
    40,
    45,
    46,
    47,
    49,
    52,
    55,
    56,
    57,
    58,
    59,
    60,
    63,
    64,
    66,
    67,
    69,
    72,
    73,
    76,
    77,
    78,
    79,
    80,
    81,
    83,
    84,
    85,
    88,
    90,
    92,
    94,
    95,
    96,
    97,
    98,
    103,
    104,
    107,
    108,
    113,
    116,
    118,
    119,
    120,
    122,
    123,
    125,
    126,
    127,
    130,
    131,
    133,
    135,
    136,
    139,
    141,
    142,
    143,
    144,
    146,
    147,
    148,
    149,
    150,
    152,
    153,
    154,
    156,
    159,
    160,
    161,
    162,
    164,
    166,
    167,
    169,
    172,
    173,
    175,
    180,
    182,
    184,
    185,
    187,
    189,
    192,
    196,
    197,
    199
  ],
  "correct_rate": 55.5,
  "negative_samples_avg_ppl": 8.81081158938565,
  "positive_samples_avg_ppl": 8.07471108020066
}