{
  "correct_idxs": [
    0,
    1,
    3,
    5,
    8,
    9,
    10,
    13,
    15,
    16,
    17,
    18,
    22,
    25,
    27,
    28,
    29,
    35,
    38,
    39,
    41,
    43,
    44,
    46,
    48,
    49,
    50,
    54,
    57,
    60,
    62,
    63,
    68,
    69,
    71,
    74,
    76,
    78,
    81,
    85,
    86,
    87,
    90,
    91,
    92,
    93,
    94,
    95,
    96,
    97,
    99,
    103,
    107,
    108,
    109,
    110,
    111,
    112,
    114,
    117,
    118,
    120,
    125,
    128,
    129,
    130,
    131,
    133,
    134,
    136,
    137,
    138,
    140,
    143,
    144,
    147,
    148,
    150,
    152,
    154,
    155,
    156,
    157,
    161,
    163,
    165,
    167,
    169,
    170,
    173,
    175,
    176,
    178,
    179,
    181,
    183,
    184,
    185,
    187,
    190,
    191,
    193
  ],
  "correct_rate": 51.0,
  "negative_samples_avg_ppl": 23.52068639919644,
  "positive_samples_avg_ppl": 22.76445913821455
}