{
  "correct_idxs": [
    0,
    1,
    3,
    6,
    7,
    8,
    10,
    12,
    13,
    14,
    16,
    19,
    20,
    21,
    22,
    23,
    24,
    26,
    28,
    34,
    36,
    37,
    44,
    48,
    49,
    50,
    51,
    53,
    54,
    55,
    56,
    60,
    61,
    63,
    64,
    66,
    67,
    72,
    73,
    77,
    79,
    80,
    83,
    84,
    86,
    87,
    88,
    89,
    90,
    91,
    94,
    95,
    96,
    98,
    100,
    101,
    102,
    103,
    106,
    108,
    109,
    111,
    112,
    114,
    116,
    119,
    122,
    123,
    127,
    132,
    134,
    135,
    136,
    137,
    138,
    139,
    142,
    145,
    146,
    147,
    151,
    155,
    156,
    158,
    160,
    161,
    163,
    165,
    166,
    167,
    168,
    169,
    170,
    172,
    181,
    182,
    184,
    185,
    186,
    187,
    189,
    195,
    197,
    199
  ],
  "correct_rate": 52.5,
  "negative_samples_avg_ppl": 6.11396564534795,
  "positive_samples_avg_ppl": 5.123258853660547
}