{
  "correct_idxs": [
    0,
    2,
    4,
    7,
    8,
    9,
    11,
    12,
    13,
    15,
    17,
    20,
    21,
    22,
    23,
    24,
    25,
    27,
    28,
    29,
    31,
    32,
    35,
    37,
    39,
    41,
    43,
    44,
    46,
    53,
    59,
    60,
    62,
    64,
    66,
    67,
    68,
    70,
    72,
    73,
    74,
    76,
    77,
    78,
    79,
    80,
    82,
    83,
    84,
    87,
    88,
    90,
    92,
    93,
    94,
    96,
    97,
    98,
    99,
    100,
    102,
    103,
    104,
    106,
    107,
    108,
    110,
    112,
    113,
    114,
    116,
    117,
    118,
    120,
    121,
    122,
    123,
    124,
    125,
    127,
    128,
    129,
    130,
    131,
    132,
    134,
    135,
    137,
    140,
    141,
    142,
    143,
    145,
    146,
    147,
    148,
    149,
    150,
    151,
    152,
    153,
    154,
    155,
    156,
    157,
    159,
    161,
    162,
    163,
    165,
    167,
    169,
    170,
    174,
    175,
    177,
    179,
    180,
    182,
    183,
    186,
    188,
    189,
    192,
    196,
    197,
    198,
    199
  ],
  "correct_rate": 64.0,
  "negative_samples_avg_ppl": 1.0171901364246263,
  "positive_samples_avg_ppl": 1.0167566606969536
}