{
  "correct_idxs": [
    3,
    7,
    10,
    12,
    17,
    18,
    20,
    21,
    22,
    25,
    26,
    28,
    30,
    37,
    39,
    40,
    42,
    45,
    46,
    49,
    53,
    54,
    56,
    58,
    59,
    60,
    61,
    62,
    65,
    66,
    67,
    69,
    71,
    73,
    74,
    76,
    77,
    79,
    85,
    88,
    89,
    90,
    91,
    92,
    93,
    94,
    96,
    98,
    102,
    104,
    108,
    111,
    112,
    113,
    118,
    124,
    125,
    128,
    131,
    134,
    136,
    137,
    140,
    146,
    147,
    152,
    153,
    154,
    156,
    159,
    161,
    162,
    163,
    164,
    165,
    166,
    169,
    173,
    175,
    176,
    177,
    179,
    182,
    183,
    184,
    186,
    190,
    192,
    197,
    198
  ],
  "correct_rate": 45.0,
  "negative_samples_avg_ppl": 50.33826917884926,
  "positive_samples_avg_ppl": 56.94715897049222
}