{
  "correct_idxs": [
    1,
    2,
    5,
    11,
    13,
    14,
    15,
    17,
    19,
    21,
    22,
    24,
    26,
    29,
    30,
    33,
    37,
    39,
    45,
    46,
    48,
    49,
    52,
    53,
    54,
    57,
    58,
    61,
    63,
    65,
    67,
    68,
    69,
    71,
    72,
    73,
    74,
    76,
    79,
    81,
    82,
    85,
    86,
    89,
    92,
    93,
    97,
    104,
    105,
    108,
    109,
    110,
    111,
    113,
    117,
    118,
    119,
    122,
    124,
    125,
    131,
    134,
    136,
    140,
    141,
    144,
    145,
    150,
    151,
    159,
    161,
    162,
    163,
    164,
    166,
    169,
    173,
    175,
    176,
    179,
    180,
    182,
    183,
    184,
    185,
    186,
    187,
    188,
    190,
    191,
    192,
    196,
    197
  ],
  "correct_rate": 46.5,
  "negative_samples_avg_ppl": 49.38103648784452,
  "positive_samples_avg_ppl": 49.836394559211804
}