{
  "correct_idxs": [
    1,
    2,
    3,
    5,
    6,
    7,
    9,
    10,
    13,
    14,
    18,
    20,
    23,
    24,
    25,
    27,
    30,
    33,
    35,
    36,
    37,
    38,
    39,
    41,
    42,
    43,
    45,
    46,
    47,
    48,
    50,
    52,
    53,
    54,
    55,
    57,
    61,
    64,
    72,
    75,
    77,
    79,
    81,
    82,
    85,
    86,
    87,
    89,
    90,
    91,
    92,
    95,
    96,
    97,
    98,
    103,
    107,
    110,
    111,
    112,
    115,
    118,
    119,
    122,
    124,
    126,
    127,
    128,
    130,
    132,
    133,
    135,
    138,
    139,
    140,
    142,
    143,
    144,
    145,
    148,
    149,
    159,
    161,
    164,
    165,
    166,
    167,
    170,
    171,
    174,
    176,
    177,
    178,
    184,
    186,
    188,
    190,
    193,
    195,
    198
  ],
  "correct_rate": 50.0,
  "negative_samples_avg_ppl": 152.3434257149681,
  "positive_samples_avg_ppl": 154.8843691458174
}