{
  "correct_idxs": [
    1,
    2,
    3,
    6,
    14,
    16,
    17,
    19,
    20,
    23,
    25,
    26,
    27,
    29,
    30,
    32,
    33,
    35,
    36,
    38,
    39,
    41,
    42,
    44,
    46,
    49,
    51,
    53,
    55,
    58,
    59,
    60,
    61,
    65,
    67,
    69,
    73,
    75,
    77,
    79,
    80,
    82,
    84,
    86,
    87,
    88,
    89,
    91,
    92,
    94,
    95,
    96,
    98,
    99,
    100,
    101,
    102,
    104,
    105,
    109,
    110,
    113,
    115,
    117,
    119,
    122,
    124,
    125,
    126,
    128,
    129,
    133,
    135,
    139,
    142,
    143,
    145,
    149,
    151,
    155,
    159,
    161,
    163,
    164,
    166,
    167,
    169,
    171,
    174,
    176,
    177,
    178,
    180,
    182,
    184,
    186,
    188,
    189,
    190,
    192,
    193,
    194,
    195,
    199
  ],
  "correct_rate": 52.0,
  "negative_samples_avg_ppl": 234.79595710759858,
  "positive_samples_avg_ppl": 245.9061715077334
}