{
  "correct_idxs": [
    0,
    2,
    3,
    4,
    5,
    7,
    10,
    11,
    12,
    13,
    14,
    15,
    16,
    17,
    22,
    24,
    25,
    26,
    27,
    28,
    30,
    31,
    32,
    33,
    34,
    36,
    37,
    38,
    40,
    41,
    42,
    43,
    44,
    45,
    46,
    47,
    48,
    53,
    54,
    56,
    57,
    60,
    63,
    67,
    68,
    69,
    70,
    71,
    72,
    73,
    75,
    76,
    77,
    79,
    80,
    82,
    83,
    84,
    85,
    86,
    89,
    90,
    91,
    93,
    94,
    96,
    104,
    108,
    112,
    113,
    115,
    116,
    119,
    120,
    122,
    123,
    125,
    126,
    128,
    129,
    130,
    131,
    133,
    136,
    137,
    138,
    140,
    141,
    142,
    143,
    144,
    145,
    147,
    150,
    152,
    153,
    154,
    155,
    156,
    157,
    158,
    161,
    162,
    163,
    166,
    167,
    168,
    169,
    170,
    174,
    175,
    177,
    180,
    181,
    182,
    183,
    184,
    185,
    186,
    187,
    189,
    190,
    191,
    192,
    193,
    194,
    195,
    197
  ],
  "correct_rate": 64.0,
  "negative_samples_avg_ppl": 4880.6346816017685,
  "positive_samples_avg_ppl": 2619.292052699646
}