{
  "correct_idxs": [
    0,
    2,
    4,
    5,
    6,
    10,
    11,
    14,
    15,
    17,
    18,
    19,
    21,
    22,
    23,
    25,
    26,
    27,
    28,
    29,
    30,
    32,
    33,
    34,
    35,
    39,
    41,
    43,
    45,
    46,
    53,
    54,
    55,
    56,
    57,
    60,
    61,
    62,
    63,
    64,
    65,
    66,
    67,
    69,
    71,
    73,
    74,
    76,
    77,
    78,
    81,
    82,
    85,
    86,
    90,
    93,
    97,
    98,
    99,
    103,
    105,
    113,
    118,
    119,
    121,
    125,
    127,
    130,
    131,
    132,
    135,
    136,
    138,
    142,
    145,
    147,
    150,
    151,
    152,
    154,
    155,
    156,
    157,
    158,
    159,
    160,
    163,
    164,
    166,
    167,
    168,
    169,
    170,
    171,
    172,
    174,
    175,
    176,
    181,
    182,
    184,
    185,
    186,
    187,
    188,
    189,
    190,
    192,
    194,
    196,
    197,
    198
  ],
  "correct_rate": 56.0,
  "negative_samples_avg_ppl": 1.0287997674010412,
  "positive_samples_avg_ppl": 1.0286226452898304
}