{
  "correct_idxs": [
    2,
    3,
    4,
    5,
    8,
    11,
    13,
    16,
    22,
    23,
    29,
    33,
    34,
    35,
    37,
    38,
    39,
    40,
    43,
    46,
    51,
    53,
    54,
    57,
    58,
    59,
    60,
    62,
    66,
    67,
    69,
    71,
    72,
    77,
    79,
    85,
    86,
    87,
    88,
    91,
    95,
    97,
    100,
    104,
    106,
    107,
    108,
    110,
    112,
    114,
    116,
    117,
    119,
    122,
    124,
    125,
    127,
    129,
    131,
    135,
    136,
    137,
    138,
    139,
    140,
    147,
    148,
    150,
    151,
    152,
    153,
    155,
    157,
    161,
    163,
    164,
    165,
    166,
    167,
    169,
    170,
    172,
    173,
    176,
    177,
    178,
    179,
    183,
    184,
    185,
    187,
    191,
    192,
    195,
    196,
    197,
    198
  ],
  "correct_rate": 48.5,
  "negative_samples_avg_ppl": 1101.6200031950866,
  "positive_samples_avg_ppl": 977.7102664708966
}