{
  "correct_idxs": [
    0,
    1,
    3,
    4,
    5,
    6,
    7,
    8,
    9,
    10,
    11,
    12,
    13,
    14,
    15,
    16,
    18,
    19,
    20,
    21,
    22,
    23,
    24,
    25,
    27,
    28,
    29,
    30,
    31,
    32,
    33,
    34,
    36,
    39,
    40,
    42,
    43,
    44,
    50,
    51,
    52,
    55,
    56,
    59,
    60,
    65,
    66,
    67,
    69,
    70,
    71,
    72,
    73,
    74,
    76,
    77,
    79,
    80,
    82,
    84,
    85,
    88,
    90,
    91,
    92,
    93,
    95,
    96,
    98,
    99,
    100,
    102,
    103,
    104,
    106,
    108,
    109,
    110,
    111,
    112,
    113,
    114,
    115,
    116,
    117,
    118,
    120,
    123,
    125,
    126,
    127,
    128,
    129,
    130,
    131,
    132,
    133,
    134,
    135,
    136,
    137,
    138,
    139,
    140,
    141,
    143,
    144,
    145,
    146,
    148,
    149,
    150,
    152,
    153,
    154,
    155,
    156,
    157,
    159,
    161,
    162,
    163,
    164,
    165,
    166,
    167,
    168,
    169,
    170,
    171,
    172,
    173,
    174,
    175,
    176,
    177,
    179,
    180,
    181,
    182,
    183,
    185,
    187,
    188,
    189,
    190,
    191,
    193,
    194,
    195,
    196,
    197,
    198,
    199
  ],
  "correct_rate": 77.0,
  "negative_samples_avg_ppl": 0.018379044988224142,
  "positive_samples_avg_ppl": 0.00904113314839094
}