{
  "correct_idxs": [
    0,
    1,
    2,
    5,
    7,
    9,
    11,
    12,
    14,
    15,
    16,
    18,
    19,
    20,
    21,
    22,
    24,
    27,
    29,
    31,
    34,
    35,
    37,
    39,
    40,
    43,
    44,
    46,
    49,
    52,
    53,
    54,
    57,
    58,
    61,
    62,
    63,
    66,
    68,
    69,
    70,
    71,
    72,
    73,
    75,
    76,
    77,
    82,
    83,
    85,
    86,
    87,
    89,
    90,
    92,
    93,
    95,
    96,
    100,
    101,
    104,
    105,
    107,
    108,
    116,
    121,
    123,
    126,
    127,
    128,
    130,
    132,
    134,
    136,
    139,
    141,
    143,
    144,
    146,
    148,
    150,
    152,
    153,
    154,
    155,
    156,
    164,
    165,
    168,
    169,
    173,
    175,
    179,
    181,
    182,
    183,
    184,
    185,
    187,
    188,
    194,
    197,
    199
  ],
  "correct_rate": 51.5,
  "negative_samples_avg_ppl": 3.585285915403336,
  "positive_samples_avg_ppl": 3.6097658451251013
}