{
  "correct_idxs": [
    0,
    1,
    2,
    4,
    5,
    7,
    8,
    9,
    10,
    13,
    15,
    16,
    17,
    18,
    19,
    20,
    21,
    22,
    23,
    25,
    26,
    28,
    29,
    30,
    32,
    35,
    36,
    37,
    38,
    39,
    40,
    41,
    43,
    44,
    45,
    46,
    47,
    48,
    49,
    50,
    51,
    52,
    54,
    55,
    56,
    57,
    58,
    60,
    61,
    62,
    64,
    66,
    68,
    69,
    71,
    72,
    73,
    75,
    76,
    77,
    78,
    79,
    80,
    81,
    82,
    83,
    84,
    85,
    87,
    88,
    89,
    90,
    91,
    92,
    93,
    94,
    95,
    96,
    97,
    98,
    99,
    100,
    101,
    103,
    104,
    105,
    107,
    108,
    109,
    110,
    112,
    113,
    115,
    116,
    117,
    118,
    119,
    121,
    124,
    126,
    127,
    128,
    129,
    131,
    133,
    135,
    136,
    137,
    138,
    139,
    140,
    141,
    142,
    143,
    144,
    146,
    147,
    148,
    150,
    151,
    152,
    153,
    154,
    155,
    156,
    157,
    158,
    159,
    160,
    161,
    162,
    163,
    164,
    166,
    167,
    168,
    169,
    171,
    172,
    176,
    177,
    179,
    180,
    181,
    182,
    183,
    184,
    185,
    186,
    187,
    188,
    189,
    190,
    191,
    192,
    193,
    194,
    196,
    197,
    198,
    199
  ],
  "correct_rate": 80.5,
  "negative_samples_avg_ppl": 305.4696398772177,
  "positive_samples_avg_ppl": 87.47671156277333
}