{
  "correct_idxs": [
    0,
    1,
    3,
    4,
    6,
    7,
    8,
    9,
    10,
    11,
    12,
    13,
    14,
    16,
    17,
    18,
    19,
    20,
    21,
    23,
    24,
    25,
    27,
    28,
    29,
    31,
    32,
    33,
    34,
    35,
    36,
    37,
    38,
    39,
    40,
    41,
    42,
    43,
    44,
    45,
    48,
    49,
    50,
    51,
    52,
    53,
    55,
    57,
    58,
    59,
    60,
    62,
    64,
    65,
    66,
    69,
    70,
    71,
    73,
    77,
    79,
    80,
    83,
    85,
    88,
    90,
    92,
    93,
    95,
    96,
    99,
    100,
    102,
    103,
    104,
    107,
    108,
    109,
    110,
    111,
    112,
    113,
    114,
    116,
    117,
    118,
    120,
    121,
    122,
    123,
    124,
    125,
    126,
    128,
    129,
    130,
    131,
    132,
    133,
    134,
    136,
    138,
    139,
    140,
    141,
    142,
    147,
    148,
    149,
    150,
    152,
    153,
    155,
    156,
    157,
    161,
    162,
    163,
    164,
    165,
    166,
    167,
    168,
    169,
    170,
    172,
    173,
    174,
    175,
    176,
    177,
    179,
    180,
    181,
    182,
    183,
    185,
    186,
    187,
    188,
    189,
    190,
    191,
    192,
    193,
    194,
    195,
    196,
    198,
    199
  ],
  "correct_rate": 75.0,
  "negative_samples_avg_ppl": 1675.6619274330317,
  "positive_samples_avg_ppl": 797.7426568845718
}