{
  "correct_idxs": [
    0,
    1,
    2,
    3,
    5,
    6,
    10,
    13,
    14,
    17,
    18,
    19,
    20,
    23,
    24,
    27,
    30,
    33,
    35,
    36,
    38,
    39,
    42,
    43,
    44,
    46,
    48,
    50,
    52,
    53,
    54,
    55,
    56,
    57,
    58,
    61,
    65,
    67,
    72,
    75,
    77,
    79,
    81,
    82,
    85,
    86,
    87,
    89,
    91,
    92,
    95,
    96,
    97,
    98,
    100,
    101,
    103,
    104,
    107,
    110,
    115,
    119,
    124,
    126,
    127,
    128,
    130,
    132,
    133,
    138,
    139,
    140,
    141,
    142,
    145,
    148,
    149,
    161,
    162,
    165,
    166,
    167,
    170,
    171,
    174,
    176,
    177,
    178,
    180,
    182,
    184,
    186,
    190,
    193,
    195,
    197,
    198
  ],
  "correct_rate": 48.5,
  "negative_samples_avg_ppl": 55.46151589939793,
  "positive_samples_avg_ppl": 55.59740354372564
}