{
  "correct_idxs": [
    0,
    1,
    5,
    8,
    10,
    15,
    16,
    17,
    18,
    24,
    27,
    28,
    37,
    38,
    39,
    40,
    43,
    44,
    45,
    47,
    48,
    49,
    50,
    53,
    54,
    57,
    58,
    59,
    61,
    62,
    63,
    68,
    69,
    71,
    72,
    73,
    74,
    75,
    76,
    77,
    78,
    81,
    84,
    85,
    87,
    88,
    90,
    91,
    93,
    94,
    97,
    99,
    103,
    107,
    108,
    109,
    112,
    114,
    118,
    120,
    121,
    124,
    125,
    127,
    128,
    130,
    131,
    133,
    134,
    136,
    137,
    138,
    139,
    141,
    143,
    148,
    150,
    155,
    156,
    157,
    159,
    161,
    163,
    165,
    167,
    169,
    170,
    175,
    176,
    177,
    179,
    181,
    183,
    184,
    185,
    186,
    190,
    191,
    193,
    194,
    195,
    198
  ],
  "correct_rate": 51.0,
  "negative_samples_avg_ppl": 1.020633373444625,
  "positive_samples_avg_ppl": 1.0206275249124108
}