{
  "correct_idxs": [
    2,
    6,
    7,
    8,
    9,
    11,
    15,
    16,
    17,
    18,
    19,
    20,
    21,
    22,
    23,
    24,
    25,
    27,
    30,
    31,
    32,
    33,
    35,
    36,
    37,
    38,
    40,
    43,
    45,
    46,
    49,
    51,
    52,
    53,
    56,
    58,
    59,
    60,
    61,
    63,
    64,
    66,
    67,
    68,
    69,
    71,
    73,
    74,
    77,
    78,
    80,
    81,
    82,
    83,
    84,
    85,
    86,
    88,
    89,
    93,
    94,
    95,
    96,
    100,
    101,
    102,
    103,
    104,
    105,
    107,
    110,
    112,
    114,
    116,
    117,
    118,
    119,
    120,
    121,
    123,
    124,
    125,
    128,
    130,
    131,
    133,
    134,
    136,
    138,
    139,
    141,
    142,
    143,
    145,
    146,
    147,
    149,
    150,
    152,
    153,
    154,
    155,
    158,
    159,
    161,
    163,
    165,
    167,
    168,
    169,
    171,
    172,
    173,
    174,
    175,
    177,
    178,
    180,
    182,
    184,
    185,
    189,
    191,
    192,
    193,
    194,
    195,
    196,
    197,
    198
  ],
  "correct_rate": 65.0,
  "negative_samples_avg_ppl": 168.49923175941592,
  "positive_samples_avg_ppl": 99.95891147569738
}