{
  "correct_idxs": [
    0,
    2,
    3,
    4,
    7,
    9,
    11,
    12,
    14,
    17,
    18,
    21,
    23,
    24,
    25,
    26,
    27,
    29,
    30,
    31,
    32,
    33,
    34,
    36,
    37,
    40,
    41,
    42,
    44,
    45,
    47,
    51,
    52,
    55,
    56,
    59,
    60,
    62,
    63,
    65,
    71,
    72,
    74,
    75,
    76,
    80,
    82,
    84,
    85,
    87,
    92,
    93,
    95,
    98,
    99,
    102,
    103,
    106,
    108,
    109,
    110,
    112,
    113,
    115,
    117,
    120,
    121,
    122,
    123,
    126,
    128,
    130,
    131,
    132,
    134,
    135,
    136,
    140,
    141,
    143,
    144,
    145,
    147,
    148,
    149,
    150,
    152,
    153,
    154,
    155,
    156,
    157,
    159,
    162,
    163,
    164,
    166,
    168,
    169,
    170,
    171,
    172,
    173,
    175,
    176,
    177,
    179,
    181,
    182,
    183,
    184,
    185,
    186,
    189,
    190,
    191,
    193,
    194,
    198,
    199
  ],
  "correct_rate": 60.0,
  "negative_samples_avg_ppl": 31.366657013820372,
  "positive_samples_avg_ppl": 23.305495977112255
}