{
  "correct_idxs": [
    1,
    2,
    4,
    5,
    6,
    8,
    9,
    13,
    20,
    21,
    23,
    24,
    25,
    26,
    27,
    30,
    33,
    35,
    36,
    39,
    41,
    43,
    44,
    48,
    49,
    52,
    53,
    54,
    57,
    61,
    62,
    63,
    66,
    67,
    68,
    69,
    73,
    74,
    76,
    80,
    81,
    82,
    86,
    87,
    88,
    89,
    90,
    95,
    98,
    101,
    102,
    106,
    108,
    113,
    117,
    118,
    119,
    121,
    122,
    125,
    126,
    130,
    132,
    133,
    134,
    137,
    138,
    140,
    142,
    143,
    145,
    147,
    148,
    151,
    153,
    155,
    157,
    158,
    159,
    161,
    162,
    163,
    166,
    167,
    168,
    169,
    170,
    172,
    175,
    176,
    177,
    180,
    181,
    183,
    184,
    185,
    186,
    187,
    190,
    193,
    195,
    197,
    198
  ],
  "correct_rate": 51.5,
  "negative_samples_avg_ppl": 0.008757870427309843,
  "positive_samples_avg_ppl": 0.007940790308488231
}