{
  "correct_idxs": [
    1,
    2,
    3,
    4,
    7,
    8,
    9,
    10,
    11,
    13,
    14,
    16,
    17,
    19,
    20,
    21,
    22,
    23,
    24,
    25,
    26,
    27,
    28,
    29,
    30,
    31,
    32,
    33,
    34,
    35,
    36,
    37,
    38,
    40,
    42,
    43,
    44,
    46,
    48,
    49,
    50,
    51,
    52,
    53,
    54,
    55,
    57,
    59,
    60,
    61,
    66,
    67,
    68,
    69,
    70,
    71,
    72,
    74,
    76,
    78,
    79,
    80,
    82,
    83,
    86,
    87,
    88,
    89,
    90,
    91,
    92,
    93,
    94,
    96,
    97,
    98,
    100,
    102,
    103,
    104,
    107,
    108,
    110,
    111,
    112,
    113,
    114,
    115,
    116,
    117,
    119,
    120,
    121,
    122,
    125,
    126,
    127,
    128,
    129,
    130,
    133,
    134,
    137,
    138,
    140,
    141,
    142,
    143,
    145,
    146,
    147,
    148,
    150,
    152,
    154,
    155,
    156,
    158,
    162,
    163,
    166,
    167,
    168,
    170,
    172,
    173,
    174,
    175,
    176,
    177,
    178,
    179,
    180,
    181,
    182,
    183,
    186,
    187,
    188,
    189,
    190,
    191,
    192,
    193,
    194,
    195,
    197,
    198,
    199
  ],
  "correct_rate": 74.5,
  "negative_samples_avg_ppl": 392.32543033364396,
  "positive_samples_avg_ppl": 285.34457660652293
}