{
  "correct_idxs": [
    0,
    1,
    4,
    5,
    6,
    10,
    12,
    13,
    15,
    18,
    21,
    31,
    32,
    34,
    35,
    36,
    37,
    38,
    39,
    40,
    43,
    44,
    48,
    49,
    50,
    51,
    52,
    56,
    57,
    59,
    61,
    62,
    63,
    64,
    65,
    67,
    73,
    74,
    77,
    80,
    82,
    85,
    88,
    89,
    91,
    93,
    99,
    100,
    102,
    104,
    105,
    106,
    108,
    110,
    111,
    114,
    115,
    118,
    119,
    120,
    121,
    126,
    127,
    128,
    129,
    130,
    134,
    138,
    141,
    142,
    143,
    144,
    145,
    147,
    151,
    152,
    153,
    154,
    158,
    160,
    162,
    163,
    165,
    167,
    168,
    169,
    170,
    171,
    172,
    174,
    178,
    179,
    180,
    182,
    189,
    192,
    193,
    195,
    196,
    199
  ],
  "correct_rate": 50.0,
  "negative_samples_avg_ppl": 4.798559102730261,
  "positive_samples_avg_ppl": 4.62013804873557
}