{
  "correct_idxs": [
    0,
    3,
    5,
    6,
    7,
    11,
    13,
    14,
    16,
    17,
    18,
    19,
    20,
    21,
    24,
    25,
    28,
    29,
    31,
    35,
    36,
    38,
    39,
    40,
    43,
    46,
    47,
    48,
    49,
    50,
    52,
    54,
    55,
    57,
    59,
    60,
    63,
    66,
    67,
    70,
    71,
    74,
    77,
    78,
    79,
    80,
    82,
    83,
    86,
    87,
    89,
    90,
    91,
    94,
    95,
    96,
    97,
    100,
    103,
    104,
    105,
    108,
    110,
    112,
    113,
    114,
    115,
    116,
    118,
    120,
    121,
    122,
    123,
    125,
    126,
    127,
    128,
    130,
    131,
    133,
    135,
    138,
    139,
    145,
    147,
    148,
    150,
    151,
    152,
    154,
    155,
    156,
    158,
    159,
    160,
    161,
    162,
    163,
    164,
    165,
    166,
    167,
    168,
    169,
    170,
    171,
    172,
    174,
    175,
    176,
    178,
    179,
    180,
    182,
    183,
    186,
    187,
    188,
    189,
    190,
    191,
    194,
    195,
    196
  ],
  "correct_rate": 62.0,
  "negative_samples_avg_ppl": 0.3764230624093684,
  "positive_samples_avg_ppl": 0.2572164835641183
}