{
  "correct_idxs": [
    1,
    2,
    4,
    5,
    6,
    7,
    9,
    16,
    18,
    19,
    20,
    21,
    23,
    25,
    26,
    27,
    28,
    29,
    30,
    31,
    33,
    34,
    35,
    38,
    39,
    40,
    44,
    46,
    49,
    51,
    53,
    55,
    59,
    67,
    69,
    73,
    74,
    76,
    77,
    78,
    79,
    82,
    83,
    86,
    87,
    88,
    89,
    91,
    92,
    95,
    98,
    101,
    102,
    103,
    104,
    106,
    107,
    109,
    110,
    113,
    119,
    120,
    121,
    123,
    124,
    126,
    129,
    133,
    135,
    139,
    142,
    143,
    144,
    147,
    151,
    152,
    155,
    157,
    161,
    162,
    163,
    168,
    174,
    176,
    177,
    179,
    180,
    181,
    183,
    185,
    186,
    187,
    189,
    192,
    196,
    197,
    198
  ],
  "correct_rate": 49.0,
  "negative_samples_avg_ppl": 100.30762160782072,
  "positive_samples_avg_ppl": 96.15348758476522
}