{
  "correct_idxs": [
    1,
    2,
    3,
    4,
    5,
    6,
    7,
    8,
    9,
    10,
    12,
    13,
    14,
    16,
    17,
    18,
    19,
    20,
    21,
    22,
    23,
    24,
    25,
    26,
    27,
    28,
    30,
    31,
    32,
    33,
    34,
    36,
    37,
    38,
    39,
    41,
    43,
    44,
    45,
    46,
    47,
    48,
    50,
    51,
    52,
    53,
    54,
    55,
    56,
    57,
    59,
    60,
    61,
    62,
    64,
    65,
    66,
    67,
    68,
    69,
    70,
    72,
    73,
    74,
    75,
    76,
    77,
    78,
    79,
    80,
    81,
    82,
    83,
    85,
    87,
    88,
    89,
    90,
    91,
    92,
    93,
    94,
    95,
    96,
    97,
    98,
    99,
    100,
    101,
    102,
    103,
    104,
    105,
    107,
    109,
    110,
    111,
    113,
    114,
    115,
    116,
    117,
    118,
    119,
    120,
    122,
    123,
    124,
    125,
    126,
    127,
    128,
    129,
    130,
    131,
    132,
    133,
    134,
    135,
    136,
    137,
    138,
    140,
    141,
    143,
    145,
    147,
    148,
    149,
    150,
    151,
    152,
    153,
    156,
    157,
    158,
    159,
    160,
    161,
    164,
    165,
    167,
    168,
    169,
    170,
    171,
    172,
    173,
    174,
    175,
    177,
    179,
    181,
    182,
    183,
    184,
    185,
    186,
    188,
    189,
    190,
    191,
    193,
    194,
    195,
    196,
    197,
    198,
    199
  ],
  "correct_rate": 84.5,
  "negative_samples_avg_ppl": 5.973382453544023,
  "positive_samples_avg_ppl": 0.16740933763695265
}