{
  "correct_idxs": [
    0,
    1,
    2,
    4,
    5,
    6,
    7,
    8,
    9,
    10,
    11,
    15,
    16,
    18,
    19,
    20,
    21,
    22,
    23,
    24,
    30,
    32,
    34,
    35,
    36,
    37,
    38,
    40,
    41,
    42,
    44,
    45,
    46,
    48,
    49,
    51,
    53,
    55,
    58,
    59,
    60,
    63,
    64,
    66,
    69,
    70,
    72,
    73,
    75,
    76,
    77,
    78,
    79,
    80,
    81,
    83,
    84,
    85,
    88,
    90,
    92,
    96,
    98,
    99,
    100,
    101,
    102,
    104,
    105,
    108,
    111,
    114,
    115,
    116,
    118,
    119,
    120,
    122,
    123,
    124,
    125,
    127,
    128,
    130,
    132,
    133,
    134,
    135,
    136,
    141,
    143,
    144,
    145,
    146,
    149,
    150,
    151,
    153,
    154,
    156,
    157,
    160,
    161,
    162,
    163,
    164,
    171,
    173,
    177,
    182,
    184,
    188,
    189,
    192,
    194,
    195,
    196,
    197
  ],
  "correct_rate": 59.25,
  "negative_samples_avg_ppl": 27.939143168626146,
  "positive_samples_avg_ppl": 22.848309647297853
}