{
  "correct_idxs": [
    0,
    1,
    2,
    3,
    4,
    5,
    6,
    7,
    8,
    9,
    10,
    11,
    12,
    13,
    14,
    15,
    16,
    17,
    18,
    19,
    20,
    21,
    22,
    24,
    25,
    26,
    27,
    28,
    29,
    30,
    31,
    32,
    33,
    34,
    35,
    36,
    37,
    38,
    40,
    42,
    43,
    44,
    46,
    48,
    49,
    50,
    51,
    52,
    53,
    54,
    55,
    57,
    58,
    59,
    60,
    61,
    63,
    65,
    66,
    67,
    68,
    69,
    70,
    72,
    74,
    76,
    77,
    78,
    79,
    80,
    82,
    83,
    86,
    87,
    88,
    89,
    90,
    92,
    93,
    94,
    95,
    96,
    97,
    99,
    100,
    101,
    103,
    104,
    106,
    107,
    108,
    110,
    111,
    112,
    113,
    114,
    115,
    116,
    117,
    120,
    121,
    122,
    123,
    125,
    126,
    128,
    129,
    130,
    132,
    133,
    134,
    136,
    137,
    138,
    140,
    141,
    142,
    145,
    146,
    147,
    148,
    150,
    151,
    152,
    154,
    155,
    156,
    157,
    158,
    159,
    161,
    162,
    163,
    164,
    165,
    166,
    167,
    168,
    169,
    170,
    171,
    172,
    173,
    174,
    175,
    176,
    177,
    178,
    179,
    180,
    181,
    182,
    183,
    184,
    185,
    186,
    187,
    188,
    189,
    190,
    192,
    193,
    195,
    197,
    198,
    199
  ],
  "correct_rate": 83.0,
  "negative_samples_avg_ppl": 152.89374371152928,
  "positive_samples_avg_ppl": 61.58495445890827
}