{
  "correct_idxs": [
    0,
    2,
    3,
    6,
    7,
    8,
    9,
    11,
    12,
    13,
    14,
    15,
    16,
    18,
    19,
    20,
    21,
    22,
    24,
    25,
    26,
    28,
    29,
    30,
    33,
    34,
    35,
    36,
    39,
    40,
    43,
    44,
    46,
    47,
    48,
    49,
    50,
    51,
    52,
    53,
    55,
    56,
    57,
    58,
    59,
    60,
    62,
    63,
    64,
    65,
    67,
    68,
    69,
    70,
    71,
    72,
    73,
    74,
    75,
    76,
    77,
    78,
    79,
    80,
    81,
    82,
    84,
    86,
    87,
    88,
    89,
    90,
    91,
    93,
    94,
    95,
    96,
    97,
    99,
    100,
    101,
    102,
    103,
    104,
    105,
    106,
    107,
    108,
    110,
    112,
    114,
    116,
    117,
    118,
    119,
    120,
    123,
    124,
    125,
    126,
    127,
    128,
    129,
    130,
    131,
    132,
    133,
    134,
    136,
    137,
    138,
    140,
    141,
    142,
    143,
    144,
    145,
    146,
    147,
    148,
    149,
    150,
    151,
    152,
    153,
    154,
    157,
    161,
    162,
    163,
    165,
    167,
    168,
    170,
    171,
    172,
    173,
    174,
    175,
    176,
    177,
    178,
    179,
    180,
    181,
    182,
    183,
    184,
    185,
    187,
    188,
    189,
    190,
    191,
    192,
    193,
    194,
    195,
    196,
    197,
    198,
    199
  ],
  "correct_rate": 81.0,
  "negative_samples_avg_ppl": 11424.052674949657,
  "positive_samples_avg_ppl": 3217.523934314062
}