{
  "correct_idxs": [
    1,
    2,
    5,
    7,
    8,
    9,
    10,
    11,
    12,
    13,
    15,
    17,
    20,
    21,
    24,
    26,
    28,
    29,
    30,
    33,
    34,
    36,
    37,
    38,
    40,
    42,
    44,
    45,
    46,
    47,
    49,
    52,
    53,
    54,
    59,
    60,
    61,
    66,
    67,
    68,
    69,
    71,
    72,
    73,
    74,
    75,
    77,
    82,
    83,
    84,
    88,
    89,
    90,
    91,
    93,
    95,
    96,
    97,
    98,
    99,
    101,
    102,
    103,
    106,
    109,
    110,
    111,
    112,
    113,
    114,
    115,
    116,
    117,
    118,
    123,
    124,
    125,
    126,
    127,
    129,
    130,
    132,
    137,
    138,
    140,
    141,
    142,
    143,
    145,
    146,
    147,
    148,
    154,
    156,
    158,
    161,
    162,
    163,
    165,
    166,
    167,
    170,
    171,
    172,
    175,
    177,
    178,
    179,
    180,
    181,
    183,
    184,
    185,
    186,
    187,
    190,
    192,
    196,
    197,
    199
  ],
  "correct_rate": 60.25,
  "negative_samples_avg_ppl": 123.26268188487681,
  "positive_samples_avg_ppl": 75.84204776735926
}