{
  "correct_idxs": [
    2,
    6,
    7,
    9,
    11,
    12,
    13,
    14,
    15,
    16,
    18,
    19,
    20,
    24,
    25,
    27,
    29,
    30,
    31,
    32,
    33,
    35,
    36,
    40,
    41,
    42,
    43,
    44,
    45,
    47,
    48,
    49,
    53,
    54,
    55,
    56,
    57,
    58,
    60,
    61,
    62,
    63,
    64,
    66,
    67,
    68,
    69,
    70,
    71,
    74,
    76,
    77,
    78,
    79,
    81,
    82,
    83,
    84,
    85,
    87,
    88,
    89,
    91,
    92,
    93,
    95,
    97,
    98,
    99,
    102,
    103,
    104,
    105,
    106,
    107,
    108,
    110,
    114,
    116,
    119,
    120,
    121,
    122,
    123,
    124,
    125,
    126,
    127,
    128,
    130,
    131,
    132,
    133,
    134,
    135,
    136,
    137,
    138,
    140,
    141,
    142,
    143,
    144,
    145,
    146,
    147,
    148,
    149,
    150,
    151,
    153,
    156,
    157,
    158,
    160,
    161,
    164,
    165,
    167,
    168,
    169,
    170,
    172,
    173,
    174,
    175,
    176,
    177,
    178,
    179,
    180,
    181,
    182,
    183,
    184,
    186,
    187,
    188,
    189,
    191,
    192,
    193,
    194,
    195,
    196,
    197,
    198,
    199
  ],
  "correct_rate": 74.0,
  "negative_samples_avg_ppl": 582.514128062953,
  "positive_samples_avg_ppl": 348.8339908089302
}