{
  "correct_idxs": [
    0,
    1,
    4,
    5,
    7,
    9,
    10,
    12,
    16,
    18,
    19,
    20,
    21,
    25,
    26,
    28,
    30,
    31,
    32,
    34,
    35,
    36,
    37,
    38,
    39,
    40,
    41,
    43,
    46,
    47,
    49,
    50,
    51,
    52,
    56,
    57,
    60,
    61,
    62,
    64,
    65,
    67,
    68,
    73,
    74,
    75,
    80,
    81,
    82,
    87,
    88,
    91,
    93,
    96,
    97,
    98,
    99,
    100,
    101,
    102,
    103,
    104,
    106,
    111,
    112,
    115,
    116,
    120,
    121,
    122,
    123,
    126,
    130,
    132,
    134,
    135,
    138,
    139,
    141,
    142,
    143,
    144,
    145,
    146,
    147,
    154,
    155,
    158,
    159,
    160,
    161,
    162,
    163,
    164,
    165,
    167,
    169,
    170,
    172,
    174,
    175,
    176,
    177,
    178,
    179,
    180,
    182,
    183,
    186,
    189,
    191,
    192,
    193,
    194,
    199
  ],
  "correct_rate": 57.5,
  "negative_samples_avg_ppl": 0.7352475646026393,
  "positive_samples_avg_ppl": 0.6827811324559654
}