{
  "correct_idxs": [
    0,
    2,
    6,
    7,
    10,
    11,
    12,
    13,
    14,
    15,
    16,
    18,
    19,
    20,
    21,
    22,
    24,
    25,
    26,
    28,
    30,
    31,
    32,
    33,
    34,
    35,
    36,
    37,
    39,
    40,
    42,
    44,
    45,
    46,
    47,
    48,
    49,
    50,
    51,
    53,
    55,
    56,
    60,
    61,
    62,
    63,
    64,
    65,
    67,
    68,
    69,
    70,
    71,
    74,
    75,
    76,
    78,
    81,
    82,
    83,
    84,
    85,
    88,
    89,
    92,
    94,
    95,
    97,
    98,
    100,
    101,
    102,
    103,
    104,
    105,
    106,
    107,
    108,
    110,
    112,
    114,
    116,
    117,
    119,
    120,
    121,
    122,
    123,
    124,
    127,
    128,
    131,
    132,
    133,
    136,
    137,
    139,
    140,
    141,
    142,
    143,
    144,
    146,
    147,
    149,
    150,
    151,
    152,
    153,
    155,
    157,
    158,
    159,
    161,
    163,
    164,
    165,
    167,
    168,
    170,
    172,
    173,
    174,
    175,
    176,
    178,
    179,
    180,
    181,
    182,
    183,
    184,
    186,
    187,
    188,
    189,
    191,
    192,
    193,
    194,
    195,
    196,
    197,
    198,
    199
  ],
  "correct_rate": 72.5,
  "negative_samples_avg_ppl": 118.75034111163868,
  "positive_samples_avg_ppl": 53.27478551246256
}