{
  "correct_idxs": [
    1,
    2,
    4,
    5,
    6,
    8,
    11,
    12,
    13,
    15,
    18,
    19,
    20,
    26,
    28,
    30,
    35,
    36,
    39,
    45,
    46,
    48,
    51,
    53,
    56,
    57,
    59,
    60,
    62,
    64,
    65,
    66,
    67,
    69,
    71,
    72,
    73,
    75,
    76,
    77,
    78,
    79,
    83,
    85,
    86,
    87,
    88,
    91,
    93,
    94,
    97,
    98,
    100,
    102,
    104,
    105,
    106,
    109,
    110,
    115,
    116,
    117,
    119,
    121,
    125,
    127,
    128,
    129,
    130,
    132,
    134,
    135,
    138,
    139,
    140,
    141,
    142,
    143,
    144,
    145,
    147,
    150,
    151,
    152,
    155,
    157,
    158,
    161,
    164,
    166,
    167,
    169,
    170,
    174,
    177,
    180,
    181,
    183,
    184,
    185,
    186,
    188,
    192,
    195,
    196,
    197,
    199
  ],
  "correct_rate": 53.5,
  "negative_samples_avg_ppl": 0.041328942079568894,
  "positive_samples_avg_ppl": 0.039150297070218665
}