{
  "correct_idxs": [
    0,
    1,
    4,
    6,
    7,
    8,
    9,
    10,
    12,
    14,
    16,
    18,
    20,
    21,
    23,
    28,
    30,
    32,
    34,
    36,
    37,
    40,
    42,
    44,
    45,
    47,
    53,
    58,
    61,
    62,
    63,
    65,
    66,
    67,
    68,
    69,
    70,
    73,
    77,
    78,
    79,
    80,
    81,
    83,
    86,
    87,
    88,
    92,
    93,
    95,
    96,
    98,
    99,
    101,
    103,
    105,
    106,
    107,
    108,
    109,
    111,
    112,
    113,
    121,
    123,
    125,
    126,
    127,
    129,
    131,
    132,
    134,
    138,
    144,
    146,
    151,
    152,
    154,
    155,
    157,
    159,
    160,
    163,
    168,
    169,
    174,
    178,
    181,
    182,
    183,
    184,
    185,
    187,
    188,
    189,
    190,
    193,
    195,
    196
  ],
  "correct_rate": 49.5,
  "negative_samples_avg_ppl": 7.950937698565352,
  "positive_samples_avg_ppl": 7.759704354698448
}