{
  "correct_idxs": [
    0,
    2,
    4,
    5,
    6,
    7,
    10,
    13,
    14,
    15,
    18,
    21,
    26,
    31,
    33,
    34,
    35,
    36,
    39,
    41,
    43,
    44,
    45,
    49,
    51,
    52,
    53,
    54,
    56,
    58,
    60,
    61,
    62,
    65,
    67,
    73,
    76,
    77,
    79,
    80,
    82,
    83,
    87,
    88,
    89,
    91,
    93,
    95,
    97,
    99,
    100,
    101,
    102,
    104,
    106,
    108,
    111,
    116,
    118,
    119,
    120,
    121,
    126,
    127,
    130,
    131,
    132,
    134,
    137,
    140,
    142,
    143,
    145,
    146,
    147,
    149,
    151,
    152,
    154,
    155,
    157,
    158,
    160,
    161,
    162,
    163,
    165,
    167,
    169,
    170,
    171,
    172,
    174,
    176,
    178,
    179,
    180,
    181,
    182,
    183,
    184,
    185,
    187,
    188,
    189,
    193,
    196,
    197,
    199
  ],
  "correct_rate": 54.5,
  "negative_samples_avg_ppl": 7.618607678540754,
  "positive_samples_avg_ppl": 7.032215458159048
}