{
  "correct_idxs": [
    2,
    4,
    5,
    6,
    8,
    9,
    10,
    11,
    12,
    13,
    15,
    16,
    18,
    19,
    22,
    24,
    28,
    32,
    34,
    37,
    39,
    40,
    41,
    43,
    45,
    46,
    47,
    49,
    52,
    53,
    54,
    59,
    61,
    63,
    64,
    65,
    66,
    68,
    71,
    72,
    73,
    75,
    76,
    78,
    81,
    83,
    85,
    86,
    87,
    88,
    91,
    92,
    93,
    97,
    101,
    103,
    108,
    109,
    110,
    111,
    112,
    114,
    116,
    118,
    120,
    122,
    123,
    124,
    126,
    128,
    129,
    131,
    132,
    133,
    136,
    137,
    138,
    139,
    140,
    141,
    142,
    144,
    148,
    149,
    150,
    153,
    155,
    156,
    157,
    158,
    159,
    163,
    164,
    165,
    167,
    168,
    169,
    170,
    172,
    173,
    175,
    180,
    183,
    185,
    187,
    188,
    191,
    192,
    193,
    195,
    196,
    199
  ],
  "correct_rate": 56.0,
  "negative_samples_avg_ppl": 154.57920744606554,
  "positive_samples_avg_ppl": 147.59366141758676
}