{
  "correct_idxs": [
    0,
    2,
    4,
    5,
    7,
    10,
    13,
    14,
    16,
    17,
    19,
    20,
    22,
    23,
    25,
    26,
    28,
    29,
    30,
    31,
    33,
    34,
    36,
    37,
    38,
    39,
    40,
    42,
    43,
    44,
    46,
    52,
    54,
    55,
    59,
    60,
    61,
    62,
    64,
    65,
    68,
    70,
    72,
    74,
    75,
    76,
    77,
    78,
    79,
    81,
    82,
    85,
    86,
    87,
    88,
    90,
    91,
    92,
    93,
    95,
    100,
    102,
    103,
    104,
    105,
    108,
    110,
    112,
    113,
    114,
    115,
    118,
    120,
    122,
    124,
    125,
    126,
    127,
    129,
    130,
    131,
    134,
    135,
    137,
    138,
    140,
    141,
    142,
    143,
    144,
    145,
    146,
    147,
    148,
    151,
    152,
    153,
    154,
    157,
    158,
    159,
    160,
    163,
    164,
    168,
    169,
    170,
    174,
    175,
    176,
    177,
    178,
    180,
    181,
    182,
    183,
    184,
    186,
    187,
    193,
    194,
    196,
    197,
    198
  ],
  "correct_rate": 62.0,
  "negative_samples_avg_ppl": 350.7549640486838,
  "positive_samples_avg_ppl": 222.51934420756695
}