{
  "correct_idxs": [
    2,
    4,
    6,
    7,
    8,
    12,
    13,
    14,
    16,
    17,
    19,
    20,
    21,
    22,
    24,
    26,
    27,
    29,
    30,
    32,
    34,
    36,
    37,
    38,
    39,
    40,
    41,
    42,
    45,
    47,
    48,
    49,
    50,
    53,
    57,
    59,
    62,
    65,
    66,
    67,
    70,
    71,
    72,
    73,
    74,
    75,
    76,
    77,
    78,
    82,
    83,
    84,
    87,
    88,
    89,
    90,
    92,
    94,
    95,
    96,
    97,
    99,
    100,
    101,
    102,
    103,
    105,
    107,
    108,
    109,
    110,
    111,
    112,
    113,
    114,
    115,
    116,
    117,
    118,
    119,
    121,
    122,
    123,
    125,
    128,
    129,
    130,
    131,
    135,
    138,
    139,
    140,
    141,
    142,
    143,
    144,
    145,
    146,
    148,
    149,
    150,
    152,
    153,
    155,
    156,
    157,
    160,
    161,
    162,
    163,
    165,
    166,
    167,
    168,
    169,
    170,
    172,
    173,
    175,
    176,
    179,
    180,
    181,
    183,
    184,
    185,
    187,
    188,
    189,
    191,
    195,
    197,
    198
  ],
  "correct_rate": 66.75,
  "negative_samples_avg_ppl": 6.530377987829599,
  "positive_samples_avg_ppl": 4.748042436446033
}