{
  "correct_idxs": [
    0,
    1,
    2,
    3,
    4,
    5,
    9,
    11,
    12,
    13,
    15,
    17,
    18,
    19,
    20,
    22,
    24,
    25,
    26,
    29,
    30,
    32,
    33,
    34,
    35,
    36,
    39,
    41,
    42,
    43,
    45,
    47,
    48,
    49,
    50,
    53,
    54,
    56,
    57,
    58,
    59,
    60,
    67,
    68,
    69,
    70,
    72,
    73,
    74,
    76,
    77,
    82,
    83,
    85,
    87,
    90,
    91,
    92,
    94,
    95,
    96,
    97,
    98,
    99,
    101,
    105,
    106,
    107,
    108,
    110,
    111,
    113,
    114,
    115,
    118,
    123,
    124,
    125,
    128,
    129,
    130,
    138,
    139,
    143,
    147,
    148,
    149,
    150,
    153,
    155,
    160,
    162,
    163,
    166,
    167,
    168,
    169,
    171,
    172,
    173,
    174,
    176,
    177,
    179,
    180,
    181,
    182,
    183,
    186,
    187,
    188,
    191,
    193,
    194,
    196,
    197,
    199
  ],
  "correct_rate": 58.5,
  "negative_samples_avg_ppl": 0.7823107888400482,
  "positive_samples_avg_ppl": 0.7271640832443955
}