{
  "correct_idxs": [
    1,
    3,
    4,
    5,
    7,
    8,
    13,
    14,
    16,
    17,
    22,
    23,
    24,
    26,
    27,
    30,
    32,
    35,
    36,
    38,
    39,
    40,
    41,
    45,
    50,
    53,
    54,
    55,
    57,
    59,
    60,
    61,
    62,
    64,
    65,
    68,
    69,
    70,
    76,
    77,
    79,
    80,
    81,
    85,
    86,
    87,
    89,
    90,
    91,
    92,
    94,
    96,
    97,
    98,
    99,
    103,
    104,
    106,
    107,
    108,
    109,
    110,
    111,
    119,
    120,
    126,
    128,
    130,
    132,
    133,
    136,
    138,
    139,
    142,
    144,
    145,
    149,
    151,
    154,
    159,
    160,
    162,
    163,
    164,
    168,
    173,
    174,
    175,
    181,
    182,
    183,
    184,
    186,
    190,
    197,
    198,
    199
  ],
  "correct_rate": 48.5,
  "negative_samples_avg_ppl": 188.63029892910268,
  "positive_samples_avg_ppl": 204.86680551080502
}