{
  "correct_idxs": [
    1,
    4,
    6,
    8,
    9,
    10,
    11,
    12,
    14,
    18,
    21,
    23,
    24,
    25,
    26,
    27,
    28,
    29,
    30,
    31,
    32,
    33,
    34,
    35,
    36,
    37,
    38,
    40,
    41,
    42,
    43,
    44,
    45,
    48,
    50,
    51,
    53,
    55,
    56,
    57,
    60,
    62,
    63,
    64,
    65,
    71,
    72,
    74,
    75,
    79,
    80,
    82,
    83,
    85,
    87,
    88,
    93,
    95,
    96,
    97,
    98,
    99,
    102,
    103,
    105,
    106,
    107,
    108,
    109,
    112,
    113,
    115,
    122,
    123,
    125,
    126,
    128,
    130,
    131,
    132,
    133,
    134,
    135,
    136,
    137,
    138,
    140,
    141,
    143,
    144,
    146,
    148,
    150,
    152,
    154,
    155,
    156,
    157,
    161,
    164,
    165,
    170,
    171,
    172,
    175,
    176,
    177,
    179,
    181,
    183,
    185,
    186,
    187,
    188,
    189,
    191,
    193,
    199
  ],
  "correct_rate": 59.0,
  "negative_samples_avg_ppl": 6.082813048038231,
  "positive_samples_avg_ppl": 5.537345798696499
}