{
  "correct_idxs": [
    1,
    2,
    4,
    5,
    6,
    8,
    10,
    11,
    12,
    13,
    15,
    16,
    17,
    18,
    19,
    20,
    25,
    28,
    29,
    30,
    33,
    34,
    35,
    36,
    39,
    40,
    42,
    43,
    45,
    46,
    48,
    50,
    51,
    52,
    53,
    54,
    55,
    57,
    60,
    61,
    62,
    63,
    65,
    66,
    67,
    71,
    74,
    75,
    76,
    77,
    79,
    81,
    83,
    84,
    85,
    86,
    87,
    90,
    92,
    93,
    94,
    95,
    96,
    97,
    98,
    102,
    103,
    104,
    105,
    107,
    108,
    109,
    112,
    113,
    114,
    115,
    116,
    117,
    119,
    123,
    125,
    126,
    127,
    128,
    129,
    130,
    132,
    134,
    138,
    140,
    143,
    145,
    146,
    150,
    151,
    152,
    153,
    155,
    156,
    157,
    163,
    164,
    165,
    168,
    170,
    174,
    177,
    180,
    181,
    182,
    184,
    187,
    188,
    189,
    190,
    192,
    195,
    196,
    197
  ],
  "correct_rate": 59.5,
  "negative_samples_avg_ppl": 1.0212782221486827,
  "positive_samples_avg_ppl": 1.0212295999890193
}