{
  "correct_idxs": [
    2,
    4,
    5,
    6,
    7,
    8,
    11,
    13,
    16,
    17,
    18,
    23,
    26,
    27,
    30,
    34,
    35,
    39,
    46,
    50,
    51,
    57,
    58,
    60,
    62,
    64,
    65,
    66,
    71,
    72,
    73,
    74,
    76,
    79,
    83,
    84,
    85,
    86,
    87,
    88,
    91,
    93,
    94,
    95,
    96,
    97,
    98,
    100,
    101,
    104,
    106,
    108,
    109,
    112,
    113,
    114,
    115,
    117,
    119,
    120,
    121,
    122,
    124,
    125,
    127,
    131,
    134,
    136,
    137,
    138,
    139,
    140,
    141,
    143,
    144,
    145,
    150,
    151,
    152,
    155,
    158,
    161,
    164,
    165,
    166,
    167,
    169,
    170,
    173,
    174,
    176,
    177,
    178,
    179,
    180,
    181,
    182,
    184,
    185,
    186,
    187,
    188,
    191,
    192,
    194,
    197,
    198
  ],
  "correct_rate": 53.5,
  "negative_samples_avg_ppl": 69.8329630131787,
  "positive_samples_avg_ppl": 67.61791140369381
}