{
  "correct_idxs": [
    1,
    4,
    5,
    6,
    8,
    10,
    11,
    13,
    16,
    18,
    23,
    25,
    26,
    27,
    29,
    30,
    33,
    34,
    35,
    36,
    38,
    42,
    45,
    46,
    48,
    50,
    51,
    53,
    55,
    56,
    57,
    59,
    60,
    64,
    65,
    66,
    71,
    72,
    73,
    74,
    75,
    76,
    77,
    79,
    80,
    81,
    83,
    85,
    86,
    88,
    91,
    92,
    93,
    94,
    95,
    97,
    98,
    100,
    101,
    102,
    103,
    104,
    105,
    106,
    107,
    110,
    112,
    113,
    114,
    115,
    116,
    117,
    119,
    121,
    122,
    124,
    125,
    129,
    133,
    134,
    135,
    138,
    140,
    142,
    144,
    145,
    147,
    150,
    151,
    155,
    159,
    161,
    165,
    166,
    168,
    170,
    171,
    172,
    173,
    174,
    176,
    177,
    180,
    184,
    185,
    188,
    190,
    191,
    192,
    193
  ],
  "correct_rate": 55.0,
  "negative_samples_avg_ppl": 5219.300537401416,
  "positive_samples_avg_ppl": 4034.0437616189315
}