{
  "correct_idxs": [
    1,
    4,
    5,
    6,
    11,
    13,
    16,
    18,
    24,
    26,
    30,
    33,
    34,
    35,
    36,
    39,
    42,
    46,
    47,
    48,
    51,
    53,
    54,
    55,
    57,
    59,
    60,
    61,
    62,
    63,
    64,
    65,
    66,
    67,
    70,
    71,
    72,
    73,
    74,
    76,
    77,
    78,
    79,
    80,
    81,
    83,
    84,
    85,
    86,
    91,
    92,
    93,
    94,
    97,
    100,
    102,
    104,
    106,
    107,
    111,
    112,
    113,
    114,
    115,
    116,
    117,
    119,
    121,
    124,
    125,
    127,
    129,
    134,
    135,
    138,
    139,
    140,
    142,
    144,
    147,
    150,
    151,
    157,
    158,
    159,
    161,
    163,
    165,
    166,
    167,
    170,
    171,
    173,
    174,
    181,
    185,
    186,
    188,
    192,
    193,
    194,
    197,
    199
  ],
  "correct_rate": 51.5,
  "negative_samples_avg_ppl": 530.3851492515748,
  "positive_samples_avg_ppl": 507.20981348103993
}