{
  "correct_idxs": [
    0,
    1,
    3,
    5,
    7,
    9,
    10,
    11,
    13,
    14,
    15,
    17,
    19,
    21,
    22,
    23,
    24,
    25,
    29,
    31,
    32,
    33,
    34,
    35,
    36,
    37,
    39,
    40,
    42,
    43,
    47,
    48,
    49,
    53,
    57,
    58,
    61,
    63,
    67,
    70,
    71,
    72,
    73,
    74,
    75,
    76,
    81,
    85,
    87,
    90,
    91,
    92,
    94,
    97,
    100,
    101,
    105,
    106,
    107,
    108,
    110,
    111,
    113,
    114,
    115,
    117,
    119,
    120,
    121,
    124,
    125,
    129,
    132,
    133,
    137,
    138,
    141,
    142,
    143,
    145,
    149,
    151,
    153,
    154,
    156,
    157,
    161,
    162,
    163,
    165,
    166,
    167,
    169,
    171,
    172,
    174,
    175,
    176,
    177,
    179,
    180,
    181,
    182,
    183,
    184,
    186,
    187,
    188,
    191,
    194,
    197,
    198
  ],
  "correct_rate": 56.0,
  "negative_samples_avg_ppl": 0.4280636240020565,
  "positive_samples_avg_ppl": 0.3430787987700484
}