{
  "correct_idxs": [
    0,
    1,
    2,
    5,
    6,
    8,
    9,
    10,
    11,
    12,
    13,
    14,
    15,
    19,
    21,
    23,
    25,
    27,
    30,
    31,
    32,
    36,
    38,
    40,
    42,
    43,
    46,
    48,
    49,
    51,
    52,
    53,
    61,
    64,
    65,
    68,
    71,
    72,
    73,
    76,
    78,
    79,
    82,
    84,
    87,
    88,
    89,
    91,
    93,
    94,
    95,
    96,
    97,
    98,
    103,
    105,
    106,
    108,
    110,
    112,
    114,
    118,
    119,
    120,
    121,
    122,
    125,
    126,
    128,
    129,
    132,
    133,
    135,
    137,
    138,
    140,
    141,
    144,
    145,
    146,
    155,
    156,
    161,
    162,
    163,
    166,
    167,
    168,
    169,
    170,
    171,
    172,
    173,
    175,
    176,
    178,
    179,
    181,
    183,
    189,
    190,
    192,
    193,
    196,
    197,
    199
  ],
  "correct_rate": 53.75,
  "negative_samples_avg_ppl": 4.282840370375256,
  "positive_samples_avg_ppl": 4.050886214681384
}