{
  "correct_idxs": [
    1,
    2,
    6,
    7,
    13,
    14,
    16,
    19,
    20,
    21,
    23,
    25,
    26,
    29,
    30,
    32,
    35,
    36,
    37,
    39,
    40,
    41,
    43,
    44,
    45,
    47,
    49,
    53,
    55,
    56,
    59,
    60,
    61,
    65,
    69,
    71,
    73,
    75,
    77,
    79,
    81,
    82,
    83,
    84,
    87,
    88,
    91,
    92,
    99,
    100,
    104,
    106,
    107,
    110,
    112,
    113,
    114,
    115,
    117,
    121,
    122,
    124,
    125,
    126,
    128,
    133,
    135,
    136,
    139,
    143,
    144,
    145,
    148,
    150,
    151,
    152,
    154,
    160,
    163,
    166,
    167,
    172,
    176,
    177,
    178,
    180,
    182,
    186,
    188,
    190,
    191,
    192,
    193,
    194
  ],
  "correct_rate": 47.0,
  "negative_samples_avg_ppl": 155010.80083714597,
  "positive_samples_avg_ppl": 166380.20340723166
}