{
  "correct_idxs": [
    1,
    3,
    4,
    5,
    7,
    8,
    9,
    13,
    14,
    15,
    20,
    22,
    23,
    25,
    27,
    29,
    30,
    33,
    34,
    35,
    36,
    39,
    40,
    41,
    44,
    45,
    46,
    47,
    48,
    53,
    55,
    59,
    60,
    61,
    63,
    69,
    75,
    76,
    77,
    78,
    80,
    81,
    82,
    84,
    87,
    91,
    92,
    93,
    94,
    97,
    98,
    99,
    100,
    104,
    106,
    107,
    108,
    110,
    111,
    112,
    113,
    114,
    115,
    117,
    118,
    122,
    124,
    126,
    128,
    132,
    133,
    134,
    136,
    137,
    138,
    139,
    140,
    143,
    144,
    145,
    150,
    151,
    154,
    156,
    161,
    164,
    166,
    167,
    173,
    174,
    175,
    176,
    177,
    178,
    182,
    185,
    186,
    188,
    191,
    192,
    193,
    195,
    198
  ],
  "correct_rate": 51.5,
  "negative_samples_avg_ppl": 46325.033162932734,
  "positive_samples_avg_ppl": 36503.247821714554
}