{
  "correct_idxs": [
    3,
    4,
    6,
    8,
    9,
    10,
    11,
    12,
    13,
    15,
    16,
    17,
    18,
    20,
    21,
    22,
    23,
    26,
    28,
    29,
    30,
    31,
    32,
    33,
    34,
    36,
    37,
    38,
    43,
    45,
    46,
    48,
    49,
    50,
    52,
    54,
    55,
    58,
    60,
    61,
    63,
    64,
    65,
    68,
    69,
    70,
    71,
    73,
    74,
    75,
    78,
    80,
    83,
    84,
    85,
    88,
    89,
    92,
    97,
    98,
    100,
    105,
    106,
    107,
    109,
    110,
    111,
    112,
    113,
    115,
    116,
    120,
    121,
    123,
    126,
    128,
    130,
    131,
    134,
    135,
    136,
    137,
    138,
    140,
    141,
    143,
    145,
    147,
    150,
    151,
    152,
    154,
    158,
    160,
    161,
    162,
    164,
    165,
    166,
    168,
    169,
    170,
    172,
    174,
    175,
    180,
    181,
    183,
    184,
    185,
    188,
    189,
    191,
    192,
    196,
    197,
    198
  ],
  "correct_rate": 58.5,
  "negative_samples_avg_ppl": 1118.2943036127676,
  "positive_samples_avg_ppl": 796.7048586937784
}