{
  "correct_idxs": [
    1,
    3,
    4,
    5,
    6,
    7,
    9,
    10,
    11,
    15,
    16,
    19,
    20,
    21,
    22,
    23,
    25,
    26,
    28,
    31,
    32,
    33,
    34,
    36,
    37,
    38,
    43,
    46,
    48,
    49,
    50,
    51,
    52,
    54,
    55,
    56,
    58,
    59,
    60,
    61,
    63,
    64,
    67,
    69,
    70,
    71,
    72,
    73,
    74,
    75,
    78,
    82,
    83,
    84,
    87,
    88,
    89,
    91,
    93,
    97,
    98,
    100,
    105,
    106,
    107,
    109,
    110,
    111,
    112,
    113,
    114,
    116,
    117,
    118,
    120,
    122,
    123,
    124,
    126,
    128,
    134,
    135,
    136,
    138,
    140,
    141,
    143,
    147,
    150,
    151,
    152,
    153,
    154,
    155,
    158,
    159,
    160,
    161,
    162,
    165,
    166,
    169,
    170,
    171,
    172,
    174,
    175,
    177,
    180,
    181,
    183,
    184,
    186,
    189,
    191,
    192,
    198,
    199
  ],
  "correct_rate": 59.0,
  "negative_samples_avg_ppl": 888.0204652004732,
  "positive_samples_avg_ppl": 649.9784453598379
}