{
  "correct_idxs": [
    2,
    6,
    7,
    8,
    9,
    11,
    13,
    14,
    15,
    16,
    17,
    20,
    21,
    22,
    23,
    24,
    25,
    26,
    27,
    30,
    31,
    32,
    33,
    34,
    35,
    36,
    37,
    39,
    40,
    43,
    45,
    46,
    47,
    53,
    55,
    56,
    59,
    60,
    61,
    63,
    64,
    66,
    67,
    68,
    71,
    73,
    76,
    77,
    78,
    80,
    81,
    83,
    84,
    85,
    89,
    90,
    91,
    92,
    93,
    94,
    95,
    100,
    102,
    103,
    104,
    105,
    106,
    108,
    110,
    112,
    114,
    116,
    118,
    119,
    120,
    122,
    123,
    124,
    125,
    127,
    128,
    130,
    131,
    133,
    134,
    136,
    139,
    140,
    141,
    142,
    143,
    145,
    146,
    147,
    149,
    150,
    151,
    152,
    153,
    154,
    155,
    156,
    159,
    160,
    161,
    162,
    163,
    164,
    165,
    166,
    167,
    168,
    169,
    171,
    172,
    173,
    175,
    177,
    178,
    180,
    182,
    183,
    184,
    186,
    187,
    189,
    191,
    192,
    193,
    194,
    196,
    197
  ],
  "correct_rate": 66.0,
  "negative_samples_avg_ppl": 227.1336870429561,
  "positive_samples_avg_ppl": 189.5015952304226
}