{
  "correct_idxs": [
    1,
    2,
    3,
    4,
    5,
    6,
    7,
    8,
    10,
    11,
    13,
    16,
    17,
    18,
    20,
    23,
    24,
    25,
    27,
    28,
    29,
    30,
    31,
    33,
    34,
    35,
    37,
    38,
    39,
    40,
    41,
    42,
    44,
    45,
    46,
    47,
    48,
    49,
    50,
    51,
    52,
    53,
    54,
    55,
    59,
    60,
    61,
    62,
    63,
    64,
    65,
    66,
    67,
    70,
    71,
    72,
    73,
    74,
    75,
    76,
    77,
    79,
    80,
    81,
    84,
    85,
    86,
    87,
    88,
    89,
    90,
    91,
    92,
    93,
    94,
    95,
    96,
    97,
    98,
    100,
    101,
    102,
    103,
    104,
    105,
    106,
    108,
    109,
    110,
    112,
    113,
    114,
    115,
    116,
    117,
    118,
    119,
    120,
    121,
    122,
    124,
    125,
    126,
    127,
    129,
    130,
    132,
    133,
    135,
    137,
    139,
    140,
    141,
    143,
    144,
    145,
    146,
    147,
    148,
    150,
    151,
    152,
    153,
    154,
    157,
    159,
    162,
    163,
    164,
    165,
    166,
    168,
    169,
    170,
    172,
    174,
    175,
    176,
    177,
    180,
    183,
    184,
    185,
    186,
    187,
    189,
    190,
    191,
    192,
    193,
    196,
    197,
    199
  ],
  "correct_rate": 76.5,
  "negative_samples_avg_ppl": 129.45319626029683,
  "positive_samples_avg_ppl": 45.97877312918491
}