{
  "correct_idxs": [
    2,
    3,
    4,
    7,
    9,
    11,
    12,
    14,
    18,
    21,
    23,
    24,
    27,
    30,
    32,
    33,
    34,
    36,
    37,
    38,
    40,
    41,
    42,
    43,
    44,
    45,
    47,
    49,
    51,
    55,
    56,
    60,
    61,
    62,
    64,
    65,
    72,
    73,
    74,
    80,
    82,
    84,
    85,
    87,
    91,
    93,
    95,
    96,
    97,
    98,
    102,
    103,
    104,
    106,
    108,
    109,
    110,
    111,
    112,
    113,
    114,
    115,
    117,
    120,
    121,
    122,
    123,
    125,
    126,
    128,
    130,
    131,
    132,
    133,
    134,
    135,
    136,
    138,
    140,
    141,
    142,
    143,
    144,
    145,
    147,
    148,
    149,
    150,
    152,
    153,
    154,
    155,
    156,
    157,
    159,
    162,
    164,
    165,
    166,
    168,
    170,
    171,
    172,
    173,
    175,
    176,
    177,
    179,
    182,
    183,
    184,
    185,
    186,
    188,
    189,
    190,
    191,
    192,
    193,
    194,
    197,
    198,
    199
  ],
  "correct_rate": 61.5,
  "negative_samples_avg_ppl": 11.418661045694156,
  "positive_samples_avg_ppl": 9.164360342227754
}