{
  "correct_idxs": [
    0,
    2,
    3,
    5,
    9,
    10,
    12,
    20,
    22,
    24,
    26,
    28,
    37,
    38,
    39,
    43,
    48,
    52,
    57,
    61,
    62,
    66,
    67,
    68,
    72,
    74,
    75,
    80,
    81,
    84,
    87,
    92,
    96,
    97,
    100,
    101,
    102,
    105,
    107,
    110,
    116,
    119,
    120,
    121,
    122,
    123,
    124,
    125,
    127,
    132,
    136,
    137,
    138,
    141,
    145,
    146,
    147,
    148,
    153,
    158,
    159,
    160,
    165,
    166,
    167,
    168,
    170,
    171,
    172,
    175,
    181,
    188,
    189,
    192,
    193,
    195,
    196,
    198
  ],
  "correct_rate": 39.0,
  "negative_samples_avg_ppl": 15.655470338876851,
  "positive_samples_avg_ppl": 24.66417019516986
}