{
  "correct_idxs": [
    1,
    2,
    5,
    7,
    8,
    9,
    10,
    11,
    12,
    15,
    17,
    21,
    24,
    26,
    28,
    29,
    32,
    34,
    36,
    37,
    38,
    39,
    40,
    41,
    42,
    43,
    44,
    45,
    46,
    47,
    49,
    50,
    52,
    53,
    54,
    59,
    60,
    61,
    66,
    68,
    69,
    70,
    72,
    73,
    75,
    77,
    78,
    79,
    80,
    84,
    88,
    89,
    90,
    91,
    93,
    95,
    97,
    99,
    101,
    102,
    103,
    106,
    108,
    109,
    110,
    111,
    112,
    113,
    114,
    115,
    116,
    117,
    118,
    120,
    121,
    122,
    123,
    124,
    125,
    126,
    127,
    128,
    129,
    130,
    132,
    133,
    134,
    136,
    137,
    138,
    140,
    141,
    142,
    143,
    145,
    146,
    148,
    150,
    154,
    155,
    156,
    158,
    161,
    162,
    163,
    165,
    166,
    167,
    169,
    170,
    171,
    172,
    174,
    175,
    176,
    177,
    178,
    179,
    180,
    181,
    182,
    183,
    184,
    185,
    186,
    187,
    189,
    190,
    192,
    194,
    196,
    199
  ],
  "correct_rate": 66.25,
  "negative_samples_avg_ppl": 23.89024600555656,
  "positive_samples_avg_ppl": 16.939416601321607
}