{
  "correct_idxs": [
    0,
    1,
    2,
    3,
    6,
    7,
    8,
    9,
    12,
    14,
    16,
    17,
    21,
    22,
    23,
    24,
    27,
    28,
    29,
    30,
    33,
    34,
    36,
    37,
    38,
    39,
    43,
    44,
    45,
    47,
    50,
    52,
    53,
    55,
    58,
    59,
    60,
    62,
    64,
    66,
    67,
    68,
    69,
    70,
    73,
    77,
    78,
    79,
    80,
    83,
    86,
    87,
    88,
    91,
    94,
    95,
    96,
    100,
    101,
    102,
    105,
    106,
    107,
    108,
    110,
    111,
    112,
    113,
    114,
    115,
    117,
    118,
    119,
    120,
    121,
    122,
    123,
    125,
    126,
    128,
    130,
    131,
    134,
    136,
    141,
    144,
    146,
    147,
    151,
    156,
    157,
    158,
    159,
    160,
    162,
    165,
    168,
    169,
    171,
    173,
    175,
    177,
    178,
    180,
    181,
    182,
    185,
    186,
    188,
    189,
    190,
    192,
    193,
    194,
    196
  ],
  "correct_rate": 57.5,
  "negative_samples_avg_ppl": 7.955683929734345,
  "positive_samples_avg_ppl": 7.757725045453324
}