{
  "correct_idxs": [
    0,
    4,
    5,
    6,
    7,
    12,
    13,
    14,
    15,
    20,
    21,
    22,
    23,
    28,
    31,
    34,
    36,
    37,
    38,
    39,
    40,
    42,
    44,
    45,
    46,
    48,
    51,
    54,
    57,
    58,
    62,
    64,
    67,
    69,
    70,
    71,
    72,
    73,
    74,
    75,
    77,
    78,
    80,
    81,
    82,
    83,
    86,
    88,
    90,
    92,
    93,
    94,
    99,
    100,
    102,
    103,
    104,
    106,
    109,
    110,
    112,
    114,
    116,
    118,
    119,
    127,
    131,
    133,
    134,
    138,
    141,
    142,
    143,
    145,
    146,
    147,
    149,
    152,
    154,
    155,
    157,
    158,
    162,
    167,
    168,
    170,
    171,
    172,
    174,
    175,
    177,
    178,
    179,
    185,
    186,
    188,
    189,
    191,
    196,
    198,
    199
  ],
  "correct_rate": 50.5,
  "negative_samples_avg_ppl": 5.8228234256094,
  "positive_samples_avg_ppl": 5.516283230250368
}