{
  "correct_idxs": [
    0,
    2,
    3,
    5,
    8,
    9,
    10,
    11,
    12,
    15,
    16,
    18,
    22,
    24,
    28,
    32,
    37,
    39,
    41,
    43,
    45,
    46,
    47,
    48,
    52,
    54,
    57,
    58,
    61,
    62,
    63,
    64,
    65,
    66,
    68,
    69,
    71,
    72,
    75,
    76,
    78,
    80,
    81,
    82,
    83,
    85,
    87,
    88,
    90,
    91,
    92,
    93,
    94,
    95,
    97,
    99,
    101,
    103,
    104,
    106,
    107,
    108,
    109,
    111,
    112,
    114,
    118,
    119,
    120,
    122,
    123,
    124,
    125,
    127,
    128,
    130,
    131,
    132,
    133,
    136,
    137,
    138,
    140,
    141,
    144,
    146,
    148,
    149,
    150,
    152,
    153,
    154,
    156,
    157,
    158,
    159,
    160,
    164,
    165,
    166,
    167,
    168,
    169,
    170,
    172,
    173,
    175,
    178,
    179,
    181,
    184,
    187,
    188,
    191,
    193,
    195,
    196,
    198
  ],
  "correct_rate": 59.0,
  "negative_samples_avg_ppl": 32.98739979631061,
  "positive_samples_avg_ppl": 31.35695713331312
}