{
  "correct_idxs": [
    0,
    1,
    3,
    4,
    6,
    8,
    9,
    10,
    11,
    12,
    13,
    14,
    18,
    19,
    21,
    23,
    24,
    25,
    26,
    27,
    28,
    29,
    30,
    31,
    32,
    33,
    34,
    35,
    36,
    37,
    38,
    40,
    41,
    42,
    43,
    44,
    45,
    47,
    48,
    49,
    50,
    53,
    55,
    56,
    57,
    60,
    62,
    63,
    64,
    65,
    69,
    72,
    74,
    75,
    77,
    79,
    80,
    82,
    85,
    86,
    88,
    90,
    93,
    95,
    96,
    97,
    103,
    104,
    105,
    106,
    108,
    109,
    110,
    111,
    112,
    113,
    114,
    115,
    116,
    117,
    120,
    121,
    122,
    123,
    125,
    126,
    127,
    128,
    131,
    132,
    133,
    134,
    135,
    136,
    137,
    138,
    140,
    143,
    144,
    147,
    148,
    149,
    150,
    152,
    154,
    155,
    156,
    157,
    159,
    162,
    163,
    164,
    166,
    168,
    169,
    170,
    171,
    172,
    174,
    175,
    176,
    177,
    179,
    181,
    183,
    184,
    185,
    187,
    189,
    190,
    191,
    193,
    194,
    196,
    199
  ],
  "correct_rate": 67.5,
  "negative_samples_avg_ppl": 1.0188463315878513,
  "positive_samples_avg_ppl": 1.0178593154095876
}