{
  "correct_idxs": [
    0,
    3,
    5,
    7,
    9,
    12,
    14,
    15,
    16,
    17,
    19,
    20,
    21,
    22,
    23,
    24,
    25,
    28,
    30,
    32,
    33,
    35,
    36,
    37,
    39,
    42,
    45,
    47,
    48,
    49,
    50,
    52,
    53,
    56,
    57,
    60,
    61,
    62,
    63,
    64,
    67,
    71,
    72,
    73,
    74,
    75,
    79,
    82,
    83,
    85,
    90,
    91,
    92,
    96,
    97,
    99,
    100,
    105,
    106,
    107,
    108,
    110,
    115,
    116,
    118,
    121,
    124,
    125,
    126,
    131,
    132,
    136,
    137,
    140,
    142,
    145,
    146,
    149,
    150,
    153,
    154,
    155,
    156,
    157,
    160,
    162,
    163,
    165,
    166,
    167,
    169,
    172,
    175,
    176,
    177,
    178,
    179,
    180,
    181,
    182,
    183,
    187,
    188,
    189,
    190,
    191,
    197,
    198
  ],
  "correct_rate": 54.0,
  "negative_samples_avg_ppl": 0.15795125463801243,
  "positive_samples_avg_ppl": 0.11557410979991645
}