{
  "correct_idxs": [
    2,
    6,
    9,
    10,
    13,
    14,
    17,
    21,
    26,
    27,
    30,
    31,
    32,
    33,
    35,
    36,
    38,
    39,
    40,
    42,
    44,
    45,
    46,
    47,
    49,
    50,
    51,
    53,
    55,
    56,
    58,
    59,
    63,
    66,
    67,
    68,
    71,
    75,
    78,
    80,
    82,
    83,
    84,
    86,
    88,
    91,
    94,
    95,
    98,
    99,
    102,
    105,
    107,
    110,
    111,
    115,
    116,
    118,
    119,
    124,
    125,
    126,
    127,
    128,
    129,
    131,
    136,
    138,
    139,
    140,
    142,
    143,
    146,
    149,
    152,
    153,
    156,
    160,
    162,
    163,
    168,
    169,
    170,
    172,
    173,
    174,
    176,
    178,
    180,
    182,
    183,
    184,
    185,
    187,
    191,
    194,
    195
  ],
  "correct_rate": 48.5,
  "negative_samples_avg_ppl": 2.3091110987315626,
  "positive_samples_avg_ppl": 2.3235378680772043
}