{
  "correct_idxs": [
    3,
    4,
    5,
    8,
    9,
    11,
    15,
    18,
    19,
    21,
    23,
    27,
    32,
    33,
    34,
    35,
    38,
    39,
    40,
    43,
    45,
    48,
    49,
    51,
    52,
    56,
    60,
    61,
    62,
    64,
    66,
    67,
    69,
    71,
    73,
    74,
    77,
    79,
    81,
    82,
    85,
    86,
    87,
    88,
    91,
    92,
    94,
    95,
    96,
    97,
    98,
    100,
    104,
    105,
    107,
    110,
    112,
    113,
    115,
    118,
    120,
    121,
    122,
    123,
    124,
    126,
    127,
    133,
    135,
    137,
    141,
    143,
    145,
    147,
    149,
    150,
    152,
    154,
    155,
    156,
    157,
    161,
    163,
    164,
    165,
    166,
    169,
    170,
    174,
    175,
    176,
    177,
    179,
    183,
    184,
    186,
    188,
    196
  ],
  "correct_rate": 49.0,
  "negative_samples_avg_ppl": 138.7810578237197,
  "positive_samples_avg_ppl": 134.50011780574488
}