{
  "correct_idxs": [
    0,
    3,
    4,
    5,
    7,
    9,
    12,
    14,
    15,
    16,
    17,
    20,
    21,
    23,
    25,
    27,
    28,
    29,
    30,
    31,
    32,
    34,
    35,
    36,
    37,
    39,
    40,
    42,
    43,
    44,
    46,
    47,
    48,
    49,
    51,
    52,
    53,
    54,
    56,
    57,
    58,
    59,
    60,
    66,
    67,
    68,
    69,
    71,
    72,
    74,
    75,
    76,
    78,
    79,
    80,
    81,
    83,
    85,
    86,
    88,
    90,
    91,
    94,
    96,
    98,
    102,
    103,
    104,
    107,
    108,
    110,
    114,
    115,
    117,
    119,
    120,
    122,
    123,
    125,
    126,
    128,
    129,
    130,
    131,
    132,
    133,
    134,
    137,
    138,
    140,
    141,
    142,
    143,
    144,
    146,
    148,
    149,
    150,
    152,
    154,
    156,
    158,
    160,
    162,
    163,
    165,
    166,
    167,
    170,
    172,
    173,
    174,
    175,
    176,
    177,
    178,
    180,
    181,
    182,
    183,
    185,
    186,
    187,
    188,
    191,
    193,
    194,
    195
  ],
  "correct_rate": 64.0,
  "negative_samples_avg_ppl": 2038.9847873804295,
  "positive_samples_avg_ppl": 1435.7450907255336
}