{
  "correct_idxs": [
    0,
    2,
    3,
    4,
    5,
    8,
    9,
    10,
    11,
    12,
    13,
    14,
    15,
    16,
    18,
    19,
    22,
    23,
    24,
    26,
    27,
    28,
    30,
    31,
    33,
    34,
    38,
    39,
    40,
    41,
    43,
    45,
    46,
    47,
    48,
    51,
    54,
    56,
    57,
    58,
    60,
    62,
    64,
    65,
    66,
    68,
    70,
    71,
    73,
    74,
    76,
    79,
    82,
    84,
    86,
    88,
    89,
    91,
    92,
    94,
    95,
    97,
    99,
    100,
    101,
    102,
    103,
    104,
    107,
    108,
    109,
    111,
    112,
    113,
    114,
    115,
    117,
    118,
    119,
    120,
    122,
    125,
    126,
    128,
    130,
    131,
    135,
    136,
    137,
    139,
    140,
    141,
    142,
    143,
    144,
    145,
    146,
    148,
    149,
    150,
    151,
    153,
    155,
    156,
    157,
    159,
    160,
    161,
    162,
    163,
    164,
    165,
    166,
    169,
    170,
    171,
    172,
    173,
    174,
    176,
    177,
    179,
    180,
    181,
    184,
    186,
    187,
    188,
    189,
    191,
    192,
    193,
    194,
    195,
    196,
    197,
    198,
    199
  ],
  "correct_rate": 69.0,
  "negative_samples_avg_ppl": 637.2992831674115,
  "positive_samples_avg_ppl": 228.25723763603563
}