{
  "correct_idxs": [
    2,
    5,
    11,
    13,
    15,
    16,
    20,
    22,
    24,
    25,
    28,
    34,
    35,
    36,
    37,
    38,
    40,
    43,
    45,
    46,
    47,
    55,
    58,
    59,
    60,
    64,
    65,
    67,
    68,
    69,
    71,
    72,
    74,
    77,
    78,
    79,
    80,
    81,
    83,
    84,
    86,
    94,
    96,
    97,
    98,
    106,
    107,
    110,
    112,
    113,
    116,
    117,
    118,
    120,
    122,
    123,
    125,
    127,
    128,
    130,
    131,
    133,
    134,
    136,
    139,
    142,
    143,
    144,
    146,
    147,
    150,
    151,
    152,
    153,
    154,
    155,
    156,
    158,
    159,
    161,
    163,
    164,
    166,
    167,
    168,
    169,
    171,
    172,
    173,
    177,
    180,
    182,
    183,
    184,
    188,
    189,
    194,
    196,
    197,
    199
  ],
  "correct_rate": 50.0,
  "negative_samples_avg_ppl": 23.779787544856596,
  "positive_samples_avg_ppl": 22.144705536874014
}