{
  "correct_idxs": [
    0,
    1,
    2,
    3,
    4,
    5,
    6,
    7,
    8,
    9,
    10,
    11,
    13,
    14,
    16,
    20,
    21,
    23,
    24,
    28,
    31,
    32,
    36,
    37,
    38,
    39,
    40,
    41,
    42,
    43,
    44,
    48,
    49,
    52,
    53,
    55,
    57,
    58,
    60,
    61,
    64,
    65,
    66,
    69,
    70,
    73,
    75,
    77,
    80,
    81,
    83,
    85,
    88,
    89,
    90,
    92,
    93,
    95,
    96,
    99,
    100,
    102,
    105,
    107,
    108,
    109,
    110,
    111,
    112,
    113,
    114,
    116,
    117,
    118,
    120,
    121,
    122,
    123,
    124,
    125,
    126,
    129,
    130,
    133,
    134,
    138,
    139,
    140,
    141,
    142,
    146,
    148,
    149,
    150,
    153,
    154,
    155,
    156,
    157,
    161,
    164,
    165,
    166,
    167,
    168,
    169,
    170,
    172,
    173,
    176,
    177,
    179,
    181,
    182,
    183,
    186,
    187,
    188,
    189,
    190,
    191,
    192,
    193,
    194,
    195,
    196,
    198,
    199
  ],
  "correct_rate": 64.0,
  "negative_samples_avg_ppl": 4840.723210627532,
  "positive_samples_avg_ppl": 2515.849145127616
}