{
  "correct_idxs": [
    1,
    3,
    5,
    7,
    8,
    10,
    12,
    15,
    16,
    18,
    19,
    22,
    25,
    27,
    28,
    31,
    39,
    41,
    44,
    48,
    49,
    50,
    52,
    54,
    57,
    58,
    59,
    60,
    61,
    62,
    63,
    66,
    68,
    69,
    74,
    75,
    76,
    78,
    81,
    93,
    95,
    97,
    101,
    107,
    108,
    109,
    110,
    112,
    114,
    117,
    118,
    120,
    122,
    123,
    124,
    125,
    127,
    128,
    129,
    130,
    131,
    132,
    133,
    134,
    136,
    137,
    139,
    141,
    143,
    144,
    148,
    150,
    152,
    154,
    155,
    156,
    157,
    159,
    161,
    163,
    165,
    167,
    169,
    170,
    173,
    175,
    179,
    181,
    183,
    184,
    185,
    186,
    187,
    188,
    191,
    193,
    195,
    196,
    198,
    199
  ],
  "correct_rate": 50.0,
  "negative_samples_avg_ppl": 7.4437660422997824,
  "positive_samples_avg_ppl": 7.472059214042125
}