{
  "correct_idxs": [
    0,
    1,
    4,
    12,
    14,
    15,
    16,
    18,
    19,
    22,
    23,
    24,
    26,
    27,
    30,
    36,
    38,
    39,
    40,
    41,
    42,
    43,
    47,
    48,
    53,
    56,
    61,
    62,
    63,
    65,
    66,
    71,
    73,
    74,
    78,
    82,
    85,
    86,
    91,
    94,
    95,
    101,
    102,
    103,
    105,
    108,
    109,
    110,
    111,
    114,
    115,
    119,
    120,
    125,
    127,
    128,
    130,
    131,
    132,
    135,
    138,
    139,
    140,
    141,
    142,
    144,
    145,
    146,
    148,
    149,
    150,
    151,
    157,
    158,
    160,
    162,
    163,
    164,
    165,
    168,
    169,
    170,
    171,
    172,
    174,
    176,
    177,
    179,
    180,
    182,
    187,
    188,
    190,
    191,
    192,
    193,
    195,
    196,
    197,
    198,
    199
  ],
  "correct_rate": 51.0,
  "negative_samples_avg_ppl": 4.742268339590246,
  "positive_samples_avg_ppl": 3.6026630974582456
}