{
  "correct_idxs": [
    0,
    1,
    2,
    3,
    6,
    7,
    8,
    11,
    13,
    16,
    17,
    18,
    19,
    22,
    24,
    25,
    26,
    28,
    30,
    34,
    38,
    43,
    44,
    50,
    52,
    55,
    56,
    58,
    59,
    60,
    61,
    63,
    66,
    71,
    76,
    85,
    88,
    91,
    92,
    94,
    99,
    100,
    105,
    108,
    109,
    110,
    112,
    115,
    118,
    120,
    121,
    123,
    124,
    128,
    134,
    137,
    139,
    141,
    142,
    143,
    146,
    148,
    149,
    152,
    153,
    156,
    157,
    159,
    160,
    163,
    164,
    165,
    170,
    171,
    175,
    176,
    179,
    180,
    182,
    183,
    184,
    188,
    190,
    193,
    194,
    195,
    196,
    198
  ],
  "correct_rate": 44.0,
  "negative_samples_avg_ppl": 0.0073815684879662315,
  "positive_samples_avg_ppl": 0.007749241194484133
}