{
  "correct_idxs": [
    0,
    2,
    6,
    7,
    8,
    9,
    10,
    11,
    12,
    13,
    14,
    15,
    16,
    17,
    18,
    19,
    20,
    21,
    24,
    25,
    26,
    28,
    29,
    30,
    31,
    32,
    33,
    34,
    35,
    36,
    40,
    43,
    44,
    45,
    46,
    47,
    48,
    49,
    50,
    51,
    53,
    54,
    55,
    56,
    60,
    61,
    62,
    63,
    64,
    66,
    67,
    68,
    69,
    70,
    71,
    73,
    74,
    75,
    76,
    78,
    80,
    81,
    82,
    83,
    84,
    85,
    86,
    87,
    88,
    89,
    92,
    93,
    95,
    97,
    98,
    99,
    100,
    102,
    103,
    104,
    105,
    107,
    108,
    112,
    113,
    114,
    117,
    118,
    119,
    120,
    121,
    122,
    123,
    124,
    127,
    128,
    131,
    133,
    137,
    140,
    141,
    143,
    144,
    145,
    146,
    147,
    148,
    149,
    150,
    151,
    152,
    153,
    154,
    157,
    158,
    159,
    161,
    164,
    165,
    167,
    168,
    169,
    170,
    172,
    173,
    174,
    175,
    176,
    178,
    179,
    180,
    181,
    182,
    183,
    184,
    187,
    188,
    191,
    192,
    193,
    194,
    195,
    196,
    197,
    198
  ],
  "correct_rate": 72.5,
  "negative_samples_avg_ppl": 47.63987452666762,
  "positive_samples_avg_ppl": 18.603418001855438
}