{
  "correct_idxs": [
    0,
    2,
    6,
    7,
    8,
    10,
    11,
    12,
    13,
    14,
    15,
    16,
    17,
    19,
    20,
    21,
    24,
    25,
    26,
    29,
    30,
    31,
    32,
    33,
    35,
    36,
    38,
    40,
    42,
    44,
    45,
    46,
    47,
    48,
    49,
    50,
    51,
    53,
    54,
    55,
    56,
    58,
    60,
    61,
    62,
    63,
    64,
    66,
    67,
    68,
    69,
    70,
    71,
    74,
    75,
    76,
    77,
    78,
    80,
    81,
    82,
    84,
    85,
    86,
    87,
    88,
    89,
    90,
    92,
    95,
    97,
    98,
    99,
    100,
    102,
    103,
    104,
    105,
    106,
    107,
    108,
    110,
    113,
    114,
    116,
    117,
    118,
    119,
    120,
    122,
    124,
    127,
    128,
    131,
    132,
    133,
    136,
    137,
    138,
    140,
    141,
    143,
    144,
    145,
    146,
    147,
    148,
    150,
    151,
    152,
    153,
    154,
    155,
    157,
    158,
    159,
    160,
    161,
    164,
    165,
    167,
    168,
    169,
    170,
    171,
    172,
    173,
    174,
    175,
    176,
    178,
    179,
    180,
    181,
    182,
    184,
    187,
    191,
    192,
    193,
    194,
    195,
    196,
    197
  ],
  "correct_rate": 72.0,
  "negative_samples_avg_ppl": 47.06245160370377,
  "positive_samples_avg_ppl": 20.89360757373708
}