{
  "correct_idxs": [
    0,
    4,
    5,
    6,
    8,
    9,
    10,
    12,
    13,
    14,
    16,
    22,
    29,
    31,
    35,
    36,
    37,
    38,
    39,
    40,
    43,
    44,
    46,
    48,
    51,
    54,
    56,
    57,
    59,
    62,
    63,
    64,
    67,
    69,
    70,
    72,
    73,
    74,
    75,
    77,
    78,
    80,
    81,
    82,
    83,
    86,
    88,
    89,
    91,
    92,
    93,
    97,
    99,
    100,
    102,
    103,
    104,
    106,
    110,
    111,
    112,
    115,
    116,
    120,
    126,
    128,
    129,
    130,
    132,
    133,
    134,
    135,
    139,
    141,
    143,
    146,
    147,
    149,
    153,
    154,
    155,
    157,
    158,
    159,
    160,
    162,
    163,
    165,
    166,
    167,
    168,
    170,
    172,
    174,
    175,
    177,
    178,
    182,
    185,
    188,
    189,
    191,
    193,
    195,
    198,
    199
  ],
  "correct_rate": 53.0,
  "negative_samples_avg_ppl": 4.034036090999844,
  "positive_samples_avg_ppl": 3.863549563291903
}