{
  "correct_idxs": [
    3,
    4,
    6,
    7,
    9,
    10,
    11,
    12,
    18,
    19,
    21,
    22,
    23,
    25,
    26,
    27,
    28,
    29,
    31,
    33,
    34,
    36,
    37,
    40,
    41,
    42,
    44,
    49,
    51,
    52,
    55,
    56,
    59,
    60,
    61,
    62,
    65,
    67,
    69,
    71,
    72,
    76,
    77,
    80,
    82,
    84,
    85,
    90,
    92,
    93,
    95,
    96,
    99,
    105,
    106,
    109,
    110,
    111,
    112,
    113,
    114,
    115,
    117,
    120,
    122,
    125,
    126,
    128,
    130,
    132,
    136,
    139,
    140,
    141,
    143,
    144,
    145,
    149,
    150,
    152,
    153,
    154,
    155,
    156,
    159,
    160,
    163,
    164,
    165,
    166,
    168,
    169,
    170,
    171,
    172,
    175,
    176,
    177,
    179,
    180,
    182,
    184,
    185,
    186,
    187,
    188,
    189,
    190,
    191,
    192,
    193,
    194,
    195,
    199
  ],
  "correct_rate": 57.0,
  "negative_samples_avg_ppl": 148.39206237788213,
  "positive_samples_avg_ppl": 112.31673782717984
}