{
  "correct_idxs": [
    0,
    2,
    3,
    4,
    6,
    7,
    9,
    10,
    11,
    12,
    18,
    19,
    21,
    23,
    25,
    27,
    28,
    31,
    32,
    33,
    34,
    36,
    37,
    40,
    41,
    42,
    44,
    49,
    51,
    52,
    55,
    56,
    59,
    60,
    62,
    64,
    65,
    69,
    71,
    72,
    75,
    80,
    82,
    84,
    85,
    90,
    92,
    93,
    95,
    96,
    98,
    102,
    106,
    107,
    109,
    110,
    111,
    113,
    114,
    115,
    117,
    120,
    121,
    122,
    125,
    126,
    128,
    131,
    132,
    136,
    138,
    139,
    140,
    141,
    142,
    143,
    144,
    145,
    149,
    150,
    152,
    153,
    154,
    155,
    156,
    157,
    160,
    163,
    164,
    166,
    168,
    169,
    171,
    172,
    175,
    176,
    177,
    179,
    180,
    181,
    182,
    183,
    184,
    185,
    186,
    187,
    188,
    189,
    190,
    191,
    192,
    193,
    194,
    195,
    199
  ],
  "correct_rate": 57.5,
  "negative_samples_avg_ppl": 166.59037008474144,
  "positive_samples_avg_ppl": 112.31673782717984
}