{
  "correct_idxs": [
    4,
    5,
    7,
    9,
    11,
    12,
    15,
    16,
    22,
    25,
    26,
    29,
    30,
    31,
    32,
    36,
    37,
    39,
    41,
    43,
    44,
    46,
    47,
    48,
    50,
    51,
    53,
    54,
    56,
    57,
    59,
    60,
    61,
    63,
    67,
    70,
    72,
    73,
    74,
    78,
    79,
    80,
    81,
    83,
    84,
    85,
    87,
    88,
    89,
    93,
    94,
    95,
    96,
    98,
    99,
    102,
    103,
    105,
    106,
    110,
    111,
    114,
    115,
    119,
    120,
    121,
    124,
    126,
    130,
    131,
    133,
    134,
    136,
    137,
    142,
    143,
    145,
    146,
    149,
    151,
    153,
    154,
    155,
    156,
    158,
    159,
    160,
    163,
    165,
    167,
    169,
    171,
    176,
    178,
    179,
    180,
    183,
    185,
    191,
    192
  ],
  "correct_rate": 50.0,
  "negative_samples_avg_ppl": 0.5422988103038311,
  "positive_samples_avg_ppl": 0.5338300555717631
}