{
  "correct_idxs": [
    3,
    5,
    6,
    8,
    9,
    10,
    11,
    12,
    13,
    14,
    17,
    18,
    19,
    21,
    33,
    34,
    35,
    36,
    37,
    39,
    40,
    41,
    42,
    43,
    44,
    46,
    48,
    50,
    51,
    52,
    53,
    54,
    56,
    60,
    62,
    63,
    65,
    66,
    67,
    69,
    70,
    71,
    73,
    79,
    84,
    85,
    87,
    89,
    90,
    93,
    94,
    96,
    97,
    98,
    100,
    101,
    103,
    106,
    108,
    109,
    110,
    112,
    114,
    115,
    116,
    119,
    126,
    127,
    128,
    130,
    131,
    132,
    137,
    140,
    141,
    143,
    145,
    146,
    150,
    152,
    153,
    154,
    155,
    157,
    160,
    164,
    165,
    167,
    169,
    170,
    173,
    174,
    177,
    179,
    181,
    182,
    183,
    184,
    186,
    188,
    189,
    191,
    192,
    193,
    194,
    197
  ],
  "correct_rate": 53.0,
  "negative_samples_avg_ppl": 43.54291367133112,
  "positive_samples_avg_ppl": 39.07590165459473
}