{
  "correct_idxs": [
    0,
    2,
    3,
    6,
    8,
    9,
    11,
    12,
    13,
    15,
    16,
    18,
    22,
    32,
    34,
    36,
    37,
    38,
    39,
    41,
    42,
    43,
    49,
    50,
    53,
    55,
    57,
    60,
    64,
    66,
    68,
    70,
    72,
    73,
    74,
    75,
    76,
    77,
    80,
    81,
    84,
    85,
    86,
    87,
    88,
    90,
    91,
    92,
    95,
    97,
    98,
    100,
    101,
    103,
    104,
    105,
    108,
    109,
    113,
    116,
    117,
    118,
    121,
    122,
    123,
    124,
    125,
    126,
    127,
    128,
    130,
    131,
    133,
    134,
    141,
    142,
    143,
    144,
    146,
    147,
    148,
    153,
    156,
    160,
    161,
    162,
    163,
    165,
    166,
    171,
    173,
    175,
    177,
    180,
    182,
    186,
    187,
    193,
    194,
    195,
    196
  ],
  "correct_rate": 50.5,
  "negative_samples_avg_ppl": 5193.04075445076,
  "positive_samples_avg_ppl": 6078.9737601499455
}