{
  "correct_idxs": [
    0,
    1,
    3,
    4,
    6,
    7,
    8,
    9,
    10,
    11,
    12,
    14,
    15,
    18,
    19,
    21,
    24,
    27,
    28,
    29,
    30,
    31,
    32,
    33,
    34,
    36,
    38,
    40,
    41,
    42,
    43,
    44,
    45,
    47,
    48,
    49,
    50,
    52,
    55,
    56,
    58,
    59,
    60,
    62,
    63,
    65,
    71,
    72,
    74,
    77,
    79,
    82,
    84,
    85,
    95,
    98,
    100,
    102,
    103,
    104,
    106,
    108,
    109,
    110,
    111,
    112,
    113,
    115,
    117,
    118,
    120,
    125,
    126,
    128,
    129,
    130,
    131,
    132,
    133,
    134,
    135,
    136,
    137,
    138,
    139,
    140,
    143,
    144,
    147,
    148,
    149,
    150,
    152,
    154,
    155,
    156,
    159,
    162,
    164,
    165,
    166,
    168,
    169,
    170,
    171,
    172,
    174,
    175,
    176,
    177,
    179,
    181,
    182,
    183,
    184,
    185,
    186,
    187,
    189,
    191,
    194,
    196,
    198,
    199
  ],
  "correct_rate": 62.0,
  "negative_samples_avg_ppl": 5.459106735754132,
  "positive_samples_avg_ppl": 4.667114593459701
}