{
  "correct_idxs": [
    1,
    9,
    10,
    11,
    12,
    15,
    16,
    17,
    18,
    21,
    22,
    23,
    26,
    28,
    33,
    35,
    37,
    38,
    39,
    41,
    43,
    45,
    47,
    48,
    50,
    52,
    56,
    58,
    59,
    60,
    62,
    63,
    65,
    66,
    70,
    72,
    73,
    74,
    79,
    80,
    83,
    84,
    85,
    88,
    89,
    91,
    94,
    96,
    97,
    98,
    99,
    101,
    106,
    109,
    112,
    113,
    114,
    118,
    119,
    121,
    125,
    127,
    129,
    130,
    131,
    135,
    136,
    137,
    138,
    140,
    141,
    143,
    145,
    148,
    149,
    150,
    156,
    158,
    159,
    160,
    163,
    164,
    165,
    169,
    170,
    171,
    178,
    179,
    182,
    183,
    184,
    189,
    191,
    193,
    195,
    197,
    198,
    199
  ],
  "correct_rate": 49.0,
  "negative_samples_avg_ppl": 2.153612846956065,
  "positive_samples_avg_ppl": 2.2662630051663917
}