{
  "correct_idxs": [
    1,
    3,
    4,
    5,
    6,
    8,
    11,
    12,
    15,
    16,
    18,
    23,
    26,
    29,
    30,
    31,
    32,
    34,
    35,
    37,
    38,
    43,
    46,
    49,
    51,
    54,
    57,
    59,
    60,
    65,
    66,
    69,
    72,
    73,
    74,
    75,
    81,
    82,
    83,
    85,
    87,
    88,
    90,
    91,
    94,
    99,
    100,
    101,
    102,
    106,
    108,
    111,
    112,
    113,
    117,
    119,
    121,
    122,
    123,
    124,
    125,
    126,
    128,
    129,
    137,
    138,
    139,
    141,
    144,
    148,
    150,
    151,
    152,
    156,
    158,
    159,
    162,
    165,
    166,
    167,
    169,
    170,
    171,
    172,
    173,
    176,
    177,
    178,
    181,
    183,
    184,
    185,
    186,
    188,
    191,
    192,
    193,
    195,
    198,
    199
  ],
  "correct_rate": 50.0,
  "negative_samples_avg_ppl": 10454.03780985448,
  "positive_samples_avg_ppl": 9926.505969832584
}