{
  "correct_idxs": [
    0,
    1,
    2,
    4,
    5,
    6,
    8,
    10,
    11,
    12,
    13,
    15,
    16,
    18,
    21,
    23,
    26,
    29,
    30,
    31,
    34,
    35,
    38,
    39,
    44,
    46,
    49,
    51,
    54,
    57,
    59,
    60,
    65,
    66,
    67,
    69,
    72,
    73,
    74,
    81,
    82,
    83,
    85,
    86,
    87,
    88,
    92,
    94,
    97,
    100,
    102,
    105,
    106,
    108,
    109,
    112,
    113,
    117,
    119,
    121,
    122,
    123,
    124,
    125,
    129,
    131,
    134,
    137,
    138,
    139,
    145,
    148,
    151,
    152,
    153,
    156,
    158,
    161,
    162,
    164,
    165,
    166,
    167,
    168,
    169,
    170,
    172,
    173,
    176,
    177,
    178,
    179,
    180,
    183,
    184,
    185,
    186,
    188,
    191,
    192,
    195,
    198
  ],
  "correct_rate": 51.0,
  "negative_samples_avg_ppl": 7049.285434166014,
  "positive_samples_avg_ppl": 6991.613114792807
}