{
  "correct_idxs": [
    1,
    3,
    5,
    8,
    16,
    17,
    18,
    20,
    21,
    22,
    23,
    25,
    27,
    28,
    31,
    37,
    38,
    41,
    43,
    44,
    48,
    49,
    50,
    51,
    53,
    54,
    55,
    56,
    57,
    58,
    59,
    61,
    62,
    68,
    71,
    73,
    74,
    76,
    78,
    81,
    84,
    85,
    86,
    89,
    90,
    91,
    94,
    96,
    99,
    105,
    107,
    108,
    109,
    110,
    112,
    114,
    115,
    116,
    118,
    119,
    120,
    121,
    122,
    124,
    125,
    128,
    129,
    130,
    131,
    134,
    137,
    138,
    141,
    142,
    143,
    144,
    148,
    149,
    150,
    151,
    154,
    155,
    156,
    157,
    161,
    163,
    165,
    166,
    167,
    169,
    174,
    175,
    176,
    177,
    179,
    181,
    182,
    183,
    184,
    185,
    186,
    188,
    191,
    192,
    195,
    198
  ],
  "correct_rate": 53.0,
  "negative_samples_avg_ppl": 9.636328938594723,
  "positive_samples_avg_ppl": 9.306854901191882
}