{
  "correct_idxs": [
    0,
    7,
    8,
    9,
    11,
    12,
    14,
    16,
    17,
    18,
    19,
    22,
    23,
    24,
    25,
    30,
    31,
    32,
    35,
    36,
    38,
    39,
    40,
    41,
    45,
    46,
    47,
    51,
    52,
    53,
    56,
    58,
    60,
    63,
    64,
    66,
    67,
    68,
    69,
    71,
    73,
    77,
    81,
    82,
    83,
    84,
    85,
    87,
    88,
    89,
    90,
    92,
    93,
    95,
    97,
    98,
    101,
    103,
    105,
    106,
    113,
    114,
    116,
    117,
    118,
    119,
    120,
    122,
    123,
    124,
    126,
    127,
    128,
    130,
    131,
    133,
    134,
    137,
    138,
    139,
    141,
    142,
    143,
    146,
    147,
    149,
    154,
    161,
    164,
    165,
    166,
    167,
    168,
    169,
    170,
    172,
    173,
    174,
    177,
    179,
    180,
    181,
    182,
    183,
    184,
    187,
    191,
    193,
    194,
    195,
    196,
    197,
    199
  ],
  "correct_rate": 56.5,
  "negative_samples_avg_ppl": 7277.168059423813,
  "positive_samples_avg_ppl": 5768.2048640439525
}