{
  "correct_idxs": [
    1,
    3,
    5,
    6,
    7,
    8,
    12,
    14,
    15,
    17,
    18,
    21,
    23,
    24,
    25,
    26,
    27,
    28,
    33,
    34,
    35,
    36,
    37,
    38,
    39,
    42,
    43,
    44,
    45,
    46,
    47,
    48,
    53,
    56,
    59,
    61,
    62,
    63,
    64,
    66,
    68,
    69,
    74,
    76,
    83,
    84,
    85,
    86,
    87,
    89,
    90,
    92,
    93,
    97,
    98,
    100,
    102,
    104,
    107,
    108,
    109,
    110,
    111,
    112,
    113,
    114,
    115,
    117,
    118,
    122,
    123,
    125,
    130,
    131,
    136,
    138,
    139,
    143,
    144,
    145,
    147,
    151,
    153,
    154,
    157,
    160,
    162,
    163,
    166,
    167,
    168,
    171,
    173,
    174,
    178,
    179,
    181,
    182,
    184,
    188,
    189,
    190,
    192,
    193,
    195,
    196,
    198
  ],
  "correct_rate": 53.5,
  "negative_samples_avg_ppl": 0.19142160258046342,
  "positive_samples_avg_ppl": 0.12573121053123176
}