{
  "correct_idxs": [
    0,
    1,
    4,
    5,
    6,
    8,
    9,
    10,
    11,
    19,
    21,
    23,
    25,
    30,
    31,
    34,
    36,
    40,
    46,
    48,
    49,
    51,
    52,
    53,
    58,
    60,
    64,
    65,
    66,
    69,
    70,
    71,
    72,
    73,
    75,
    76,
    77,
    78,
    79,
    80,
    81,
    82,
    83,
    87,
    88,
    93,
    94,
    97,
    102,
    106,
    107,
    110,
    113,
    114,
    117,
    118,
    119,
    121,
    122,
    123,
    124,
    126,
    127,
    129,
    130,
    132,
    133,
    135,
    137,
    141,
    144,
    145,
    149,
    151,
    155,
    159,
    160,
    162,
    167,
    169,
    171,
    172,
    173,
    175,
    176,
    178,
    179,
    181,
    183,
    190,
    191,
    192,
    193,
    195,
    196,
    197,
    199
  ],
  "correct_rate": 49.25,
  "negative_samples_avg_ppl": 0.060228842535486694,
  "positive_samples_avg_ppl": 0.058769686361806225
}