{
  "correct_idxs": [
    0,
    2,
    4,
    5,
    6,
    8,
    10,
    11,
    13,
    16,
    17,
    18,
    20,
    21,
    22,
    24,
    26,
    27,
    32,
    37,
    39,
    41,
    44,
    46,
    47,
    48,
    50,
    51,
    53,
    57,
    58,
    60,
    61,
    68,
    70,
    73,
    76,
    77,
    78,
    79,
    81,
    84,
    86,
    87,
    88,
    90,
    93,
    94,
    95,
    96,
    97,
    98,
    99,
    101,
    103,
    105,
    107,
    108,
    109,
    112,
    114,
    118,
    119,
    121,
    125,
    128,
    129,
    130,
    133,
    137,
    139,
    141,
    143,
    145,
    147,
    150,
    155,
    156,
    157,
    158,
    159,
    161,
    163,
    165,
    166,
    167,
    169,
    173,
    174,
    175,
    176,
    177,
    179,
    182,
    185,
    186,
    190,
    191,
    192,
    193,
    197,
    199
  ],
  "correct_rate": 51.0,
  "negative_samples_avg_ppl": 133.98533866830252,
  "positive_samples_avg_ppl": 126.77792035944951
}