{
  "correct_idxs": [
    0,
    1,
    2,
    4,
    5,
    6,
    8,
    10,
    13,
    16,
    17,
    18,
    20,
    21,
    24,
    25,
    26,
    27,
    35,
    39,
    41,
    44,
    46,
    47,
    48,
    50,
    51,
    53,
    55,
    56,
    57,
    58,
    61,
    68,
    70,
    73,
    76,
    77,
    78,
    79,
    80,
    84,
    86,
    87,
    90,
    93,
    94,
    95,
    98,
    99,
    101,
    103,
    105,
    107,
    109,
    112,
    114,
    118,
    119,
    122,
    125,
    128,
    130,
    137,
    138,
    139,
    141,
    143,
    147,
    150,
    152,
    155,
    156,
    157,
    159,
    161,
    163,
    165,
    166,
    167,
    169,
    173,
    175,
    176,
    177,
    179,
    182,
    184,
    185,
    186,
    190,
    191,
    192,
    197
  ],
  "correct_rate": 47.0,
  "negative_samples_avg_ppl": 122.47421820558189,
  "positive_samples_avg_ppl": 126.77792035944951
}