{
  "correct_idxs": [
    0,
    2,
    3,
    4,
    6,
    7,
    8,
    11,
    12,
    13,
    14,
    15,
    16,
    18,
    19,
    20,
    21,
    22,
    23,
    25,
    26,
    27,
    29,
    30,
    31,
    35,
    37,
    39,
    40,
    41,
    43,
    44,
    45,
    46,
    47,
    49,
    52,
    53,
    54,
    55,
    56,
    58,
    59,
    60,
    61,
    62,
    63,
    64,
    65,
    66,
    68,
    69,
    71,
    72,
    73,
    74,
    76,
    77,
    78,
    81,
    85,
    86,
    88,
    89,
    90,
    92,
    93,
    96,
    97,
    98,
    99,
    100,
    101,
    103,
    104,
    105,
    106,
    109,
    110,
    111,
    112,
    113,
    114,
    115,
    116,
    117,
    120,
    122,
    123,
    124,
    127,
    128,
    129,
    131,
    132,
    133,
    137,
    138,
    142,
    147,
    148,
    149,
    151,
    153,
    154,
    156,
    157,
    158,
    162,
    163,
    165,
    167,
    168,
    169,
    171,
    172,
    173,
    174,
    176,
    177,
    178,
    179,
    181,
    182,
    183,
    185,
    186,
    187,
    189,
    190,
    191,
    193,
    194,
    195,
    196,
    197,
    199
  ],
  "correct_rate": 68.5,
  "negative_samples_avg_ppl": 0.8213584425494531,
  "positive_samples_avg_ppl": 0.6642656829611703
}