{
  "correct_idxs": [
    2,
    4,
    6,
    7,
    11,
    13,
    14,
    15,
    16,
    17,
    19,
    20,
    24,
    26,
    27,
    28,
    33,
    36,
    38,
    40,
    42,
    44,
    48,
    53,
    56,
    57,
    58,
    59,
    60,
    62,
    65,
    66,
    68,
    71,
    72,
    73,
    78,
    80,
    81,
    83,
    85,
    86,
    88,
    89,
    90,
    91,
    92,
    94,
    96,
    97,
    99,
    100,
    101,
    103,
    106,
    107,
    110,
    111,
    112,
    114,
    116,
    117,
    119,
    120,
    121,
    127,
    131,
    134,
    135,
    136,
    137,
    138,
    139,
    145,
    149,
    158,
    160,
    163,
    164,
    165,
    167,
    173,
    176,
    181,
    184,
    185,
    186,
    187,
    188,
    189,
    191,
    193,
    194,
    198,
    199
  ],
  "correct_rate": 47.5,
  "negative_samples_avg_ppl": 1302.8033383800046,
  "positive_samples_avg_ppl": 1355.8139437341886
}