{
  "correct_idxs": [
    0,
    1,
    2,
    3,
    4,
    8,
    10,
    11,
    12,
    13,
    14,
    15,
    16,
    18,
    19,
    21,
    23,
    24,
    25,
    27,
    28,
    29,
    30,
    31,
    32,
    33,
    34,
    35,
    36,
    37,
    38,
    39,
    40,
    41,
    42,
    43,
    44,
    46,
    47,
    48,
    49,
    50,
    51,
    52,
    53,
    54,
    55,
    56,
    57,
    59,
    60,
    62,
    63,
    64,
    65,
    67,
    68,
    69,
    72,
    73,
    75,
    77,
    78,
    79,
    80,
    81,
    82,
    83,
    84,
    85,
    86,
    87,
    88,
    90,
    93,
    95,
    96,
    97,
    99,
    100,
    101,
    102,
    103,
    104,
    105,
    106,
    108,
    109,
    110,
    111,
    112,
    113,
    114,
    115,
    116,
    117,
    118,
    119,
    120,
    121,
    122,
    123,
    124,
    126,
    127,
    128,
    131,
    132,
    133,
    134,
    135,
    136,
    137,
    138,
    140,
    141,
    142,
    144,
    146,
    147,
    148,
    149,
    150,
    152,
    153,
    154,
    155,
    156,
    157,
    159,
    161,
    162,
    163,
    164,
    165,
    166,
    168,
    169,
    170,
    171,
    172,
    173,
    174,
    175,
    176,
    177,
    178,
    179,
    181,
    183,
    184,
    185,
    186,
    187,
    188,
    189,
    190,
    192,
    193,
    194,
    196,
    198,
    199
  ],
  "correct_rate": 81.5,
  "negative_samples_avg_ppl": 1.0158732699566801,
  "positive_samples_avg_ppl": 1.0148930120167028
}