{
  "correct_idxs": [
    0,
    3,
    4,
    6,
    8,
    10,
    11,
    14,
    15,
    16,
    17,
    20,
    21,
    22,
    23,
    24,
    25,
    26,
    28,
    29,
    31,
    33,
    39,
    40,
    41,
    42,
    43,
    49,
    51,
    52,
    53,
    54,
    59,
    60,
    61,
    63,
    68,
    70,
    72,
    75,
    76,
    77,
    81,
    82,
    83,
    85,
    90,
    92,
    93,
    97,
    98,
    101,
    105,
    106,
    112,
    114,
    115,
    120,
    122,
    123,
    126,
    127,
    133,
    137,
    141,
    142,
    143,
    145,
    148,
    150,
    151,
    152,
    153,
    155,
    157,
    163,
    167,
    168,
    169,
    170,
    172,
    174,
    175,
    176,
    177,
    180,
    181,
    186,
    188,
    190,
    192,
    193,
    194,
    195,
    198,
    199
  ],
  "correct_rate": 48.0,
  "negative_samples_avg_ppl": 9.823513350589607,
  "positive_samples_avg_ppl": 9.518574643574356
}