{
  "correct_idxs": [
    0,
    1,
    2,
    5,
    6,
    7,
    8,
    9,
    10,
    11,
    12,
    13,
    17,
    21,
    24,
    25,
    26,
    28,
    29,
    30,
    32,
    34,
    36,
    37,
    38,
    40,
    42,
    44,
    45,
    46,
    48,
    49,
    50,
    52,
    53,
    54,
    55,
    59,
    60,
    61,
    66,
    67,
    68,
    69,
    72,
    73,
    74,
    75,
    77,
    79,
    81,
    82,
    83,
    84,
    86,
    88,
    89,
    90,
    91,
    93,
    95,
    96,
    97,
    98,
    99,
    101,
    103,
    106,
    109,
    111,
    112,
    113,
    114,
    115,
    116,
    117,
    118,
    121,
    123,
    124,
    125,
    126,
    127,
    129,
    130,
    132,
    133,
    137,
    138,
    140,
    141,
    142,
    143,
    145,
    146,
    147,
    148,
    154,
    156,
    158,
    159,
    161,
    162,
    163,
    165,
    166,
    167,
    169,
    170,
    171,
    172,
    174,
    175,
    177,
    178,
    179,
    180,
    181,
    182,
    183,
    184,
    185,
    187,
    190,
    191,
    192,
    196,
    199
  ],
  "correct_rate": 64.5,
  "negative_samples_avg_ppl": 125.96669896926889,
  "positive_samples_avg_ppl": 77.5257033699877
}