{
  "correct_idxs": [
    0,
    2,
    5,
    7,
    10,
    11,
    15,
    18,
    19,
    20,
    21,
    22,
    23,
    24,
    30,
    32,
    34,
    35,
    36,
    37,
    38,
    39,
    40,
    45,
    46,
    47,
    49,
    53,
    55,
    56,
    57,
    60,
    63,
    64,
    66,
    67,
    69,
    70,
    72,
    73,
    75,
    76,
    77,
    78,
    79,
    80,
    83,
    84,
    85,
    90,
    91,
    92,
    93,
    94,
    95,
    96,
    97,
    98,
    103,
    104,
    105,
    107,
    108,
    112,
    113,
    116,
    118,
    119,
    120,
    122,
    123,
    125,
    127,
    128,
    130,
    131,
    133,
    134,
    135,
    136,
    138,
    141,
    142,
    143,
    146,
    147,
    148,
    149,
    150,
    152,
    153,
    154,
    156,
    159,
    160,
    164,
    167,
    168,
    171,
    172,
    173,
    175,
    177,
    180,
    182,
    184,
    185,
    187,
    189,
    192,
    193,
    194,
    196,
    197,
    198,
    199
  ],
  "correct_rate": 58.0,
  "negative_samples_avg_ppl": 5.019591609385912,
  "positive_samples_avg_ppl": 4.774197402244741
}