{
  "correct_idxs": [
    1,
    2,
    3,
    5,
    6,
    7,
    8,
    10,
    12,
    13,
    16,
    22,
    24,
    27,
    28,
    30,
    33,
    36,
    37,
    39,
    41,
    42,
    44,
    45,
    46,
    47,
    48,
    50,
    51,
    57,
    59,
    60,
    61,
    63,
    65,
    70,
    71,
    73,
    76,
    78,
    81,
    82,
    83,
    85,
    88,
    90,
    91,
    93,
    94,
    96,
    97,
    98,
    99,
    101,
    103,
    104,
    106,
    109,
    110,
    111,
    112,
    113,
    114,
    116,
    117,
    118,
    119,
    122,
    123,
    125,
    128,
    129,
    130,
    131,
    132,
    133,
    134,
    136,
    139,
    140,
    141,
    142,
    144,
    145,
    147,
    148,
    149,
    150,
    154,
    156,
    158,
    159,
    160,
    163,
    164,
    166,
    167,
    168,
    169,
    170,
    172,
    177,
    180,
    181,
    182,
    183,
    184,
    185,
    187,
    188,
    189,
    194,
    195,
    197,
    199
  ],
  "correct_rate": 57.5,
  "negative_samples_avg_ppl": 902.5817138339779,
  "positive_samples_avg_ppl": 811.1190217143914
}