{
  "correct_idxs": [
    0,
    1,
    5,
    6,
    7,
    8,
    11,
    12,
    13,
    15,
    16,
    17,
    18,
    19,
    20,
    23,
    24,
    26,
    27,
    28,
    30,
    33,
    34,
    35,
    36,
    37,
    38,
    40,
    46,
    48,
    51,
    52,
    53,
    55,
    56,
    57,
    58,
    59,
    60,
    63,
    65,
    66,
    68,
    69,
    70,
    71,
    73,
    74,
    75,
    76,
    77,
    78,
    80,
    83,
    84,
    86,
    88,
    89,
    90,
    91,
    93,
    94,
    95,
    96,
    98,
    99,
    101,
    104,
    105,
    106,
    107,
    108,
    109,
    111,
    115,
    117,
    119,
    120,
    121,
    123,
    125,
    127,
    129,
    131,
    132,
    133,
    135,
    136,
    141,
    144,
    145,
    149,
    152,
    155,
    156,
    157,
    159,
    161,
    162,
    163,
    164,
    165,
    169,
    174,
    176,
    178,
    181,
    185,
    186,
    188,
    190,
    192,
    193,
    194,
    195,
    196,
    197
  ],
  "correct_rate": 58.5,
  "negative_samples_avg_ppl": 13.71809498396539,
  "positive_samples_avg_ppl": 12.454777239229475
}