{
  "correct_idxs": [
    1,
    2,
    3,
    4,
    5,
    7,
    10,
    12,
    13,
    14,
    16,
    17,
    18,
    20,
    22,
    23,
    25,
    26,
    27,
    29,
    31,
    35,
    37,
    39,
    41,
    43,
    44,
    45,
    46,
    48,
    50,
    53,
    54,
    55,
    56,
    57,
    59,
    61,
    62,
    63,
    67,
    71,
    72,
    77,
    81,
    86,
    87,
    89,
    90,
    91,
    92,
    94,
    96,
    98,
    99,
    101,
    103,
    105,
    106,
    110,
    112,
    116,
    118,
    120,
    122,
    123,
    124,
    125,
    127,
    129,
    130,
    131,
    132,
    134,
    135,
    137,
    139,
    142,
    147,
    148,
    151,
    153,
    155,
    157,
    158,
    159,
    161,
    165,
    168,
    169,
    170,
    171,
    172,
    174,
    175,
    176,
    177,
    178,
    181,
    182,
    183,
    186,
    190,
    191,
    192,
    196
  ],
  "correct_rate": 53.5,
  "negative_samples_avg_ppl": 4.500954601140507,
  "positive_samples_avg_ppl": 4.311983493173147
}