{
  "correct_idxs": [
    2,
    4,
    7,
    8,
    9,
    10,
    12,
    13,
    14,
    16,
    17,
    18,
    19,
    21,
    22,
    23,
    24,
    26,
    27,
    28,
    30,
    33,
    35,
    36,
    38,
    39,
    40,
    41,
    42,
    43,
    45,
    46,
    48,
    57,
    62,
    65,
    66,
    67,
    70,
    71,
    72,
    74,
    75,
    76,
    77,
    78,
    82,
    83,
    84,
    86,
    87,
    89,
    91,
    92,
    94,
    95,
    96,
    97,
    98,
    99,
    100,
    102,
    103,
    104,
    106,
    107,
    108,
    109,
    110,
    112,
    114,
    115,
    116,
    117,
    122,
    123,
    125,
    126,
    128,
    129,
    130,
    131,
    132,
    134,
    135,
    139,
    141,
    142,
    143,
    145,
    146,
    148,
    150,
    152,
    153,
    154,
    155,
    156,
    160,
    162,
    163,
    164,
    165,
    167,
    169,
    170,
    171,
    173,
    174,
    175,
    176,
    177,
    178,
    179,
    180,
    181,
    182,
    183,
    184,
    187,
    188,
    189,
    195,
    197,
    198,
    199
  ],
  "correct_rate": 63.25,
  "negative_samples_avg_ppl": 11.600790570318372,
  "positive_samples_avg_ppl": 8.632393766338224
}