{
  "correct_idxs": [
    0,
    1,
    3,
    4,
    5,
    6,
    9,
    10,
    11,
    12,
    14,
    15,
    16,
    18,
    19,
    20,
    21,
    26,
    27,
    28,
    29,
    30,
    31,
    33,
    35,
    36,
    38,
    39,
    40,
    41,
    42,
    43,
    44,
    45,
    48,
    49,
    50,
    51,
    52,
    54,
    55,
    57,
    58,
    61,
    62,
    63,
    65,
    66,
    69,
    72,
    73,
    74,
    78,
    79,
    81,
    84,
    86,
    87,
    89,
    90,
    91,
    92,
    96,
    103,
    104,
    106,
    107,
    108,
    113,
    116,
    117,
    118,
    119,
    121,
    122,
    123,
    125,
    126,
    127,
    128,
    131,
    133,
    134,
    141,
    144,
    145,
    149,
    150,
    151,
    153,
    154,
    156,
    157,
    160,
    162,
    163,
    164,
    165,
    171,
    172,
    179,
    181,
    182,
    183,
    184,
    188,
    191,
    192,
    194,
    195,
    196,
    197,
    198
  ],
  "correct_rate": 56.5,
  "negative_samples_avg_ppl": 0.6832830502917395,
  "positive_samples_avg_ppl": 0.667382254489435
}