{
  "correct_idxs": [
    1,
    2,
    4,
    8,
    11,
    12,
    13,
    15,
    18,
    20,
    21,
    24,
    25,
    28,
    29,
    30,
    31,
    32,
    37,
    38,
    39,
    41,
    42,
    43,
    44,
    45,
    46,
    49,
    50,
    52,
    54,
    56,
    59,
    60,
    61,
    65,
    70,
    72,
    73,
    74,
    76,
    77,
    80,
    82,
    83,
    84,
    87,
    88,
    89,
    90,
    94,
    99,
    100,
    101,
    102,
    103,
    105,
    107,
    108,
    109,
    110,
    113,
    114,
    116,
    117,
    121,
    122,
    123,
    124,
    125,
    126,
    127,
    128,
    129,
    131,
    132,
    134,
    135,
    137,
    138,
    140,
    141,
    145,
    146,
    148,
    150,
    151,
    152,
    154,
    155,
    158,
    161,
    162,
    166,
    167,
    168,
    169,
    170,
    171,
    172,
    173,
    175,
    176,
    177,
    178,
    180,
    182,
    183,
    185,
    188,
    189,
    192,
    193,
    197,
    198,
    199
  ],
  "correct_rate": 58.0,
  "negative_samples_avg_ppl": 25.869135167981472,
  "positive_samples_avg_ppl": 22.89629273173654
}