{
  "correct_idxs": [
    1,
    2,
    3,
    5,
    8,
    9,
    13,
    14,
    17,
    18,
    19,
    21,
    23,
    24,
    25,
    27,
    28,
    29,
    31,
    37,
    38,
    39,
    41,
    43,
    46,
    47,
    48,
    49,
    50,
    52,
    53,
    55,
    57,
    59,
    62,
    63,
    64,
    67,
    68,
    71,
    72,
    75,
    81,
    82,
    84,
    85,
    88,
    89,
    91,
    93,
    94,
    96,
    97,
    98,
    100,
    102,
    104,
    105,
    107,
    108,
    114,
    115,
    119,
    120,
    123,
    128,
    129,
    135,
    136,
    137,
    146,
    148,
    154,
    161,
    164,
    166,
    173,
    174,
    176,
    177,
    178,
    180,
    182,
    186,
    189,
    192,
    194,
    195,
    198,
    199
  ],
  "correct_rate": 45.0,
  "negative_samples_avg_ppl": 821.9260040099035,
  "positive_samples_avg_ppl": 766.1032032192496
}