{
  "correct_idxs": [
    0,
    1,
    2,
    9,
    10,
    11,
    12,
    13,
    14,
    16,
    22,
    24,
    25,
    28,
    30,
    31,
    33,
    35,
    37,
    38,
    40,
    41,
    46,
    48,
    50,
    51,
    52,
    53,
    54,
    55,
    57,
    59,
    61,
    63,
    64,
    65,
    66,
    70,
    71,
    72,
    73,
    76,
    77,
    78,
    80,
    82,
    83,
    84,
    86,
    88,
    90,
    92,
    93,
    94,
    95,
    96,
    97,
    99,
    100,
    101,
    103,
    104,
    105,
    106,
    108,
    109,
    110,
    111,
    113,
    116,
    117,
    118,
    119,
    121,
    123,
    124,
    127,
    129,
    131,
    132,
    133,
    134,
    136,
    139,
    140,
    142,
    146,
    150,
    152,
    153,
    157,
    165,
    167,
    169,
    171,
    173,
    175,
    177,
    179,
    180,
    182,
    184,
    185,
    186,
    188,
    193,
    195,
    196,
    198,
    199
  ],
  "correct_rate": 55.0,
  "negative_samples_avg_ppl": 67.59927870629309,
  "positive_samples_avg_ppl": 61.51189519649755
}