{
  "correct_idxs": [
    0,
    1,
    2,
    3,
    4,
    5,
    6,
    7,
    8,
    9,
    11,
    12,
    13,
    15,
    16,
    19,
    20,
    22,
    23,
    25,
    26,
    27,
    28,
    29,
    30,
    31,
    32,
    35,
    36,
    37,
    38,
    39,
    41,
    42,
    43,
    44,
    45,
    46,
    47,
    48,
    49,
    50,
    51,
    54,
    55,
    56,
    57,
    58,
    60,
    61,
    62,
    63,
    64,
    65,
    67,
    68,
    69,
    70,
    71,
    72,
    74,
    75,
    76,
    77,
    78,
    79,
    82,
    83,
    84,
    85,
    86,
    87,
    88,
    90,
    91,
    92,
    93,
    96,
    97,
    98,
    99,
    101,
    102,
    103,
    104,
    106,
    107,
    108,
    110,
    111,
    114,
    116,
    117,
    120,
    121,
    125,
    126,
    127,
    128,
    130,
    132,
    134,
    135,
    136,
    137,
    138,
    139,
    140,
    141,
    142,
    143,
    144,
    145,
    146,
    147,
    148,
    149,
    150,
    151,
    152,
    155,
    156,
    159,
    160,
    161,
    162,
    163,
    164,
    165,
    167,
    168,
    170,
    171,
    173,
    174,
    175,
    176,
    177,
    179,
    181,
    183,
    184,
    185,
    186,
    187,
    189,
    192,
    193,
    194,
    195,
    196,
    198,
    199
  ],
  "correct_rate": 76.5,
  "negative_samples_avg_ppl": 14.634647144446914,
  "positive_samples_avg_ppl": 7.3598286318251445
}