{
  "correct_idxs": [
    0,
    3,
    5,
    6,
    7,
    8,
    10,
    11,
    13,
    14,
    15,
    16,
    18,
    22,
    24,
    28,
    37,
    39,
    41,
    43,
    44,
    45,
    46,
    47,
    48,
    50,
    52,
    54,
    57,
    59,
    61,
    62,
    63,
    64,
    65,
    68,
    69,
    71,
    72,
    74,
    75,
    76,
    78,
    81,
    85,
    87,
    90,
    92,
    93,
    95,
    97,
    99,
    103,
    107,
    108,
    111,
    112,
    114,
    116,
    118,
    120,
    122,
    123,
    124,
    125,
    127,
    128,
    130,
    131,
    132,
    134,
    136,
    138,
    140,
    141,
    143,
    144,
    148,
    154,
    156,
    159,
    161,
    165,
    167,
    169,
    170,
    172,
    173,
    175,
    179,
    181,
    183,
    187,
    191,
    193,
    195,
    196,
    198
  ],
  "correct_rate": 49.0,
  "negative_samples_avg_ppl": 15.022489621456113,
  "positive_samples_avg_ppl": 15.212773654749375
}