{
  "correct_idxs": [
    1,
    2,
    3,
    5,
    6,
    7,
    8,
    9,
    10,
    11,
    12,
    13,
    14,
    15,
    16,
    20,
    21,
    22,
    23,
    27,
    28,
    29,
    31,
    32,
    33,
    35,
    36,
    38,
    39,
    40,
    41,
    42,
    44,
    46,
    48,
    49,
    51,
    53,
    54,
    56,
    57,
    59,
    62,
    63,
    64,
    67,
    69,
    70,
    72,
    73,
    74,
    75,
    77,
    80,
    81,
    82,
    83,
    84,
    85,
    86,
    87,
    92,
    93,
    94,
    95,
    96,
    97,
    99,
    101,
    102,
    103,
    104,
    105,
    106,
    107,
    111,
    113,
    114,
    115,
    116,
    118,
    120,
    122,
    126,
    128,
    129,
    130,
    131,
    132,
    133,
    135,
    138,
    140,
    141,
    143,
    144,
    147,
    148,
    149,
    154,
    155,
    156,
    157,
    158,
    159,
    160,
    161,
    165,
    166,
    167,
    168,
    169,
    171,
    172,
    174,
    175,
    176,
    177,
    178,
    182,
    185,
    186,
    188,
    189,
    190,
    191,
    196,
    197,
    199
  ],
  "correct_rate": 64.5,
  "negative_samples_avg_ppl": 0.016205885413316856,
  "positive_samples_avg_ppl": 0.01334019509942626
}