{
  "correct_idxs": [
    0,
    2,
    3,
    4,
    5,
    6,
    7,
    8,
    9,
    10,
    12,
    13,
    15,
    16,
    18,
    19,
    21,
    22,
    23,
    25,
    26,
    28,
    29,
    31,
    32,
    33,
    34,
    35,
    36,
    38,
    40,
    42,
    43,
    45,
    47,
    49,
    50,
    51,
    52,
    54,
    55,
    56,
    57,
    58,
    61,
    63,
    65,
    66,
    67,
    68,
    69,
    70,
    71,
    72,
    74,
    75,
    76,
    77,
    79,
    80,
    81,
    83,
    84,
    85,
    87,
    88,
    92,
    93,
    94,
    95,
    98,
    99,
    100,
    101,
    102,
    103,
    104,
    105,
    106,
    107,
    108,
    109,
    110,
    111,
    112,
    114,
    115,
    116,
    118,
    119,
    120,
    121,
    122,
    123,
    124,
    125,
    126,
    127,
    128,
    130,
    131,
    132,
    134,
    136,
    138,
    139,
    140,
    142,
    143,
    144,
    145,
    146,
    147,
    148,
    151,
    153,
    155,
    156,
    157,
    159,
    160,
    161,
    162,
    163,
    164,
    165,
    166,
    167,
    168,
    169,
    170,
    171,
    172,
    173,
    174,
    175,
    176,
    177,
    179,
    180,
    181,
    183,
    184,
    185,
    186,
    187,
    188,
    189,
    190,
    191,
    192,
    193,
    194,
    195,
    196,
    197,
    199
  ],
  "correct_rate": 78.5,
  "negative_samples_avg_ppl": 1.0275493494991035,
  "positive_samples_avg_ppl": 0.6396142260704544
}