{
  "correct_idxs": [
    0,
    2,
    4,
    5,
    6,
    7,
    12,
    14,
    15,
    17,
    18,
    19,
    20,
    21,
    25,
    26,
    27,
    28,
    30,
    31,
    32,
    33,
    34,
    35,
    37,
    38,
    40,
    41,
    42,
    43,
    44,
    45,
    46,
    47,
    48,
    50,
    51,
    52,
    55,
    56,
    57,
    58,
    59,
    61,
    64,
    65,
    67,
    69,
    72,
    73,
    74,
    75,
    77,
    79,
    81,
    86,
    87,
    88,
    89,
    90,
    92,
    93,
    94,
    97,
    98,
    99,
    100,
    101,
    102,
    103,
    104,
    105,
    106,
    107,
    109,
    112,
    113,
    114,
    115,
    116,
    117,
    119,
    122,
    123,
    124,
    125,
    126,
    128,
    133,
    134,
    135,
    137,
    138,
    141,
    142,
    143,
    144,
    145,
    147,
    152,
    153,
    155,
    160,
    162,
    165,
    166,
    167,
    168,
    171,
    172,
    175,
    176,
    179,
    181,
    182,
    184,
    187,
    188,
    189,
    192,
    193,
    194,
    195,
    197,
    199
  ],
  "correct_rate": 62.5,
  "negative_samples_avg_ppl": 0.8834104971441971,
  "positive_samples_avg_ppl": 0.7830621904099057
}