{
  "correct_idxs": [
    0,
    3,
    4,
    6,
    7,
    8,
    9,
    10,
    11,
    12,
    13,
    14,
    15,
    16,
    17,
    19,
    25,
    27,
    29,
    30,
    31,
    32,
    35,
    36,
    37,
    38,
    39,
    40,
    43,
    44,
    47,
    48,
    49,
    50,
    52,
    53,
    54,
    55,
    56,
    59,
    60,
    61,
    62,
    65,
    70,
    71,
    72,
    75,
    76,
    77,
    78,
    80,
    81,
    83,
    84,
    85,
    87,
    91,
    92,
    95,
    97,
    98,
    99,
    100,
    104,
    108,
    109,
    110,
    111,
    112,
    113,
    114,
    117,
    120,
    121,
    122,
    123,
    124,
    125,
    127,
    129,
    131,
    132,
    133,
    134,
    135,
    136,
    138,
    141,
    144,
    146,
    147,
    151,
    153,
    155,
    156,
    157,
    159,
    161,
    162,
    165,
    166,
    168,
    170,
    172,
    173,
    174,
    175,
    178,
    186,
    187,
    189,
    190,
    192,
    193,
    194,
    196,
    197,
    199
  ],
  "correct_rate": 59.5,
  "negative_samples_avg_ppl": 839.9638540476669,
  "positive_samples_avg_ppl": 504.6598220150944
}