{
  "correct_idxs": [
    0,
    3,
    4,
    5,
    6,
    7,
    8,
    9,
    10,
    11,
    12,
    13,
    14,
    15,
    16,
    17,
    19,
    21,
    25,
    26,
    27,
    28,
    31,
    32,
    35,
    37,
    38,
    39,
    40,
    41,
    42,
    43,
    47,
    48,
    50,
    52,
    53,
    54,
    55,
    56,
    57,
    58,
    59,
    60,
    62,
    65,
    68,
    71,
    72,
    73,
    74,
    75,
    76,
    77,
    78,
    83,
    84,
    85,
    86,
    87,
    90,
    91,
    92,
    95,
    97,
    98,
    100,
    102,
    104,
    105,
    108,
    109,
    111,
    112,
    113,
    114,
    116,
    117,
    118,
    119,
    121,
    122,
    124,
    125,
    127,
    129,
    130,
    131,
    133,
    134,
    136,
    138,
    141,
    145,
    147,
    148,
    150,
    153,
    154,
    155,
    156,
    157,
    161,
    162,
    163,
    164,
    165,
    168,
    169,
    170,
    172,
    173,
    174,
    175,
    178,
    181,
    184,
    185,
    186,
    187,
    188,
    190,
    192,
    194,
    196,
    197,
    198,
    199
  ],
  "correct_rate": 64.0,
  "negative_samples_avg_ppl": 1252.3418259657262,
  "positive_samples_avg_ppl": 608.2838735118743
}