{
  "correct_idxs": [
    0,
    1,
    2,
    3,
    4,
    7,
    8,
    9,
    10,
    11,
    12,
    13,
    14,
    15,
    16,
    19,
    20,
    21,
    22,
    23,
    24,
    26,
    27,
    28,
    29,
    30,
    32,
    34,
    35,
    36,
    37,
    38,
    39,
    40,
    41,
    43,
    44,
    45,
    46,
    48,
    49,
    54,
    55,
    56,
    57,
    58,
    59,
    60,
    61,
    63,
    65,
    66,
    67,
    71,
    72,
    74,
    75,
    76,
    78,
    80,
    82,
    83,
    84,
    85,
    86,
    88,
    90,
    92,
    93,
    94,
    97,
    98,
    99,
    100,
    101,
    104,
    105,
    106,
    108,
    111,
    112,
    113,
    116,
    117,
    118,
    119,
    120,
    121,
    122,
    123,
    124,
    125,
    126,
    127,
    128,
    129,
    130,
    131,
    135,
    138,
    139,
    140,
    141,
    142,
    143,
    145,
    146,
    147,
    148,
    149,
    152,
    153,
    154,
    155,
    156,
    157,
    160,
    162,
    163,
    164,
    166,
    167,
    169,
    170,
    171,
    173,
    174,
    175,
    178,
    179,
    180,
    182,
    185,
    186,
    187,
    188,
    189,
    190,
    191,
    193,
    194,
    196,
    197,
    199
  ],
  "correct_rate": 72.0,
  "negative_samples_avg_ppl": 51.38378778871834,
  "positive_samples_avg_ppl": 26.558910438825563
}