{
  "correct_idxs": [
    5,
    7,
    8,
    9,
    11,
    12,
    14,
    16,
    17,
    18,
    19,
    20,
    21,
    22,
    23,
    24,
    25,
    27,
    29,
    30,
    31,
    32,
    33,
    35,
    36,
    38,
    39,
    40,
    45,
    46,
    47,
    48,
    52,
    53,
    56,
    58,
    60,
    61,
    63,
    64,
    66,
    67,
    69,
    71,
    73,
    74,
    77,
    78,
    80,
    81,
    82,
    83,
    84,
    85,
    88,
    89,
    90,
    92,
    93,
    94,
    95,
    97,
    100,
    101,
    103,
    105,
    106,
    107,
    108,
    112,
    113,
    114,
    116,
    117,
    118,
    119,
    120,
    123,
    127,
    128,
    130,
    133,
    134,
    138,
    139,
    140,
    141,
    142,
    143,
    146,
    147,
    149,
    152,
    161,
    164,
    165,
    167,
    168,
    169,
    171,
    172,
    173,
    174,
    178,
    180,
    182,
    183,
    184,
    187,
    191,
    193,
    194,
    195,
    196,
    197,
    199
  ],
  "correct_rate": 58.0,
  "negative_samples_avg_ppl": 777.1960050925076,
  "positive_samples_avg_ppl": 585.6532383168674
}