{
  "correct_idxs": [
    0,
    1,
    2,
    3,
    5,
    6,
    7,
    9,
    10,
    11,
    15,
    18,
    19,
    20,
    21,
    22,
    27,
    28,
    29,
    35,
    37,
    39,
    40,
    41,
    42,
    43,
    44,
    47,
    48,
    49,
    52,
    53,
    54,
    57,
    58,
    61,
    62,
    65,
    68,
    69,
    70,
    71,
    72,
    73,
    75,
    77,
    79,
    82,
    85,
    87,
    89,
    90,
    93,
    94,
    96,
    98,
    99,
    100,
    101,
    105,
    106,
    108,
    109,
    111,
    112,
    114,
    116,
    119,
    121,
    123,
    126,
    127,
    128,
    130,
    132,
    133,
    134,
    136,
    138,
    139,
    140,
    141,
    146,
    147,
    148,
    150,
    151,
    152,
    153,
    154,
    155,
    156,
    157,
    158,
    161,
    164,
    165,
    167,
    168,
    169,
    174,
    178,
    179,
    181,
    182,
    183,
    184,
    185,
    186,
    188,
    193,
    194,
    197,
    198
  ],
  "correct_rate": 57.0,
  "negative_samples_avg_ppl": 1.0223331852628097,
  "positive_samples_avg_ppl": 1.0223367203977094
}