{
  "correct_idxs": [
    0,
    1,
    2,
    4,
    6,
    7,
    8,
    10,
    11,
    13,
    18,
    20,
    22,
    24,
    25,
    26,
    27,
    28,
    29,
    30,
    31,
    33,
    35,
    36,
    37,
    39,
    40,
    41,
    43,
    44,
    46,
    48,
    52,
    54,
    55,
    56,
    59,
    60,
    61,
    62,
    64,
    65,
    68,
    70,
    72,
    74,
    75,
    76,
    77,
    78,
    79,
    83,
    85,
    87,
    88,
    90,
    91,
    92,
    93,
    94,
    95,
    96,
    98,
    99,
    100,
    101,
    102,
    103,
    104,
    105,
    106,
    107,
    108,
    111,
    112,
    114,
    115,
    116,
    117,
    118,
    120,
    121,
    122,
    123,
    126,
    127,
    129,
    130,
    131,
    133,
    134,
    137,
    140,
    141,
    142,
    143,
    144,
    145,
    148,
    149,
    150,
    151,
    152,
    154,
    155,
    157,
    158,
    161,
    164,
    165,
    166,
    168,
    169,
    170,
    173,
    175,
    177,
    178,
    180,
    181,
    183,
    184,
    186,
    187,
    191,
    192,
    196,
    197,
    198,
    199
  ],
  "correct_rate": 65.0,
  "negative_samples_avg_ppl": 228.81052248578908,
  "positive_samples_avg_ppl": 184.17335761008934
}