{
  "correct_idxs": [
    0,
    1,
    4,
    6,
    11,
    14,
    15,
    16,
    17,
    18,
    19,
    20,
    21,
    22,
    24,
    27,
    28,
    29,
    30,
    31,
    32,
    36,
    37,
    40,
    43,
    45,
    46,
    47,
    48,
    49,
    53,
    56,
    57,
    58,
    59,
    60,
    61,
    62,
    63,
    66,
    67,
    69,
    70,
    71,
    72,
    74,
    76,
    77,
    78,
    79,
    80,
    85,
    87,
    90,
    95,
    97,
    98,
    99,
    100,
    101,
    104,
    107,
    109,
    110,
    111,
    112,
    113,
    118,
    121,
    122,
    123,
    124,
    125,
    126,
    127,
    129,
    131,
    133,
    134,
    135,
    139,
    140,
    144,
    145,
    146,
    148,
    149,
    150,
    151,
    152,
    153,
    157,
    159,
    160,
    163,
    164,
    168,
    169,
    171,
    173,
    175,
    176,
    178,
    179,
    183,
    184,
    185,
    189,
    190,
    194,
    196,
    197,
    199
  ],
  "correct_rate": 56.75,
  "negative_samples_avg_ppl": 8.088022113888034,
  "positive_samples_avg_ppl": 6.495354218707729
}