{
  "correct_idxs": [
    0,
    2,
    6,
    7,
    8,
    11,
    12,
    13,
    14,
    16,
    17,
    18,
    19,
    20,
    21,
    24,
    25,
    26,
    27,
    29,
    30,
    31,
    33,
    35,
    36,
    40,
    44,
    45,
    46,
    47,
    48,
    49,
    50,
    53,
    54,
    55,
    56,
    59,
    60,
    61,
    62,
    63,
    64,
    66,
    67,
    68,
    69,
    70,
    71,
    73,
    74,
    75,
    76,
    77,
    78,
    79,
    81,
    82,
    84,
    86,
    87,
    88,
    89,
    90,
    92,
    93,
    95,
    96,
    97,
    99,
    100,
    101,
    103,
    104,
    105,
    106,
    107,
    108,
    110,
    112,
    114,
    116,
    117,
    119,
    121,
    122,
    124,
    125,
    126,
    127,
    128,
    130,
    131,
    132,
    133,
    134,
    135,
    137,
    138,
    140,
    141,
    142,
    143,
    144,
    145,
    146,
    147,
    148,
    149,
    150,
    151,
    153,
    154,
    155,
    157,
    158,
    160,
    161,
    164,
    165,
    167,
    168,
    169,
    170,
    171,
    172,
    173,
    174,
    175,
    176,
    178,
    179,
    180,
    181,
    183,
    184,
    186,
    187,
    188,
    190,
    191,
    192,
    193,
    194,
    195,
    196,
    197,
    198,
    199
  ],
  "correct_rate": 74.5,
  "negative_samples_avg_ppl": 1685.8241650298037,
  "positive_samples_avg_ppl": 868.039947223533
}