{
  "correct_idxs": [
    2,
    5,
    6,
    7,
    10,
    11,
    12,
    13,
    14,
    15,
    16,
    18,
    19,
    20,
    21,
    24,
    25,
    26,
    29,
    30,
    31,
    33,
    35,
    40,
    44,
    45,
    46,
    47,
    48,
    49,
    50,
    53,
    55,
    56,
    58,
    60,
    62,
    63,
    64,
    66,
    67,
    68,
    69,
    71,
    74,
    76,
    77,
    79,
    81,
    82,
    84,
    85,
    87,
    88,
    89,
    90,
    92,
    93,
    95,
    97,
    99,
    100,
    103,
    104,
    105,
    106,
    107,
    110,
    112,
    116,
    117,
    119,
    122,
    124,
    127,
    128,
    130,
    131,
    132,
    133,
    134,
    137,
    138,
    140,
    141,
    142,
    143,
    144,
    145,
    147,
    148,
    149,
    150,
    151,
    153,
    155,
    156,
    157,
    158,
    159,
    160,
    161,
    164,
    165,
    167,
    168,
    169,
    170,
    171,
    172,
    173,
    174,
    175,
    176,
    178,
    180,
    183,
    184,
    186,
    187,
    188,
    189,
    191,
    192,
    193,
    194,
    195,
    196,
    197,
    198,
    199
  ],
  "correct_rate": 65.5,
  "negative_samples_avg_ppl": 1674.76806492986,
  "positive_samples_avg_ppl": 967.0123930421792
}