{
  "correct_idxs": [
    0,
    1,
    2,
    3,
    6,
    7,
    8,
    9,
    11,
    12,
    13,
    15,
    16,
    17,
    18,
    19,
    20,
    23,
    28,
    29,
    30,
    34,
    35,
    37,
    39,
    40,
    41,
    43,
    44,
    45,
    46,
    48,
    52,
    53,
    56,
    57,
    59,
    60,
    61,
    64,
    65,
    67,
    68,
    69,
    70,
    71,
    74,
    75,
    78,
    79,
    80,
    81,
    83,
    84,
    85,
    86,
    87,
    90,
    91,
    92,
    93,
    97,
    98,
    99,
    101,
    102,
    108,
    112,
    113,
    115,
    116,
    117,
    118,
    119,
    126,
    127,
    128,
    129,
    130,
    132,
    133,
    134,
    135,
    138,
    139,
    140,
    141,
    143,
    145,
    146,
    148,
    149,
    150,
    151,
    152,
    153,
    154,
    155,
    156,
    157,
    160,
    164,
    168,
    179,
    180,
    181,
    182,
    188,
    190,
    191,
    192,
    194,
    195,
    196,
    197,
    199
  ],
  "correct_rate": 58.25,
  "negative_samples_avg_ppl": 286.0636082925092,
  "positive_samples_avg_ppl": 159.91035642545063
}