{
  "correct_idxs": [
    1,
    3,
    5,
    7,
    9,
    11,
    13,
    16,
    17,
    21,
    22,
    23,
    24,
    25,
    27,
    28,
    31,
    34,
    36,
    39,
    41,
    42,
    43,
    44,
    47,
    49,
    52,
    55,
    56,
    58,
    62,
    64,
    66,
    71,
    73,
    76,
    78,
    79,
    81,
    84,
    85,
    86,
    87,
    89,
    91,
    93,
    94,
    97,
    98,
    99,
    100,
    101,
    104,
    106,
    111,
    112,
    113,
    116,
    117,
    120,
    121,
    123,
    124,
    125,
    126,
    127,
    129,
    130,
    131,
    132,
    133,
    134,
    136,
    139,
    140,
    144,
    145,
    146,
    147,
    149,
    150,
    152,
    153,
    154,
    155,
    157,
    159,
    161,
    169,
    172,
    175,
    177,
    178,
    179,
    181,
    183,
    184,
    185,
    186,
    190,
    192,
    196
  ],
  "correct_rate": 51.25,
  "negative_samples_avg_ppl": 0.08898003741571711,
  "positive_samples_avg_ppl": 0.07192611690557607
}