{
  "correct_idxs": [
    1,
    6,
    7,
    8,
    10,
    12,
    13,
    16,
    17,
    18,
    22,
    27,
    28,
    33,
    36,
    37,
    38,
    40,
    41,
    42,
    46,
    47,
    48,
    50,
    51,
    57,
    59,
    60,
    61,
    63,
    65,
    70,
    71,
    73,
    77,
    78,
    81,
    82,
    83,
    85,
    89,
    90,
    93,
    94,
    95,
    97,
    98,
    99,
    101,
    103,
    104,
    106,
    109,
    110,
    111,
    112,
    113,
    114,
    116,
    117,
    118,
    119,
    123,
    125,
    128,
    130,
    131,
    132,
    133,
    134,
    136,
    139,
    140,
    141,
    142,
    144,
    145,
    147,
    148,
    150,
    151,
    156,
    158,
    159,
    163,
    164,
    166,
    168,
    169,
    172,
    173,
    177,
    180,
    181,
    182,
    183,
    184,
    185,
    187,
    188,
    189,
    190,
    194,
    195,
    197,
    199
  ],
  "correct_rate": 53.0,
  "negative_samples_avg_ppl": 1901.1074794646875,
  "positive_samples_avg_ppl": 1822.779250076572
}