{
  "correct_idxs": [
    2,
    3,
    4,
    6,
    7,
    8,
    9,
    11,
    17,
    18,
    19,
    20,
    21,
    22,
    23,
    24,
    26,
    27,
    29,
    31,
    33,
    35,
    37,
    38,
    39,
    40,
    41,
    43,
    46,
    50,
    51,
    53,
    54,
    56,
    59,
    61,
    63,
    66,
    67,
    68,
    71,
    73,
    74,
    77,
    80,
    82,
    83,
    84,
    85,
    86,
    87,
    88,
    89,
    92,
    94,
    95,
    98,
    99,
    100,
    101,
    102,
    103,
    105,
    106,
    109,
    113,
    114,
    115,
    119,
    120,
    121,
    122,
    130,
    133,
    134,
    135,
    142,
    143,
    144,
    145,
    146,
    149,
    150,
    151,
    154,
    159,
    161,
    162,
    163,
    165,
    166,
    167,
    168,
    169,
    170,
    171,
    172,
    174,
    177,
    178,
    180,
    182,
    185,
    187,
    189,
    193,
    194,
    196,
    197
  ],
  "correct_rate": 54.5,
  "negative_samples_avg_ppl": 0.6147233591746066,
  "positive_samples_avg_ppl": 0.4746690224405482
}