{
  "correct_idxs": [
    0,
    1,
    2,
    5,
    7,
    8,
    9,
    10,
    11,
    12,
    14,
    15,
    16,
    17,
    18,
    19,
    20,
    22,
    24,
    27,
    28,
    29,
    31,
    32,
    34,
    35,
    37,
    39,
    40,
    41,
    43,
    44,
    46,
    49,
    52,
    53,
    54,
    57,
    58,
    61,
    62,
    63,
    66,
    68,
    69,
    70,
    71,
    72,
    73,
    77,
    82,
    83,
    85,
    87,
    89,
    90,
    92,
    93,
    98,
    100,
    102,
    104,
    105,
    107,
    108,
    116,
    118,
    121,
    123,
    126,
    127,
    128,
    130,
    132,
    134,
    139,
    141,
    142,
    143,
    144,
    146,
    147,
    148,
    150,
    152,
    153,
    155,
    156,
    157,
    161,
    164,
    165,
    168,
    169,
    173,
    175,
    176,
    179,
    180,
    181,
    182,
    183,
    184,
    187,
    188,
    197,
    199
  ],
  "correct_rate": 53.5,
  "negative_samples_avg_ppl": 16.75390575678908,
  "positive_samples_avg_ppl": 16.045979758705847
}