{
  "correct_idxs": [
    0,
    3,
    4,
    5,
    6,
    8,
    9,
    11,
    13,
    16,
    17,
    20,
    22,
    24,
    25,
    26,
    27,
    28,
    29,
    30,
    31,
    33,
    34,
    35,
    36,
    37,
    39,
    40,
    41,
    43,
    46,
    48,
    49,
    52,
    53,
    54,
    55,
    56,
    59,
    60,
    61,
    62,
    63,
    64,
    65,
    68,
    70,
    72,
    73,
    74,
    75,
    76,
    77,
    79,
    85,
    86,
    87,
    88,
    90,
    91,
    93,
    94,
    95,
    97,
    98,
    99,
    100,
    101,
    102,
    103,
    105,
    106,
    107,
    108,
    110,
    111,
    112,
    113,
    114,
    115,
    116,
    117,
    118,
    120,
    121,
    122,
    123,
    124,
    126,
    127,
    130,
    131,
    134,
    140,
    141,
    143,
    144,
    145,
    146,
    151,
    152,
    153,
    154,
    155,
    157,
    158,
    163,
    164,
    165,
    166,
    167,
    168,
    169,
    173,
    174,
    175,
    177,
    178,
    180,
    181,
    183,
    186,
    187,
    191,
    192,
    193,
    195,
    196,
    197,
    198,
    199
  ],
  "correct_rate": 65.5,
  "negative_samples_avg_ppl": 1508.6553223982644,
  "positive_samples_avg_ppl": 924.068216503456
}