{
  "correct_idxs": [
    1,
    2,
    3,
    5,
    6,
    7,
    8,
    9,
    11,
    12,
    13,
    15,
    18,
    19,
    20,
    27,
    28,
    30,
    35,
    36,
    39,
    40,
    41,
    44,
    46,
    47,
    53,
    55,
    56,
    57,
    60,
    62,
    67,
    69,
    71,
    72,
    73,
    75,
    76,
    77,
    79,
    83,
    84,
    85,
    86,
    87,
    88,
    90,
    91,
    92,
    95,
    97,
    98,
    102,
    104,
    105,
    106,
    107,
    108,
    110,
    112,
    116,
    117,
    119,
    120,
    122,
    123,
    125,
    127,
    128,
    129,
    130,
    131,
    134,
    135,
    138,
    139,
    140,
    144,
    146,
    147,
    150,
    151,
    152,
    153,
    156,
    157,
    161,
    164,
    165,
    167,
    168,
    169,
    170,
    173,
    174,
    177,
    179,
    180,
    181,
    182,
    183,
    184,
    185,
    191,
    192,
    196,
    197
  ],
  "correct_rate": 54.0,
  "negative_samples_avg_ppl": 0.03732739530385373,
  "positive_samples_avg_ppl": 0.03163873260108048
}