{
  "correct_idxs": [
    0,
    1,
    2,
    3,
    5,
    6,
    7,
    8,
    9,
    10,
    11,
    12,
    16,
    17,
    18,
    21,
    22,
    23,
    24,
    25,
    26,
    27,
    28,
    29,
    30,
    31,
    34,
    35,
    36,
    37,
    38,
    39,
    41,
    42,
    44,
    46,
    47,
    48,
    49,
    50,
    51,
    52,
    53,
    55,
    58,
    59,
    60,
    61,
    62,
    63,
    64,
    65,
    66,
    67,
    69,
    70,
    72,
    73,
    74,
    75,
    76,
    77,
    79,
    80,
    84,
    85,
    86,
    87,
    88,
    89,
    92,
    93,
    95,
    97,
    98,
    100,
    101,
    102,
    103,
    104,
    106,
    108,
    111,
    112,
    113,
    114,
    115,
    116,
    119,
    122,
    125,
    126,
    127,
    129,
    130,
    132,
    133,
    134,
    137,
    139,
    140,
    141,
    142,
    143,
    144,
    145,
    146,
    147,
    149,
    151,
    152,
    153,
    154,
    157,
    158,
    160,
    162,
    163,
    164,
    165,
    168,
    169,
    170,
    172,
    175,
    176,
    177,
    178,
    180,
    182,
    183,
    184,
    185,
    186,
    187,
    188,
    190,
    191,
    192,
    193,
    196,
    197
  ],
  "correct_rate": 71.0,
  "negative_samples_avg_ppl": 1959.5471010536344,
  "positive_samples_avg_ppl": 910.4314340814963
}