{
  "correct_idxs": [
    0,
    4,
    5,
    6,
    7,
    8,
    12,
    13,
    14,
    22,
    23,
    26,
    28,
    30,
    31,
    32,
    36,
    37,
    38,
    39,
    42,
    43,
    44,
    46,
    48,
    51,
    53,
    54,
    56,
    57,
    58,
    59,
    62,
    64,
    67,
    70,
    71,
    72,
    73,
    74,
    75,
    77,
    78,
    79,
    80,
    81,
    82,
    83,
    88,
    91,
    93,
    94,
    96,
    97,
    99,
    100,
    102,
    103,
    104,
    106,
    109,
    110,
    111,
    112,
    113,
    116,
    120,
    126,
    127,
    128,
    129,
    130,
    132,
    133,
    134,
    135,
    139,
    141,
    143,
    147,
    149,
    152,
    153,
    154,
    155,
    157,
    158,
    159,
    160,
    163,
    165,
    166,
    167,
    168,
    172,
    174,
    175,
    178,
    182,
    185,
    186,
    187,
    188,
    189,
    191,
    193,
    196,
    198,
    199
  ],
  "correct_rate": 54.5,
  "negative_samples_avg_ppl": 5.927704904897155,
  "positive_samples_avg_ppl": 5.505098987307861
}