{
  "correct_idxs": [
    0,
    1,
    2,
    4,
    5,
    6,
    7,
    8,
    9,
    11,
    13,
    15,
    16,
    17,
    19,
    20,
    22,
    23,
    24,
    25,
    26,
    27,
    28,
    29,
    30,
    31,
    33,
    34,
    35,
    36,
    37,
    38,
    39,
    41,
    42,
    43,
    44,
    45,
    46,
    48,
    49,
    50,
    51,
    53,
    54,
    55,
    57,
    59,
    60,
    62,
    63,
    64,
    65,
    66,
    67,
    68,
    69,
    70,
    71,
    72,
    73,
    74,
    75,
    76,
    77,
    79,
    80,
    81,
    82,
    84,
    85,
    86,
    87,
    88,
    90,
    91,
    92,
    93,
    94,
    95,
    96,
    97,
    100,
    101,
    102,
    103,
    104,
    105,
    106,
    107,
    108,
    111,
    112,
    113,
    114,
    115,
    116,
    119,
    120,
    122,
    123,
    125,
    127,
    128,
    129,
    130,
    131,
    132,
    134,
    135,
    137,
    139,
    140,
    141,
    142,
    143,
    144,
    145,
    146,
    147,
    148,
    151,
    152,
    153,
    154,
    157,
    159,
    160,
    161,
    162,
    163,
    164,
    165,
    166,
    168,
    169,
    170,
    172,
    173,
    175,
    176,
    177,
    178,
    179,
    180,
    182,
    183,
    184,
    185,
    186,
    187,
    188,
    189,
    190,
    191,
    192,
    193,
    196,
    197,
    198,
    199
  ],
  "correct_rate": 80.5,
  "negative_samples_avg_ppl": 5421.616513132686,
  "positive_samples_avg_ppl": 323.5024711729311
}