{
  "correct_idxs": [
    0,
    2,
    5,
    7,
    11,
    15,
    20,
    23,
    30,
    32,
    35,
    36,
    37,
    38,
    39,
    40,
    45,
    46,
    47,
    49,
    55,
    57,
    59,
    60,
    63,
    64,
    65,
    66,
    67,
    71,
    72,
    73,
    74,
    75,
    76,
    77,
    78,
    79,
    80,
    81,
    83,
    84,
    85,
    90,
    91,
    92,
    94,
    95,
    96,
    98,
    102,
    104,
    105,
    107,
    108,
    110,
    113,
    116,
    118,
    119,
    120,
    122,
    123,
    125,
    127,
    128,
    130,
    131,
    133,
    134,
    136,
    138,
    141,
    142,
    143,
    146,
    147,
    148,
    149,
    150,
    153,
    154,
    155,
    156,
    159,
    160,
    161,
    163,
    164,
    167,
    168,
    171,
    172,
    173,
    175,
    177,
    178,
    180,
    182,
    183,
    184,
    185,
    187,
    189,
    194,
    196,
    197,
    199
  ],
  "correct_rate": 54.0,
  "negative_samples_avg_ppl": 1.0192979241282087,
  "positive_samples_avg_ppl": 1.0189891970624008
}