{
  "correct_idxs": [
    5,
    7,
    8,
    11,
    12,
    14,
    15,
    16,
    18,
    22,
    23,
    26,
    28,
    30,
    34,
    35,
    36,
    37,
    38,
    39,
    40,
    45,
    48,
    49,
    53,
    55,
    58,
    59,
    60,
    62,
    63,
    65,
    68,
    70,
    71,
    73,
    75,
    77,
    78,
    80,
    84,
    86,
    87,
    96,
    99,
    101,
    108,
    109,
    111,
    113,
    114,
    116,
    124,
    125,
    127,
    129,
    131,
    134,
    135,
    137,
    138,
    139,
    140,
    141,
    143,
    145,
    154,
    155,
    156,
    157,
    159,
    160,
    164,
    165,
    166,
    167,
    168,
    170,
    173,
    174,
    175,
    176,
    179,
    181,
    183,
    184,
    185,
    187,
    188,
    190,
    191,
    192,
    195,
    198,
    199
  ],
  "correct_rate": 47.5,
  "negative_samples_avg_ppl": 0.0005031229331819476,
  "positive_samples_avg_ppl": 0.0005750654666821203
}