{
  "correct_idxs": [
    0,
    1,
    3,
    6,
    8,
    9,
    11,
    12,
    16,
    18,
    19,
    21,
    22,
    26,
    30,
    31,
    33,
    37,
    44,
    45,
    46,
    51,
    54,
    60,
    62,
    64,
    65,
    68,
    70,
    71,
    72,
    75,
    76,
    79,
    82,
    83,
    93,
    94,
    96,
    97,
    101,
    102,
    103,
    107,
    113,
    119,
    122,
    123,
    125,
    126,
    127,
    135,
    136,
    149,
    152,
    154,
    155,
    158,
    161,
    163,
    164,
    166,
    172,
    173,
    174,
    177,
    178,
    184,
    185,
    188,
    190,
    191,
    193,
    194,
    195,
    197,
    199
  ],
  "correct_rate": 38.5,
  "negative_samples_avg_ppl": 103.51039481549421,
  "positive_samples_avg_ppl": 122.93941124429497
}