{
  "correct_idxs": [
    1,
    6,
    8,
    9,
    10,
    13,
    16,
    18,
    19,
    20,
    21,
    23,
    26,
    27,
    30,
    33,
    34,
    35,
    37,
    39,
    42,
    45,
    46,
    49,
    54,
    56,
    58,
    59,
    60,
    62,
    63,
    64,
    67,
    68,
    75,
    79,
    83,
    85,
    86,
    88,
    90,
    91,
    94,
    97,
    101,
    102,
    103,
    105,
    110,
    113,
    115,
    116,
    117,
    119,
    120,
    121,
    122,
    123,
    124,
    125,
    126,
    129,
    131,
    135,
    136,
    140,
    145,
    150,
    151,
    152,
    153,
    155,
    156,
    157,
    158,
    159,
    160,
    163,
    166,
    168,
    169,
    171,
    173,
    174,
    176,
    177,
    179,
    181,
    182,
    184,
    185,
    186,
    188,
    190,
    191,
    193,
    195,
    197,
    198,
    199
  ],
  "correct_rate": 50.0,
  "negative_samples_avg_ppl": 122.69041712078617,
  "positive_samples_avg_ppl": 126.9162651392345
}