{
  "correct_idxs": [
    0,
    1,
    3,
    6,
    8,
    9,
    11,
    12,
    16,
    18,
    21,
    22,
    30,
    31,
    37,
    44,
    45,
    46,
    47,
    49,
    54,
    60,
    62,
    64,
    65,
    68,
    70,
    71,
    72,
    73,
    75,
    76,
    79,
    82,
    83,
    90,
    94,
    96,
    97,
    101,
    102,
    103,
    106,
    107,
    113,
    119,
    122,
    123,
    125,
    126,
    127,
    135,
    138,
    146,
    149,
    152,
    155,
    158,
    161,
    163,
    164,
    166,
    173,
    174,
    177,
    178,
    184,
    185,
    188,
    190,
    191,
    193,
    194,
    195,
    197,
    199
  ],
  "correct_rate": 38.0,
  "negative_samples_avg_ppl": 104.09081599999134,
  "positive_samples_avg_ppl": 123.00497985243169
}