{
  "correct_idxs": [
    0,
    9,
    11,
    12,
    21,
    22,
    31,
    37,
    44,
    45,
    46,
    49,
    54,
    64,
    66,
    68,
    70,
    72,
    82,
    90,
    96,
    101,
    103,
    107,
    125,
    126,
    138,
    149,
    177,
    178,
    188,
    190,
    194,
    195,
    196
  ],
  "correct_rate": 36.458333333333336,
  "negative_samples_avg_ppl": 81.95758319479013,
  "positive_samples_avg_ppl": 100.00740297149355
}