{
  "correct_idxs": [
    4,
    6,
    8,
    10,
    12,
    13,
    15,
    17,
    20,
    21,
    22,
    23,
    24,
    25,
    26,
    28,
    29,
    31,
    32,
    33,
    39,
    40,
    41,
    42,
    43,
    44,
    45,
    46,
    47,
    48,
    52,
    54,
    59,
    61,
    63,
    68,
    70,
    72,
    73,
    75,
    76,
    77,
    78,
    79,
    81,
    88,
    89,
    90,
    92,
    93,
    94,
    97,
    99,
    100,
    102,
    105,
    106,
    107,
    108,
    114,
    115,
    117,
    120,
    122,
    123,
    125,
    126,
    127,
    131,
    133,
    135,
    136,
    137,
    141,
    142,
    143,
    145,
    147,
    151,
    152,
    153,
    154,
    155,
    157,
    163,
    166,
    168,
    169,
    170,
    173,
    174,
    175,
    176,
    177,
    180,
    181,
    184,
    186,
    188,
    191,
    192,
    193,
    194,
    195,
    196,
    197,
    198,
    199
  ],
  "correct_rate": 54.0,
  "negative_samples_avg_ppl": 8.839785733748366,
  "positive_samples_avg_ppl": 8.071817452009261
}