{
  "correct_idxs": [
    1,
    2,
    7,
    8,
    13,
    14,
    17,
    19,
    21,
    25,
    28,
    29,
    30,
    31,
    33,
    34,
    36,
    37,
    39,
    40,
    42,
    44,
    45,
    47,
    48,
    53,
    55,
    57,
    58,
    59,
    60,
    61,
    64,
    66,
    67,
    69,
    70,
    71,
    72,
    73,
    77,
    79,
    81,
    83,
    87,
    88,
    90,
    91,
    102,
    104,
    105,
    108,
    111,
    112,
    114,
    116,
    118,
    119,
    124,
    126,
    128,
    130,
    134,
    136,
    137,
    138,
    140,
    141,
    143,
    145,
    146,
    147,
    150,
    152,
    153,
    154,
    155,
    156,
    159,
    161,
    162,
    163,
    165,
    166,
    169,
    173,
    175,
    176,
    182,
    184,
    186,
    188,
    189,
    190,
    191,
    192
  ],
  "correct_rate": 48.0,
  "negative_samples_avg_ppl": 86.79661131973862,
  "positive_samples_avg_ppl": 92.93654181176873
}