{
  "correct_idxs": [
    4,
    5,
    7,
    8,
    9,
    12,
    13,
    14,
    19,
    20,
    21,
    25,
    27,
    28,
    29,
    30,
    32,
    33,
    34,
    37,
    38,
    39,
    41,
    43,
    44,
    53,
    57,
    58,
    59,
    61,
    62,
    64,
    65,
    69,
    70,
    74,
    77,
    79,
    81,
    82,
    85,
    87,
    88,
    91,
    92,
    93,
    94,
    95,
    97,
    100,
    104,
    108,
    109,
    110,
    116,
    118,
    120,
    121,
    125,
    126,
    128,
    129,
    130,
    131,
    134,
    136,
    140,
    141,
    145,
    148,
    151,
    152,
    153,
    155,
    157,
    159,
    160,
    161,
    162,
    164,
    165,
    166,
    168,
    171,
    175,
    176,
    177,
    183,
    184,
    186,
    187,
    188,
    189,
    190,
    192,
    198,
    199
  ],
  "correct_rate": 50.0,
  "negative_samples_avg_ppl": 151.0561679349586,
  "positive_samples_avg_ppl": 148.21840884850747
}