{
  "correct_idxs": [
    1,
    6,
    7,
    8,
    9,
    13,
    14,
    17,
    19,
    21,
    25,
    28,
    29,
    30,
    33,
    36,
    37,
    39,
    42,
    44,
    45,
    47,
    48,
    52,
    53,
    57,
    58,
    59,
    60,
    61,
    62,
    63,
    64,
    65,
    66,
    68,
    69,
    70,
    71,
    72,
    79,
    82,
    83,
    87,
    90,
    94,
    97,
    104,
    109,
    114,
    116,
    118,
    121,
    126,
    128,
    129,
    130,
    131,
    134,
    135,
    136,
    140,
    142,
    143,
    145,
    146,
    148,
    152,
    153,
    154,
    155,
    159,
    160,
    161,
    162,
    163,
    165,
    166,
    170,
    172,
    173,
    175,
    181,
    182,
    183,
    184,
    186,
    188,
    189,
    190,
    191,
    192,
    196,
    197,
    198
  ],
  "correct_rate": 47.5,
  "negative_samples_avg_ppl": 92.21207627609817,
  "positive_samples_avg_ppl": 95.20040670058418
}