{
  "correct_idxs": [
    4,
    7,
    8,
    9,
    12,
    14,
    19,
    20,
    21,
    25,
    27,
    29,
    30,
    32,
    33,
    34,
    37,
    38,
    41,
    44,
    57,
    58,
    61,
    69,
    74,
    82,
    85,
    87,
    92,
    95,
    96,
    97,
    99,
    100,
    104,
    110,
    116,
    120,
    121,
    125,
    126,
    129,
    130,
    131,
    141,
    145,
    148,
    151,
    155,
    157,
    160,
    176,
    177,
    183,
    187,
    188,
    189,
    190,
    192
  ],
  "correct_rate": 48.760330578512395,
  "negative_samples_avg_ppl": 113.11348563582891,
  "positive_samples_avg_ppl": 114.2632370602055
}