{
  "correct_idxs": [
    1,
    4,
    7,
    11,
    13,
    14,
    16,
    17,
    18,
    20,
    22,
    24,
    25,
    26,
    28,
    30,
    31,
    33,
    34,
    35,
    38,
    42,
    43,
    44,
    47,
    48,
    52,
    53,
    56,
    57,
    58,
    59,
    62,
    65,
    67,
    72,
    73,
    83,
    86,
    88,
    89,
    90,
    91,
    94,
    96,
    97,
    98,
    99,
    100,
    105,
    112,
    114,
    117,
    118,
    119,
    121,
    126,
    127,
    129,
    131,
    134,
    136,
    145,
    152,
    158,
    159,
    160,
    161,
    165,
    166,
    167,
    168,
    171,
    172,
    173,
    178,
    179,
    180,
    181,
    182,
    183,
    184,
    186,
    189,
    191,
    192,
    194,
    196,
    197,
    198
  ],
  "correct_rate": 49.25,
  "negative_samples_avg_ppl": 42.285124005293795,
  "positive_samples_avg_ppl": 40.35198965960721
}