{
  "correct_idxs": [
    0,
    1,
    2,
    4,
    5,
    6,
    7,
    8,
    9,
    10,
    12,
    13,
    14,
    15,
    17,
    18,
    19,
    20,
    21,
    22,
    23,
    24,
    25,
    26,
    27,
    29,
    30,
    31,
    32,
    34,
    35,
    36,
    37,
    38,
    40,
    41,
    42,
    43,
    44,
    46,
    47,
    48,
    49,
    50,
    51,
    52,
    53,
    54,
    56,
    57,
    58,
    59,
    60,
    61,
    63,
    64,
    65,
    66,
    67,
    69,
    70,
    71,
    72,
    73,
    74,
    75,
    77,
    78,
    80,
    81,
    82,
    83,
    84,
    85,
    86,
    87,
    88,
    89,
    90,
    92,
    93,
    94,
    96,
    97,
    98,
    99,
    100,
    101,
    102,
    103,
    104,
    105,
    106,
    107,
    108,
    109,
    110,
    112,
    113,
    114,
    115,
    117,
    119,
    121,
    122,
    123,
    124,
    125,
    126,
    127,
    128,
    129,
    131,
    132,
    133,
    134,
    135,
    136,
    137,
    138,
    139,
    140,
    141,
    142,
    143,
    144,
    145,
    146,
    147,
    148,
    149,
    150,
    151,
    152,
    153,
    154,
    155,
    157,
    158,
    159,
    160,
    161,
    162,
    163,
    164,
    165,
    166,
    167,
    168,
    170,
    171,
    172,
    173,
    174,
    175,
    176,
    177,
    178,
    180,
    181,
    183,
    184,
    185,
    186,
    188,
    189,
    190,
    191,
    193,
    195,
    196,
    197,
    198,
    199
  ],
  "correct_rate": 87.0,
  "negative_samples_avg_ppl": 44931.33097821889,
  "positive_samples_avg_ppl": 6545.695386068511
}