{
  "correct_idxs": [
    2,
    3,
    4,
    5,
    11,
    13,
    21,
    25,
    26,
    30,
    33,
    34,
    36,
    38,
    39,
    40,
    42,
    48,
    50,
    51,
    54,
    56,
    59,
    60,
    63,
    64,
    65,
    67,
    69,
    70,
    72,
    73,
    74,
    77,
    79,
    81,
    85,
    87,
    91,
    93,
    94,
    97,
    100,
    101,
    103,
    104,
    106,
    108,
    109,
    113,
    114,
    115,
    116,
    117,
    119,
    120,
    121,
    123,
    124,
    126,
    127,
    129,
    130,
    132,
    133,
    134,
    136,
    140,
    141,
    148,
    149,
    150,
    151,
    153,
    155,
    158,
    165,
    166,
    167,
    170,
    172,
    173,
    175,
    177,
    178,
    179,
    184,
    185,
    189,
    191,
    192,
    196,
    197
  ],
  "correct_rate": 46.5,
  "negative_samples_avg_ppl": 18.323983112060315,
  "positive_samples_avg_ppl": 20.242678813256845
}