{
  "correct_idxs": [
    1,
    2,
    3,
    4,
    5,
    6,
    7,
    11,
    12,
    13,
    14,
    15,
    16,
    17,
    18,
    19,
    20,
    21,
    22,
    23,
    24,
    25,
    26,
    28,
    30,
    31,
    33,
    34,
    35,
    36,
    37,
    38,
    39,
    41,
    43,
    44,
    46,
    47,
    48,
    49,
    50,
    51,
    53,
    55,
    56,
    57,
    58,
    59,
    61,
    62,
    63,
    64,
    65,
    66,
    67,
    69,
    70,
    71,
    73,
    74,
    75,
    76,
    77,
    78,
    80,
    81,
    82,
    83,
    84,
    85,
    87,
    88,
    89,
    91,
    92,
    93,
    94,
    97,
    98,
    99,
    101,
    102,
    103,
    104,
    105,
    107,
    108,
    109,
    110,
    111,
    112,
    113,
    114,
    115,
    116,
    117,
    118,
    120,
    121,
    123,
    126,
    129,
    130,
    131,
    133,
    134,
    135,
    137,
    138,
    139,
    143,
    144,
    145,
    146,
    147,
    148,
    149,
    153,
    154,
    155,
    156,
    157,
    158,
    159,
    160,
    163,
    164,
    166,
    167,
    168,
    169,
    170,
    171,
    172,
    173,
    174,
    175,
    178,
    181,
    183,
    185,
    187,
    189,
    191,
    192,
    193,
    194,
    196
  ],
  "correct_rate": 74.0,
  "negative_samples_avg_ppl": 1267.9235983524698,
  "positive_samples_avg_ppl": 488.70806562219127
}