{
  "correct_idxs": [
    1,
    2,
    3,
    4,
    6,
    8,
    10,
    12,
    14,
    16,
    19,
    21,
    23,
    27,
    28,
    30,
    33,
    34,
    35,
    37,
    38,
    40,
    41,
    42,
    43,
    44,
    45,
    46,
    50,
    51,
    52,
    54,
    55,
    57,
    58,
    60,
    62,
    63,
    71,
    73,
    78,
    79,
    81,
    83,
    84,
    86,
    89,
    92,
    93,
    96,
    97,
    101,
    102,
    103,
    104,
    106,
    108,
    112,
    116,
    117,
    118,
    119,
    120,
    122,
    123,
    126,
    128,
    131,
    132,
    133,
    134,
    136,
    138,
    139,
    140,
    141,
    144,
    146,
    148,
    149,
    150,
    151,
    152,
    153,
    154,
    156,
    157,
    159,
    160,
    161,
    162,
    163,
    164,
    170,
    171,
    173,
    181,
    182,
    183,
    184,
    189,
    191,
    194,
    195,
    196,
    198,
    199
  ],
  "correct_rate": 53.5,
  "negative_samples_avg_ppl": 0.3652471872817114,
  "positive_samples_avg_ppl": 0.3529042924919376
}