{
  "correct_idxs": [
    1,
    4,
    5,
    6,
    7,
    11,
    13,
    14,
    15,
    16,
    17,
    19,
    22,
    23,
    24,
    26,
    27,
    37,
    39,
    40,
    41,
    44,
    45,
    49,
    51,
    52,
    53,
    54,
    57,
    63,
    64,
    65,
    68,
    69,
    71,
    76,
    78,
    79,
    80,
    81,
    85,
    86,
    87,
    90,
    95,
    97,
    98,
    99,
    100,
    103,
    104,
    108,
    110,
    112,
    114,
    119,
    120,
    122,
    123,
    124,
    125,
    126,
    127,
    130,
    132,
    136,
    138,
    139,
    140,
    141,
    143,
    144,
    148,
    153,
    154,
    156,
    159,
    160,
    163,
    165,
    167,
    168,
    175,
    180,
    181,
    186,
    187,
    192,
    193,
    196,
    197,
    198,
    199
  ],
  "correct_rate": 46.5,
  "negative_samples_avg_ppl": 36.10137274003151,
  "positive_samples_avg_ppl": 37.06589827341671
}