{
  "correct_idxs": [
    0,
    1,
    2,
    4,
    6,
    7,
    8,
    9,
    10,
    12,
    13,
    15,
    17,
    18,
    19,
    20,
    21,
    22,
    23,
    25,
    27,
    29,
    36,
    38,
    39,
    41,
    42,
    43,
    45,
    46,
    47,
    48,
    51,
    52,
    54,
    56,
    63,
    64,
    65,
    66,
    71,
    72,
    73,
    74,
    75,
    77,
    78,
    82,
    85,
    86,
    87,
    88,
    89,
    91,
    92,
    94,
    95,
    96,
    97,
    98,
    103,
    105,
    106,
    108,
    109,
    111,
    112,
    113,
    114,
    115,
    116,
    117,
    118,
    119,
    120,
    128,
    129,
    130,
    131,
    132,
    135,
    136,
    137,
    140,
    142,
    143,
    144,
    145,
    146,
    148,
    149,
    153,
    154,
    155,
    156,
    157,
    158,
    163,
    164,
    166,
    168,
    170,
    171,
    172,
    173,
    174,
    176,
    177,
    178,
    180,
    181,
    183,
    184,
    189,
    193,
    194,
    199
  ],
  "correct_rate": 58.5,
  "negative_samples_avg_ppl": 5.247832629065297,
  "positive_samples_avg_ppl": 4.679918376727211
}