{
  "correct_idxs": [
    0,
    1,
    2,
    5,
    6,
    9,
    10,
    11,
    12,
    14,
    15,
    17,
    18,
    19,
    21,
    22,
    24,
    26,
    29,
    30,
    33,
    35,
    37,
    38,
    40,
    41,
    42,
    43,
    44,
    48,
    49,
    50,
    52,
    53,
    54,
    55,
    56,
    57,
    59,
    60,
    64,
    66,
    69,
    70,
    71,
    72,
    73,
    74,
    76,
    77,
    78,
    79,
    83,
    84,
    85,
    88,
    89,
    90,
    91,
    93,
    95,
    96,
    97,
    104,
    106,
    108,
    113,
    117,
    119,
    120,
    121,
    125,
    126,
    127,
    128,
    129,
    131,
    134,
    136,
    137,
    138,
    140,
    141,
    143,
    144,
    146,
    147,
    148,
    150,
    153,
    154,
    155,
    157,
    158,
    159,
    160,
    161,
    164,
    166,
    167,
    168,
    170,
    172,
    173,
    174,
    176,
    177,
    178,
    179,
    180,
    181,
    183,
    184,
    186,
    187,
    189,
    190,
    192,
    193,
    195,
    199
  ],
  "correct_rate": 60.5,
  "negative_samples_avg_ppl": 5.8131649869653454,
  "positive_samples_avg_ppl": 4.653717840155333
}