{
  "correct_idxs": [
    0,
    3,
    4,
    5,
    6,
    7,
    8,
    9,
    10,
    11,
    12,
    13,
    14,
    15,
    16,
    17,
    18,
    19,
    20,
    21,
    24,
    25,
    27,
    29,
    31,
    32,
    35,
    37,
    38,
    39,
    40,
    41,
    43,
    47,
    48,
    49,
    50,
    52,
    53,
    54,
    56,
    57,
    58,
    59,
    60,
    62,
    63,
    65,
    70,
    71,
    73,
    75,
    76,
    77,
    78,
    79,
    81,
    83,
    84,
    85,
    87,
    89,
    90,
    91,
    92,
    95,
    97,
    98,
    100,
    102,
    104,
    108,
    109,
    110,
    111,
    112,
    113,
    114,
    115,
    117,
    118,
    119,
    120,
    121,
    122,
    124,
    125,
    129,
    131,
    133,
    134,
    136,
    138,
    141,
    145,
    146,
    147,
    148,
    153,
    155,
    156,
    157,
    160,
    162,
    165,
    168,
    172,
    173,
    174,
    175,
    178,
    184,
    186,
    187,
    188,
    190,
    192,
    193,
    194,
    196,
    197,
    198,
    199
  ],
  "correct_rate": 61.5,
  "negative_samples_avg_ppl": 263.0698650300575,
  "positive_samples_avg_ppl": 158.9132445146636
}