{
  "correct_idxs": [
    0,
    1,
    3,
    4,
    6,
    8,
    9,
    10,
    11,
    12,
    14,
    15,
    18,
    19,
    21,
    23,
    24,
    26,
    27,
    28,
    29,
    30,
    31,
    32,
    33,
    34,
    35,
    36,
    38,
    40,
    41,
    42,
    43,
    44,
    45,
    47,
    48,
    49,
    50,
    52,
    55,
    56,
    58,
    59,
    60,
    62,
    65,
    68,
    70,
    71,
    72,
    74,
    77,
    78,
    79,
    82,
    83,
    84,
    85,
    93,
    95,
    96,
    97,
    98,
    102,
    103,
    104,
    106,
    108,
    109,
    111,
    112,
    113,
    115,
    117,
    118,
    120,
    122,
    124,
    125,
    126,
    127,
    128,
    130,
    132,
    133,
    134,
    135,
    136,
    138,
    139,
    140,
    143,
    144,
    147,
    149,
    150,
    152,
    153,
    154,
    155,
    156,
    162,
    163,
    164,
    166,
    167,
    169,
    171,
    172,
    174,
    175,
    176,
    177,
    179,
    181,
    182,
    183,
    184,
    185,
    186,
    187,
    189,
    190,
    191,
    194,
    195,
    196,
    198,
    199
  ],
  "correct_rate": 65.0,
  "negative_samples_avg_ppl": 7.395591327312523,
  "positive_samples_avg_ppl": 6.128231843909644
}