{
  "correct_idxs": [
    0,
    3,
    4,
    5,
    6,
    7,
    8,
    12,
    13,
    14,
    15,
    17,
    18,
    19,
    20,
    23,
    24,
    25,
    27,
    28,
    31,
    33,
    35,
    37,
    38,
    39,
    43,
    46,
    47,
    50,
    51,
    52,
    53,
    54,
    56,
    57,
    59,
    60,
    61,
    65,
    66,
    67,
    68,
    69,
    70,
    71,
    73,
    74,
    75,
    76,
    78,
    80,
    81,
    82,
    83,
    86,
    87,
    88,
    90,
    93,
    95,
    96,
    99,
    100,
    102,
    103,
    105,
    107,
    108,
    110,
    111,
    113,
    114,
    115,
    116,
    117,
    119,
    120,
    121,
    123,
    124,
    125,
    126,
    127,
    130,
    132,
    133,
    134,
    136,
    138,
    141,
    142,
    144,
    146,
    147,
    149,
    150,
    151,
    152,
    153,
    154,
    156,
    157,
    159,
    160,
    161,
    162,
    163,
    164,
    166,
    167,
    168,
    170,
    171,
    172,
    173,
    174,
    175,
    176,
    177,
    178,
    181,
    182,
    183,
    184,
    185,
    186,
    187,
    188,
    190,
    191,
    193,
    195,
    197,
    198,
    199
  ],
  "correct_rate": 68.0,
  "negative_samples_avg_ppl": 0.9385173859878001,
  "positive_samples_avg_ppl": 0.8373978511426765
}