{
  "correct_idxs": [
    0,
    2,
    3,
    4,
    6,
    8,
    11,
    12,
    13,
    14,
    16,
    17,
    18,
    19,
    20,
    21,
    22,
    24,
    26,
    27,
    28,
    29,
    30,
    31,
    33,
    34,
    35,
    36,
    38,
    39,
    45,
    46,
    49,
    53,
    54,
    55,
    56,
    57,
    59,
    61,
    62,
    65,
    66,
    67,
    71,
    73,
    74,
    76,
    77,
    78,
    79,
    80,
    81,
    84,
    85,
    86,
    89,
    90,
    93,
    96,
    97,
    99,
    101,
    103,
    105,
    108,
    110,
    112,
    113,
    115,
    116,
    117,
    118,
    119,
    120,
    121,
    123,
    124,
    125,
    126,
    127,
    129,
    130,
    131,
    135,
    137,
    138,
    140,
    142,
    143,
    145,
    146,
    147,
    150,
    151,
    152,
    153,
    154,
    155,
    156,
    159,
    161,
    162,
    165,
    166,
    167,
    168,
    169,
    170,
    171,
    172,
    173,
    174,
    175,
    176,
    179,
    181,
    182,
    184,
    185,
    186,
    187,
    188,
    189,
    190,
    194,
    197,
    198,
    199
  ],
  "correct_rate": 64.5,
  "negative_samples_avg_ppl": 10.838915535438304,
  "positive_samples_avg_ppl": 8.517336478129629
}