{
  "correct_idxs": [
    1,
    2,
    5,
    6,
    8,
    10,
    13,
    16,
    17,
    19,
    21,
    25,
    27,
    33,
    34,
    35,
    39,
    41,
    42,
    43,
    46,
    49,
    50,
    51,
    53,
    55,
    56,
    60,
    61,
    62,
    65,
    66,
    67,
    71,
    72,
    74,
    75,
    77,
    82,
    85,
    87,
    88,
    90,
    91,
    92,
    93,
    95,
    96,
    97,
    98,
    99,
    101,
    103,
    105,
    106,
    108,
    109,
    112,
    115,
    118,
    119,
    120,
    121,
    122,
    123,
    124,
    125,
    126,
    127,
    134,
    136,
    139,
    148,
    150,
    152,
    153,
    155,
    158,
    159,
    163,
    164,
    165,
    166,
    169,
    170,
    171,
    174,
    175,
    178,
    179,
    180,
    181,
    182,
    186,
    187,
    188,
    189,
    192,
    196,
    197,
    198,
    199
  ],
  "correct_rate": 51.0,
  "negative_samples_avg_ppl": 453.70377868266036,
  "positive_samples_avg_ppl": 447.07632099771234
}