{
  "correct_idxs": [
    1,
    2,
    5,
    6,
    8,
    13,
    15,
    16,
    17,
    18,
    19,
    20,
    21,
    27,
    33,
    35,
    39,
    42,
    43,
    46,
    49,
    51,
    53,
    55,
    59,
    60,
    61,
    62,
    65,
    66,
    67,
    71,
    72,
    75,
    77,
    82,
    84,
    85,
    88,
    92,
    93,
    95,
    96,
    97,
    99,
    101,
    103,
    105,
    106,
    108,
    109,
    112,
    115,
    119,
    123,
    124,
    125,
    127,
    136,
    138,
    139,
    140,
    145,
    147,
    150,
    152,
    155,
    158,
    159,
    163,
    164,
    165,
    166,
    167,
    168,
    169,
    171,
    174,
    175,
    176,
    178,
    180,
    181,
    182,
    186,
    188,
    190,
    192,
    193,
    196,
    197,
    198,
    199
  ],
  "correct_rate": 46.5,
  "negative_samples_avg_ppl": 427.94789425266066,
  "positive_samples_avg_ppl": 423.6070219752071
}