{
  "correct_idxs": [
    2,
    4,
    12,
    14,
    15,
    16,
    19,
    22,
    24,
    26,
    29,
    30,
    31,
    34,
    35,
    36,
    38,
    40,
    41,
    42,
    46,
    48,
    57,
    62,
    65,
    66,
    67,
    70,
    71,
    73,
    74,
    76,
    78,
    82,
    86,
    89,
    90,
    92,
    95,
    96,
    97,
    98,
    100,
    102,
    103,
    105,
    108,
    109,
    110,
    111,
    112,
    114,
    115,
    117,
    118,
    119,
    120,
    121,
    122,
    123,
    125,
    129,
    130,
    131,
    132,
    135,
    138,
    139,
    140,
    141,
    142,
    143,
    144,
    145,
    146,
    148,
    149,
    150,
    152,
    155,
    156,
    157,
    160,
    162,
    163,
    164,
    165,
    169,
    170,
    174,
    175,
    176,
    177,
    179,
    180,
    181,
    183,
    184,
    185,
    186,
    187,
    191,
    195,
    197,
    198,
    199
  ],
  "correct_rate": 53.0,
  "negative_samples_avg_ppl": 12.202970680149352,
  "positive_samples_avg_ppl": 7.885059592263199
}