{
  "correct_idxs": [
    0,
    3,
    5,
    6,
    7,
    8,
    11,
    12,
    13,
    14,
    15,
    18,
    23,
    24,
    27,
    33,
    35,
    36,
    37,
    38,
    41,
    46,
    48,
    49,
    50,
    51,
    52,
    53,
    56,
    58,
    63,
    65,
    66,
    68,
    69,
    70,
    72,
    73,
    74,
    78,
    80,
    81,
    83,
    84,
    87,
    89,
    91,
    93,
    95,
    96,
    98,
    99,
    100,
    101,
    102,
    104,
    107,
    109,
    110,
    111,
    115,
    116,
    117,
    119,
    120,
    124,
    128,
    129,
    130,
    132,
    133,
    134,
    136,
    138,
    141,
    143,
    144,
    151,
    153,
    157,
    159,
    160,
    162,
    164,
    165,
    174,
    178,
    181,
    182,
    185,
    188,
    190,
    191,
    192,
    195,
    197
  ],
  "correct_rate": 48.0,
  "negative_samples_avg_ppl": 429.2849486747438,
  "positive_samples_avg_ppl": 344.6994317062632
}