{
  "correct_idxs": [
    4,
    5,
    6,
    7,
    11,
    14,
    15,
    16,
    20,
    23,
    26,
    27,
    29,
    30,
    32,
    33,
    34,
    35,
    37,
    38,
    39,
    41,
    43,
    44,
    48,
    49,
    50,
    52,
    53,
    55,
    58,
    60,
    61,
    63,
    64,
    68,
    70,
    71,
    72,
    73,
    74,
    76,
    78,
    82,
    84,
    85,
    87,
    90,
    91,
    92,
    94,
    97,
    99,
    100,
    103,
    105,
    107,
    109,
    111,
    112,
    113,
    115,
    116,
    117,
    120,
    122,
    123,
    124,
    128,
    132,
    134,
    135,
    136,
    140,
    141,
    144,
    145,
    149,
    151,
    152,
    153,
    154,
    158,
    160,
    161,
    162,
    163,
    165,
    166,
    168,
    169,
    170,
    172,
    173,
    174,
    175,
    178,
    180,
    181,
    183,
    184,
    185,
    186,
    187,
    188,
    189,
    191,
    192,
    194,
    196,
    198
  ],
  "correct_rate": 55.5,
  "negative_samples_avg_ppl": 18.663174340926872,
  "positive_samples_avg_ppl": 16.659703029222182
}