{
  "correct_idxs": [
    1,
    2,
    3,
    4,
    5,
    6,
    8,
    10,
    11,
    12,
    13,
    14,
    16,
    17,
    18,
    19,
    21,
    22,
    23,
    24,
    25,
    26,
    28,
    29,
    30,
    31,
    32,
    33,
    35,
    36,
    37,
    39,
    40,
    41,
    42,
    43,
    44,
    48,
    49,
    50,
    52,
    53,
    54,
    55,
    56,
    59,
    60,
    61,
    64,
    66,
    67,
    70,
    74,
    76,
    77,
    79,
    81,
    86,
    87,
    88,
    90,
    92,
    93,
    100,
    101,
    102,
    103,
    106,
    107,
    108,
    109,
    110,
    111,
    112,
    113,
    114,
    115,
    116,
    117,
    118,
    119,
    120,
    121,
    123,
    124,
    125,
    127,
    130,
    131,
    132,
    134,
    135,
    137,
    138,
    139,
    140,
    141,
    142,
    143,
    145,
    146,
    151,
    152,
    153,
    154,
    155,
    156,
    160,
    161,
    162,
    163,
    164,
    167,
    168,
    169,
    170,
    172,
    173,
    175,
    176,
    177,
    179,
    180,
    184,
    185,
    186,
    191,
    192,
    193,
    196,
    198,
    199
  ],
  "correct_rate": 66.0,
  "negative_samples_avg_ppl": 26.97959805206487,
  "positive_samples_avg_ppl": 21.091267482881438
}