{
  "correct_idxs": [
    0,
    2,
    4,
    5,
    7,
    8,
    9,
    11,
    12,
    13,
    14,
    17,
    23,
    24,
    25,
    30,
    31,
    32,
    36,
    38,
    42,
    43,
    47,
    48,
    49,
    50,
    51,
    52,
    58,
    60,
    61,
    64,
    65,
    69,
    71,
    76,
    78,
    79,
    81,
    82,
    83,
    84,
    85,
    86,
    88,
    90,
    92,
    93,
    94,
    95,
    96,
    97,
    98,
    99,
    101,
    102,
    103,
    104,
    106,
    107,
    111,
    112,
    115,
    117,
    120,
    121,
    124,
    125,
    126,
    127,
    128,
    131,
    132,
    133,
    134,
    135,
    136,
    141,
    142,
    143,
    144,
    145,
    146,
    148,
    149,
    152,
    154,
    156,
    162,
    163,
    164,
    166,
    170,
    174,
    177,
    178,
    179,
    182,
    184,
    185,
    186,
    189,
    190,
    195,
    196,
    198
  ],
  "correct_rate": 53.0,
  "negative_samples_avg_ppl": 1.0421106253081873,
  "positive_samples_avg_ppl": 1.0423329585748977
}