{
  "correct_idxs": [
    0,
    1,
    2,
    3,
    4,
    5,
    6,
    8,
    10,
    11,
    13,
    16,
    19,
    20,
    21,
    22,
    24,
    26,
    27,
    28,
    29,
    30,
    31,
    32,
    33,
    34,
    35,
    38,
    40,
    42,
    43,
    44,
    45,
    47,
    48,
    50,
    53,
    55,
    56,
    57,
    60,
    61,
    62,
    64,
    65,
    66,
    67,
    68,
    69,
    71,
    72,
    74,
    76,
    77,
    79,
    80,
    84,
    86,
    88,
    92,
    93,
    95,
    96,
    97,
    98,
    99,
    100,
    101,
    102,
    103,
    104,
    108,
    109,
    110,
    111,
    112,
    113,
    115,
    116,
    117,
    118,
    120,
    121,
    123,
    124,
    125,
    126,
    127,
    128,
    129,
    130,
    132,
    133,
    134,
    136,
    138,
    140,
    141,
    142,
    143,
    144,
    145,
    146,
    147,
    148,
    149,
    150,
    153,
    155,
    158,
    159,
    162,
    163,
    164,
    165,
    168,
    169,
    170,
    172,
    173,
    174,
    176,
    177,
    179,
    181,
    182,
    183,
    185,
    188,
    189,
    191,
    192,
    193,
    194,
    195,
    196,
    197,
    199
  ],
  "correct_rate": 69.0,
  "negative_samples_avg_ppl": 670.9314643501532,
  "positive_samples_avg_ppl": 495.3289710569766
}