{
  "correct_idxs": [
    0,
    2,
    3,
    4,
    5,
    6,
    7,
    9,
    10,
    11,
    13,
    14,
    15,
    16,
    17,
    19,
    20,
    21,
    22,
    23,
    24,
    25,
    26,
    27,
    28,
    29,
    30,
    31,
    32,
    33,
    34,
    36,
    37,
    40,
    42,
    43,
    44,
    46,
    47,
    48,
    49,
    50,
    51,
    52,
    53,
    54,
    55,
    56,
    57,
    59,
    60,
    61,
    66,
    67,
    68,
    69,
    70,
    71,
    72,
    74,
    75,
    77,
    78,
    79,
    80,
    82,
    83,
    86,
    87,
    88,
    89,
    90,
    91,
    92,
    93,
    94,
    96,
    97,
    101,
    102,
    104,
    106,
    107,
    108,
    110,
    111,
    113,
    114,
    115,
    116,
    117,
    119,
    120,
    121,
    122,
    123,
    125,
    126,
    127,
    129,
    130,
    131,
    133,
    134,
    137,
    138,
    140,
    141,
    142,
    144,
    145,
    146,
    148,
    150,
    152,
    153,
    155,
    156,
    158,
    162,
    163,
    165,
    167,
    170,
    171,
    173,
    174,
    175,
    176,
    177,
    178,
    180,
    181,
    182,
    183,
    186,
    187,
    189,
    190,
    191,
    192,
    193,
    194,
    195,
    198
  ],
  "correct_rate": 72.5,
  "negative_samples_avg_ppl": 682.2032831026121,
  "positive_samples_avg_ppl": 496.0690382029005
}