{
  "correct_idxs": [
    0,
    1,
    4,
    6,
    12,
    13,
    18,
    19,
    20,
    21,
    22,
    28,
    30,
    31,
    32,
    35,
    36,
    37,
    38,
    39,
    40,
    41,
    43,
    44,
    45,
    46,
    48,
    49,
    50,
    51,
    54,
    56,
    57,
    62,
    63,
    64,
    67,
    70,
    72,
    73,
    74,
    77,
    78,
    82,
    83,
    88,
    89,
    93,
    94,
    96,
    97,
    99,
    100,
    102,
    103,
    104,
    105,
    106,
    110,
    111,
    114,
    115,
    116,
    118,
    120,
    126,
    127,
    128,
    129,
    130,
    132,
    141,
    143,
    144,
    145,
    147,
    151,
    152,
    153,
    154,
    155,
    158,
    159,
    160,
    163,
    165,
    166,
    167,
    168,
    169,
    170,
    172,
    174,
    179,
    182,
    185,
    186,
    187,
    189,
    193,
    196,
    198,
    199
  ],
  "correct_rate": 51.5,
  "negative_samples_avg_ppl": 4.188289969456809,
  "positive_samples_avg_ppl": 4.018239613601542
}