{
  "correct_idxs": [
    2,
    3,
    4,
    6,
    7,
    8,
    9,
    11,
    17,
    18,
    19,
    20,
    21,
    22,
    23,
    24,
    31,
    33,
    37,
    38,
    39,
    40,
    41,
    43,
    47,
    50,
    51,
    52,
    53,
    54,
    58,
    59,
    60,
    62,
    63,
    64,
    65,
    66,
    67,
    68,
    69,
    70,
    71,
    72,
    73,
    74,
    77,
    80,
    81,
    83,
    84,
    85,
    86,
    87,
    88,
    89,
    92,
    93,
    98,
    99,
    101,
    102,
    103,
    105,
    108,
    113,
    114,
    115,
    119,
    120,
    121,
    129,
    130,
    133,
    134,
    142,
    144,
    145,
    146,
    147,
    149,
    150,
    151,
    154,
    159,
    161,
    166,
    167,
    168,
    169,
    170,
    171,
    174,
    175,
    177,
    178,
    180,
    182,
    184,
    185,
    187,
    189,
    191,
    196,
    197,
    199
  ],
  "correct_rate": 53.0,
  "negative_samples_avg_ppl": 0.4738343651203006,
  "positive_samples_avg_ppl": 0.40464938070486045
}