{
  "correct_idxs": [
    1,
    2,
    3,
    4,
    5,
    8,
    11,
    12,
    13,
    14,
    15,
    16,
    17,
    18,
    19,
    20,
    21,
    22,
    23,
    25,
    28,
    31,
    35,
    36,
    37,
    38,
    41,
    42,
    43,
    44,
    45,
    46,
    48,
    49,
    50,
    52,
    54,
    56,
    57,
    58,
    59,
    60,
    62,
    63,
    65,
    66,
    67,
    68,
    69,
    71,
    73,
    74,
    75,
    76,
    77,
    79,
    80,
    82,
    83,
    85,
    86,
    87,
    88,
    89,
    91,
    92,
    93,
    94,
    97,
    98,
    99,
    100,
    102,
    105,
    106,
    107,
    108,
    109,
    110,
    111,
    112,
    113,
    114,
    115,
    117,
    118,
    119,
    120,
    121,
    122,
    123,
    125,
    127,
    128,
    129,
    130,
    131,
    132,
    133,
    135,
    136,
    137,
    138,
    139,
    140,
    142,
    144,
    145,
    146,
    147,
    148,
    149,
    152,
    153,
    154,
    155,
    156,
    157,
    160,
    161,
    163,
    165,
    166,
    167,
    168,
    169,
    170,
    172,
    173,
    174,
    175,
    176,
    179,
    180,
    181,
    182,
    183,
    185,
    186,
    187,
    189,
    190,
    191,
    192,
    193,
    194,
    195,
    196,
    197
  ],
  "correct_rate": 74.5,
  "negative_samples_avg_ppl": 0.7567973739802969,
  "positive_samples_avg_ppl": 0.6041151752303359
}