{
  "correct_idxs": [
    0,
    3,
    5,
    6,
    8,
    12,
    13,
    14,
    15,
    18,
    19,
    23,
    24,
    27,
    28,
    30,
    33,
    35,
    36,
    37,
    38,
    41,
    45,
    46,
    48,
    50,
    51,
    52,
    53,
    56,
    58,
    63,
    65,
    68,
    69,
    70,
    71,
    72,
    73,
    74,
    78,
    80,
    81,
    83,
    84,
    87,
    89,
    90,
    91,
    93,
    95,
    96,
    98,
    99,
    101,
    104,
    107,
    109,
    110,
    111,
    115,
    116,
    117,
    119,
    120,
    121,
    123,
    128,
    129,
    130,
    132,
    133,
    134,
    135,
    136,
    138,
    141,
    142,
    143,
    144,
    152,
    153,
    157,
    159,
    160,
    162,
    163,
    164,
    165,
    169,
    170,
    174,
    175,
    178,
    181,
    185,
    188,
    190,
    192,
    193,
    195,
    197,
    199
  ],
  "correct_rate": 51.5,
  "negative_samples_avg_ppl": 129.00705540747552,
  "positive_samples_avg_ppl": 101.62550107098356
}