{
  "correct_idxs": [
    0,
    1,
    2,
    3,
    6,
    8,
    9,
    11,
    12,
    13,
    15,
    16,
    17,
    19,
    22,
    23,
    25,
    26,
    31,
    32,
    34,
    35,
    37,
    38,
    39,
    40,
    43,
    44,
    45,
    46,
    47,
    48,
    49,
    50,
    54,
    55,
    56,
    58,
    61,
    62,
    63,
    64,
    65,
    67,
    68,
    69,
    70,
    71,
    72,
    75,
    76,
    77,
    78,
    81,
    83,
    84,
    85,
    86,
    87,
    88,
    91,
    92,
    95,
    96,
    97,
    98,
    99,
    100,
    101,
    103,
    104,
    106,
    107,
    108,
    111,
    116,
    117,
    118,
    120,
    121,
    123,
    124,
    125,
    127,
    128,
    130,
    132,
    134,
    135,
    136,
    137,
    138,
    139,
    141,
    143,
    144,
    145,
    147,
    149,
    150,
    151,
    154,
    155,
    156,
    157,
    159,
    160,
    162,
    164,
    165,
    167,
    168,
    170,
    172,
    173,
    174,
    175,
    176,
    177,
    181,
    184,
    185,
    186,
    187,
    188,
    189,
    190,
    193,
    195,
    196,
    198,
    199
  ],
  "correct_rate": 66.0,
  "negative_samples_avg_ppl": 13.313676927068103,
  "positive_samples_avg_ppl": 9.724404491297042
}