{
  "correct_idxs": [
    1,
    2,
    3,
    4,
    5,
    7,
    14,
    16,
    19,
    21,
    23,
    26,
    27,
    28,
    30,
    33,
    34,
    37,
    39,
    40,
    41,
    43,
    44,
    47,
    49,
    50,
    52,
    54,
    55,
    57,
    60,
    61,
    64,
    69,
    70,
    71,
    72,
    75,
    76,
    79,
    81,
    83,
    84,
    89,
    91,
    94,
    95,
    97,
    99,
    101,
    103,
    104,
    105,
    107,
    108,
    111,
    112,
    114,
    115,
    116,
    117,
    119,
    123,
    124,
    125,
    131,
    133,
    135,
    137,
    144,
    145,
    147,
    149,
    151,
    153,
    154,
    156,
    158,
    159,
    160,
    165,
    166,
    168,
    169,
    174,
    175,
    177,
    179,
    180,
    181,
    182,
    183,
    185,
    186,
    187,
    189,
    191,
    195,
    196,
    197,
    199
  ],
  "correct_rate": 50.5,
  "negative_samples_avg_ppl": 3.7257779255365717,
  "positive_samples_avg_ppl": 3.559516461021334
}