{
  "correct_idxs": [
    0,
    1,
    2,
    3,
    4,
    8,
    11,
    12,
    13,
    14,
    15,
    16,
    18,
    19,
    22,
    23,
    24,
    26,
    27,
    30,
    33,
    34,
    36,
    38,
    39,
    40,
    41,
    42,
    43,
    48,
    53,
    55,
    56,
    57,
    60,
    62,
    63,
    65,
    66,
    67,
    71,
    72,
    73,
    74,
    78,
    79,
    82,
    86,
    89,
    91,
    92,
    99,
    100,
    101,
    102,
    103,
    108,
    109,
    110,
    111,
    114,
    115,
    122,
    125,
    128,
    129,
    130,
    131,
    132,
    133,
    135,
    137,
    139,
    140,
    141,
    142,
    143,
    145,
    146,
    148,
    150,
    154,
    155,
    157,
    158,
    160,
    161,
    162,
    164,
    165,
    169,
    170,
    171,
    174,
    176,
    177,
    178,
    179,
    180,
    183,
    184,
    185,
    186,
    187,
    191,
    193,
    197,
    198,
    199
  ],
  "correct_rate": 54.5,
  "negative_samples_avg_ppl": 1.0251601412168045,
  "positive_samples_avg_ppl": 1.0256751779746287
}