{
  "correct_idxs": [
    0,
    1,
    3,
    6,
    7,
    9,
    10,
    11,
    14,
    15,
    16,
    17,
    19,
    20,
    21,
    22,
    24,
    28,
    29,
    30,
    36,
    38,
    41,
    43,
    46,
    47,
    53,
    54,
    55,
    56,
    60,
    61,
    63,
    65,
    66,
    68,
    70,
    71,
    72,
    73,
    74,
    76,
    77,
    78,
    80,
    83,
    84,
    85,
    87,
    90,
    95,
    98,
    101,
    102,
    103,
    104,
    108,
    109,
    110,
    111,
    112,
    114,
    115,
    117,
    120,
    121,
    122,
    123,
    126,
    127,
    128,
    129,
    138,
    139,
    140,
    142,
    143,
    144,
    145,
    146,
    147,
    149,
    150,
    152,
    154,
    159,
    160,
    161,
    162,
    163,
    166,
    167,
    168,
    171,
    172,
    176,
    179,
    182,
    184,
    189,
    191,
    192,
    194,
    195,
    196,
    197,
    199
  ],
  "correct_rate": 53.75,
  "negative_samples_avg_ppl": 7.262157290910863,
  "positive_samples_avg_ppl": 6.6833713504966
}