{
  "correct_idxs": [
    0,
    4,
    5,
    6,
    9,
    10,
    11,
    14,
    15,
    16,
    17,
    18,
    19,
    20,
    21,
    22,
    24,
    28,
    29,
    30,
    32,
    34,
    37,
    38,
    43,
    47,
    53,
    56,
    58,
    59,
    60,
    62,
    63,
    65,
    66,
    67,
    69,
    70,
    72,
    73,
    74,
    76,
    77,
    78,
    80,
    81,
    83,
    85,
    87,
    90,
    92,
    93,
    94,
    95,
    98,
    101,
    102,
    103,
    104,
    105,
    107,
    110,
    111,
    113,
    114,
    117,
    120,
    121,
    122,
    123,
    125,
    126,
    127,
    128,
    131,
    134,
    135,
    136,
    138,
    140,
    142,
    144,
    145,
    146,
    148,
    149,
    150,
    152,
    153,
    155,
    156,
    159,
    160,
    161,
    163,
    164,
    168,
    169,
    171,
    175,
    176,
    179,
    181,
    182,
    184,
    185,
    189,
    194,
    196,
    197
  ],
  "correct_rate": 55.25,
  "negative_samples_avg_ppl": 7.449233553367472,
  "positive_samples_avg_ppl": 6.6833713504966
}