{
  "correct_idxs": [
    0,
    2,
    7,
    8,
    10,
    13,
    14,
    25,
    26,
    28,
    30,
    32,
    34,
    36,
    37,
    38,
    40,
    42,
    44,
    45,
    47,
    53,
    56,
    58,
    60,
    63,
    64,
    65,
    68,
    69,
    70,
    72,
    73,
    77,
    78,
    81,
    82,
    83,
    85,
    88,
    90,
    91,
    95,
    96,
    97,
    98,
    99,
    101,
    103,
    105,
    106,
    107,
    108,
    111,
    113,
    114,
    116,
    117,
    119,
    123,
    125,
    127,
    129,
    132,
    138,
    139,
    142,
    144,
    149,
    150,
    152,
    153,
    154,
    157,
    161,
    162,
    163,
    168,
    173,
    174,
    175,
    176,
    178,
    179,
    180,
    182,
    183,
    187,
    189,
    192,
    193,
    195,
    197
  ],
  "correct_rate": 46.5,
  "negative_samples_avg_ppl": 43.34596747692004,
  "positive_samples_avg_ppl": 46.90781755421677
}