{
  "correct_idxs": [
    1,
    2,
    3,
    4,
    6,
    7,
    8,
    9,
    10,
    11,
    12,
    13,
    14,
    15,
    20,
    21,
    22,
    23,
    24,
    25,
    27,
    28,
    29,
    30,
    32,
    33,
    34,
    35,
    37,
    38,
    39,
    40,
    41,
    42,
    44,
    46,
    47,
    48,
    49,
    51,
    52,
    53,
    54,
    55,
    56,
    57,
    58,
    59,
    60,
    61,
    62,
    63,
    64,
    65,
    66,
    67,
    68,
    69,
    70,
    71,
    72,
    73,
    74,
    75,
    76,
    77,
    78,
    80,
    81,
    82,
    83,
    84,
    86,
    87,
    88,
    89,
    92,
    93,
    95,
    96,
    98,
    100,
    101,
    102,
    103,
    104,
    105,
    106,
    107,
    109,
    110,
    112,
    113,
    116,
    117,
    118,
    120,
    121,
    122,
    123,
    124,
    125,
    126,
    127,
    128,
    130,
    131,
    132,
    133,
    135,
    136,
    137,
    138,
    140,
    142,
    143,
    144,
    145,
    146,
    148,
    149,
    152,
    153,
    154,
    155,
    156,
    157,
    158,
    159,
    160,
    162,
    164,
    165,
    166,
    167,
    168,
    169,
    170,
    171,
    172,
    174,
    175,
    176,
    177,
    178,
    179,
    180,
    182,
    184,
    185,
    186,
    187,
    188,
    189,
    190,
    192,
    193,
    194,
    195,
    196,
    197,
    198
  ],
  "correct_rate": 81.0,
  "negative_samples_avg_ppl": 1.202961148450586,
  "positive_samples_avg_ppl": 0.6537348047472245
}