{
  "correct_idxs": [
    1,
    2,
    4,
    5,
    7,
    8,
    11,
    12,
    16,
    17,
    18,
    20,
    22,
    24,
    27,
    28,
    29,
    30,
    31,
    32,
    33,
    36,
    38,
    44,
    47,
    48,
    49,
    54,
    56,
    59,
    61,
    62,
    65,
    66,
    68,
    76,
    77,
    79,
    83,
    85,
    86,
    89,
    91,
    92,
    95,
    96,
    98,
    99,
    100,
    103,
    106,
    109,
    111,
    118,
    120,
    121,
    122,
    126,
    127,
    128,
    130,
    132,
    133,
    134,
    137,
    141,
    142,
    143,
    144,
    145,
    152,
    154,
    156,
    158,
    162,
    163,
    164,
    165,
    167,
    168,
    169,
    170,
    171,
    174,
    175,
    176,
    177,
    178,
    179,
    180,
    181,
    182,
    183,
    184,
    185,
    186,
    187,
    188,
    190,
    193,
    196,
    197
  ],
  "correct_rate": 51.0,
  "negative_samples_avg_ppl": 1.0416390381603198,
  "positive_samples_avg_ppl": 1.0417785875386267
}