{
  "correct_idxs": [
    5,
    6,
    7,
    10,
    11,
    13,
    14,
    15,
    16,
    19,
    22,
    23,
    24,
    26,
    32,
    36,
    37,
    38,
    39,
    41,
    44,
    45,
    47,
    49,
    50,
    52,
    53,
    54,
    55,
    58,
    59,
    60,
    61,
    63,
    64,
    65,
    69,
    71,
    75,
    77,
    80,
    81,
    82,
    85,
    86,
    87,
    89,
    90,
    91,
    95,
    96,
    97,
    98,
    99,
    101,
    103,
    104,
    106,
    108,
    110,
    114,
    115,
    116,
    119,
    120,
    122,
    123,
    124,
    125,
    126,
    128,
    130,
    132,
    133,
    136,
    138,
    139,
    140,
    141,
    143,
    144,
    151,
    152,
    154,
    156,
    160,
    161,
    163,
    165,
    167,
    169,
    170,
    172,
    173,
    175,
    176,
    179,
    180,
    181,
    184,
    188,
    191,
    193,
    195,
    196,
    197,
    199
  ],
  "correct_rate": 53.5,
  "negative_samples_avg_ppl": 65.04810215883644,
  "positive_samples_avg_ppl": 63.991914084024316
}