{
  "correct_idxs": [
    0,
    1,
    3,
    4,
    5,
    6,
    8,
    9,
    10,
    12,
    13,
    15,
    18,
    19,
    20,
    21,
    22,
    25,
    27,
    29,
    30,
    34,
    36,
    37,
    38,
    40,
    42,
    44,
    45,
    47,
    50,
    51,
    54,
    56,
    57,
    59,
    60,
    63,
    64,
    68,
    69,
    71,
    75,
    76,
    78,
    82,
    83,
    85,
    88,
    89,
    91,
    96,
    97,
    103,
    105,
    106,
    108,
    109,
    113,
    115,
    118,
    120,
    124,
    125,
    126,
    129,
    134,
    136,
    138,
    140,
    144,
    147,
    148,
    152,
    155,
    157,
    158,
    160,
    161,
    164,
    168,
    169,
    170,
    178,
    179,
    180,
    182,
    184,
    185,
    187,
    188,
    189,
    190,
    191,
    193,
    194,
    196,
    197,
    199
  ],
  "correct_rate": 49.5,
  "negative_samples_avg_ppl": 53.875711545598556,
  "positive_samples_avg_ppl": 53.51437729038815
}