{
  "correct_idxs": [
    2,
    4,
    8,
    9,
    13,
    14,
    15,
    22,
    24,
    25,
    26,
    27,
    28,
    29,
    30,
    32,
    34,
    36,
    37,
    40,
    42,
    44,
    46,
    47,
    48,
    51,
    58,
    60,
    61,
    66,
    68,
    73,
    74,
    75,
    76,
    78,
    83,
    89,
    90,
    94,
    96,
    100,
    103,
    105,
    106,
    107,
    108,
    109,
    112,
    114,
    115,
    118,
    122,
    126,
    128,
    133,
    134,
    135,
    136,
    138,
    139,
    140,
    141,
    145,
    147,
    150,
    151,
    152,
    154,
    155,
    158,
    161,
    164,
    166,
    168,
    170,
    171,
    174,
    176,
    178,
    181,
    182,
    184,
    185,
    188,
    189,
    190,
    192,
    193,
    197,
    199
  ],
  "correct_rate": 45.5,
  "negative_samples_avg_ppl": 50.90156300284285,
  "positive_samples_avg_ppl": 54.37574350062807
}