{
  "correct_idxs": [
    0,
    4,
    8,
    9,
    10,
    11,
    12,
    13,
    14,
    17,
    21,
    22,
    24,
    25,
    26,
    27,
    28,
    29,
    30,
    31,
    33,
    36,
    39,
    40,
    41,
    42,
    43,
    44,
    46,
    47,
    48,
    49,
    53,
    54,
    56,
    59,
    60,
    61,
    64,
    66,
    68,
    70,
    73,
    74,
    75,
    76,
    77,
    78,
    82,
    83,
    87,
    88,
    89,
    90,
    92,
    93,
    94,
    96,
    99,
    100,
    101,
    102,
    103,
    105,
    106,
    107,
    108,
    110,
    111,
    112,
    114,
    115,
    117,
    118,
    121,
    122,
    123,
    124,
    125,
    127,
    131,
    133,
    134,
    135,
    137,
    138,
    140,
    141,
    143,
    145,
    148,
    150,
    151,
    152,
    154,
    155,
    157,
    161,
    162,
    163,
    165,
    167,
    168,
    169,
    170,
    171,
    172,
    173,
    175,
    177,
    180,
    185,
    186,
    188,
    192,
    193,
    196,
    197,
    198,
    199
  ],
  "correct_rate": 60.0,
  "negative_samples_avg_ppl": 5.059521892814699,
  "positive_samples_avg_ppl": 4.599259821043389
}