{
  "correct_idxs": [
    1,
    2,
    3,
    4,
    5,
    7,
    9,
    10,
    12,
    13,
    14,
    15,
    16,
    17,
    18,
    19,
    20,
    21,
    22,
    23,
    25,
    26,
    27,
    29,
    30,
    31,
    32,
    35,
    36,
    37,
    40,
    41,
    42,
    44,
    46,
    47,
    48,
    49,
    50,
    51,
    52,
    53,
    54,
    55,
    56,
    57,
    58,
    59,
    60,
    61,
    62,
    63,
    65,
    66,
    67,
    68,
    72,
    73,
    74,
    76,
    77,
    79,
    81,
    84,
    86,
    87,
    89,
    91,
    92,
    93,
    94,
    95,
    96,
    98,
    99,
    100,
    103,
    104,
    105,
    106,
    107,
    108,
    110,
    111,
    112,
    113,
    114,
    115,
    117,
    119,
    120,
    123,
    124,
    125,
    127,
    130,
    132,
    134,
    135,
    136,
    137,
    138,
    139,
    140,
    141,
    142,
    144,
    146,
    147,
    151,
    153,
    154,
    155,
    156,
    157,
    158,
    159,
    161,
    162,
    163,
    164,
    165,
    166,
    167,
    168,
    169,
    170,
    171,
    172,
    173,
    174,
    176,
    177,
    180,
    181,
    182,
    184,
    185,
    186,
    187,
    189,
    190,
    191,
    193,
    194,
    196,
    197,
    199
  ],
  "correct_rate": 74.0,
  "negative_samples_avg_ppl": 52.41650913247829,
  "positive_samples_avg_ppl": 25.28409381740807
}