{
  "correct_idxs": [
    0,
    3,
    4,
    5,
    6,
    8,
    12,
    15,
    17,
    19,
    21,
    22,
    23,
    24,
    25,
    27,
    28,
    30,
    32,
    34,
    36,
    38,
    39,
    40,
    42,
    43,
    44,
    46,
    47,
    48,
    49,
    50,
    51,
    54,
    58,
    59,
    60,
    61,
    63,
    64,
    65,
    66,
    67,
    68,
    69,
    70,
    71,
    72,
    74,
    77,
    78,
    80,
    82,
    86,
    87,
    89,
    91,
    92,
    93,
    94,
    95,
    96,
    97,
    98,
    99,
    100,
    101,
    102,
    103,
    104,
    109,
    110,
    111,
    114,
    116,
    117,
    119,
    121,
    123,
    124,
    125,
    126,
    127,
    128,
    130,
    131,
    133,
    134,
    135,
    136,
    141,
    144,
    145,
    147,
    157,
    158,
    160,
    161,
    162,
    163,
    165,
    167,
    170,
    171,
    174,
    175,
    176,
    177,
    178,
    179,
    181,
    182,
    183,
    184,
    185,
    187,
    188,
    189,
    190,
    191,
    193,
    194,
    195,
    196,
    199
  ],
  "correct_rate": 62.5,
  "negative_samples_avg_ppl": 3579.2106553413564,
  "positive_samples_avg_ppl": 2099.79454620099
}