{
  "correct_idxs": [
    1,
    2,
    4,
    5,
    6,
    7,
    8,
    9,
    12,
    13,
    15,
    17,
    18,
    19,
    20,
    21,
    22,
    23,
    25,
    26,
    28,
    29,
    33,
    35,
    39,
    41,
    42,
    43,
    44,
    48,
    49,
    52,
    54,
    57,
    58,
    60,
    61,
    62,
    63,
    64,
    65,
    66,
    67,
    68,
    69,
    70,
    71,
    72,
    73,
    74,
    75,
    76,
    77,
    80,
    81,
    82,
    83,
    85,
    86,
    87,
    88,
    89,
    90,
    91,
    92,
    94,
    96,
    102,
    105,
    106,
    107,
    108,
    113,
    114,
    115,
    117,
    118,
    119,
    120,
    121,
    122,
    123,
    126,
    127,
    128,
    129,
    130,
    131,
    132,
    136,
    137,
    138,
    139,
    141,
    144,
    145,
    146,
    147,
    149,
    151,
    152,
    153,
    154,
    155,
    157,
    158,
    159,
    160,
    161,
    166,
    167,
    168,
    169,
    170,
    174,
    175,
    177,
    178,
    179,
    180,
    181,
    183,
    185,
    186,
    187,
    189,
    193,
    194,
    195,
    197
  ],
  "correct_rate": 65.0,
  "negative_samples_avg_ppl": 0.3724251140765594,
  "positive_samples_avg_ppl": 0.30625294913864254
}