{
  "correct_idxs": [
    0,
    2,
    5,
    8,
    10,
    11,
    13,
    14,
    15,
    16,
    19,
    21,
    22,
    27,
    28,
    29,
    30,
    34,
    35,
    36,
    39,
    40,
    43,
    44,
    46,
    51,
    53,
    57,
    60,
    62,
    66,
    67,
    68,
    69,
    70,
    71,
    72,
    73,
    74,
    75,
    76,
    77,
    79,
    86,
    87,
    88,
    89,
    90,
    91,
    92,
    95,
    96,
    98,
    100,
    101,
    104,
    105,
    106,
    109,
    114,
    116,
    122,
    123,
    128,
    130,
    131,
    132,
    134,
    137,
    138,
    139,
    141,
    145,
    146,
    148,
    150,
    152,
    154,
    155,
    156,
    157,
    158,
    160,
    161,
    164,
    165,
    170,
    174,
    175,
    177,
    178,
    180,
    181,
    182,
    183,
    184,
    186,
    187,
    190,
    192,
    193,
    196,
    197,
    198,
    199
  ],
  "correct_rate": 52.5,
  "negative_samples_avg_ppl": 15.362000960768604,
  "positive_samples_avg_ppl": 14.52138806221783
}