{
  "correct_idxs": [
    0,
    5,
    9,
    11,
    13,
    14,
    17,
    20,
    21,
    23,
    25,
    26,
    27,
    31,
    34,
    35,
    37,
    38,
    39,
    40,
    41,
    43,
    44,
    45,
    46,
    50,
    52,
    53,
    54,
    55,
    56,
    59,
    61,
    62,
    63,
    65,
    75,
    76,
    77,
    78,
    79,
    80,
    82,
    85,
    88,
    89,
    90,
    94,
    95,
    96,
    97,
    98,
    101,
    103,
    104,
    105,
    107,
    108,
    111,
    113,
    120,
    123,
    124,
    125,
    126,
    128,
    130,
    132,
    133,
    134,
    135,
    137,
    140,
    141,
    142,
    143,
    146,
    147,
    149,
    150,
    151,
    152,
    155,
    156,
    157,
    159,
    161,
    162,
    165,
    167,
    169,
    173,
    174,
    177,
    179,
    181,
    182,
    186,
    187,
    188,
    189,
    191,
    192,
    193,
    194,
    197
  ],
  "correct_rate": 53.75,
  "negative_samples_avg_ppl": 7.318772580317721,
  "positive_samples_avg_ppl": 6.7491048456982625
}