{
  "correct_idxs": [
    1,
    2,
    3,
    4,
    6,
    11,
    19,
    20,
    21,
    22,
    23,
    25,
    26,
    27,
    28,
    29,
    30,
    32,
    33,
    34,
    35,
    36,
    37,
    39,
    41,
    43,
    44,
    46,
    47,
    49,
    50,
    52,
    54,
    55,
    57,
    58,
    60,
    61,
    63,
    64,
    65,
    69,
    70,
    72,
    76,
    78,
    79,
    81,
    82,
    83,
    84,
    87,
    89,
    91,
    92,
    95,
    99,
    100,
    101,
    103,
    104,
    105,
    106,
    108,
    112,
    114,
    117,
    119,
    121,
    122,
    123,
    124,
    130,
    131,
    133,
    135,
    137,
    140,
    141,
    144,
    145,
    146,
    148,
    149,
    151,
    153,
    154,
    156,
    158,
    159,
    162,
    165,
    166,
    168,
    169,
    171,
    172,
    174,
    175,
    177,
    179,
    181,
    182,
    183,
    184,
    185,
    192,
    193,
    196,
    197,
    199
  ],
  "correct_rate": 55.5,
  "negative_samples_avg_ppl": 27.951578152466578,
  "positive_samples_avg_ppl": 24.025374124590748
}