{
  "correct_idxs": [
    0,
    2,
    3,
    4,
    5,
    6,
    7,
    8,
    9,
    11,
    13,
    15,
    16,
    18,
    20,
    22,
    31,
    32,
    34,
    36,
    39,
    41,
    42,
    43,
    47,
    48,
    50,
    53,
    55,
    61,
    63,
    64,
    66,
    68,
    69,
    71,
    72,
    73,
    74,
    75,
    76,
    77,
    78,
    79,
    81,
    83,
    84,
    85,
    86,
    87,
    88,
    90,
    91,
    92,
    95,
    96,
    97,
    98,
    101,
    102,
    103,
    104,
    105,
    108,
    112,
    113,
    114,
    116,
    117,
    118,
    119,
    121,
    122,
    123,
    124,
    125,
    127,
    128,
    130,
    132,
    133,
    134,
    135,
    141,
    143,
    146,
    147,
    148,
    149,
    151,
    153,
    155,
    156,
    160,
    161,
    162,
    164,
    165,
    166,
    171,
    175,
    177,
    180,
    182,
    184,
    186,
    187,
    194,
    196,
    199
  ],
  "correct_rate": 55.0,
  "negative_samples_avg_ppl": 399.6073061725189,
  "positive_samples_avg_ppl": 416.36779991630067
}