{
  "correct_idxs": [
    6,
    7,
    8,
    9,
    11,
    13,
    14,
    15,
    16,
    17,
    18,
    19,
    20,
    21,
    22,
    23,
    24,
    25,
    26,
    30,
    31,
    32,
    33,
    34,
    35,
    36,
    37,
    38,
    39,
    40,
    43,
    45,
    46,
    47,
    48,
    50,
    53,
    56,
    60,
    61,
    63,
    64,
    66,
    67,
    68,
    69,
    70,
    71,
    72,
    73,
    77,
    80,
    81,
    83,
    84,
    85,
    86,
    88,
    89,
    90,
    92,
    93,
    94,
    95,
    98,
    99,
    100,
    102,
    103,
    104,
    105,
    106,
    108,
    110,
    112,
    113,
    114,
    116,
    117,
    118,
    119,
    120,
    122,
    123,
    125,
    127,
    128,
    130,
    131,
    132,
    133,
    134,
    139,
    140,
    141,
    142,
    143,
    146,
    147,
    148,
    149,
    150,
    153,
    154,
    155,
    156,
    159,
    160,
    161,
    163,
    164,
    165,
    166,
    167,
    168,
    170,
    171,
    172,
    173,
    174,
    175,
    177,
    178,
    180,
    182,
    183,
    184,
    185,
    186,
    189,
    190,
    191,
    192,
    193,
    194,
    195,
    196,
    197,
    199
  ],
  "correct_rate": 69.5,
  "negative_samples_avg_ppl": 0.013516837127761217,
  "positive_samples_avg_ppl": 0.011446450483831043
}