{
  "correct_idxs": [
    0,
    3,
    4,
    5,
    6,
    7,
    9,
    12,
    13,
    14,
    15,
    16,
    19,
    20,
    23,
    25,
    26,
    27,
    34,
    35,
    36,
    37,
    38,
    40,
    42,
    43,
    44,
    45,
    46,
    47,
    50,
    53,
    54,
    56,
    58,
    60,
    61,
    62,
    63,
    64,
    67,
    69,
    70,
    72,
    74,
    75,
    78,
    79,
    80,
    82,
    84,
    91,
    93,
    94,
    96,
    97,
    98,
    100,
    101,
    103,
    105,
    110,
    113,
    117,
    123,
    124,
    127,
    130,
    136,
    141,
    142,
    143,
    145,
    151,
    152,
    153,
    154,
    155,
    157,
    159,
    160,
    161,
    163,
    164,
    167,
    168,
    169,
    170,
    175,
    177,
    181,
    182,
    187,
    188,
    189,
    193,
    196,
    197
  ],
  "correct_rate": 49.25,
  "negative_samples_avg_ppl": 0.06720381111414125,
  "positive_samples_avg_ppl": 0.07653124424502089
}