{
  "correct_idxs": [
    0,
    1,
    3,
    4,
    5,
    6,
    8,
    12,
    14,
    16,
    17,
    18,
    22,
    23,
    26,
    27,
    30,
    32,
    34,
    36,
    38,
    39,
    49,
    50,
    51,
    52,
    53,
    54,
    57,
    60,
    65,
    66,
    72,
    74,
    76,
    77,
    79,
    83,
    85,
    86,
    88,
    90,
    91,
    92,
    94,
    99,
    100,
    101,
    103,
    104,
    105,
    106,
    108,
    112,
    115,
    117,
    122,
    123,
    124,
    126,
    127,
    129,
    131,
    139,
    140,
    144,
    147,
    149,
    151,
    156,
    158,
    159,
    161,
    162,
    163,
    165,
    166,
    167,
    168,
    169,
    170,
    171,
    173,
    177,
    178,
    179,
    181,
    185,
    186,
    188,
    189,
    190,
    191,
    192,
    193,
    195,
    196,
    197,
    198,
    199
  ],
  "correct_rate": 50.0,
  "negative_samples_avg_ppl": 149515.6523672214,
  "positive_samples_avg_ppl": 150994.72640769888
}