{
  "correct_idxs": [
    0,
    1,
    4,
    5,
    6,
    8,
    11,
    13,
    16,
    17,
    18,
    21,
    23,
    24,
    26,
    27,
    30,
    32,
    34,
    36,
    38,
    39,
    44,
    51,
    53,
    54,
    57,
    59,
    60,
    62,
    65,
    66,
    67,
    72,
    74,
    76,
    77,
    79,
    83,
    85,
    86,
    88,
    90,
    91,
    92,
    94,
    100,
    101,
    103,
    104,
    105,
    106,
    108,
    113,
    115,
    117,
    122,
    123,
    124,
    126,
    127,
    129,
    131,
    138,
    139,
    140,
    143,
    144,
    147,
    149,
    151,
    153,
    158,
    159,
    161,
    162,
    165,
    166,
    167,
    168,
    170,
    171,
    173,
    177,
    178,
    179,
    181,
    185,
    186,
    188,
    189,
    190,
    191,
    192,
    193,
    195,
    197,
    198,
    199
  ],
  "correct_rate": 49.5,
  "negative_samples_avg_ppl": 106837.30709211428,
  "positive_samples_avg_ppl": 110314.81603617786
}