{
  "correct_idxs": [
    3,
    6,
    7,
    8,
    11,
    12,
    13,
    16,
    18,
    20,
    21,
    23,
    24,
    25,
    27,
    31,
    32,
    34,
    35,
    36,
    37,
    40,
    44,
    45,
    47,
    48,
    49,
    51,
    52,
    53,
    54,
    55,
    56,
    57,
    58,
    59,
    60,
    61,
    62,
    63,
    64,
    66,
    67,
    68,
    69,
    71,
    72,
    74,
    75,
    76,
    80,
    81,
    83,
    85,
    86,
    87,
    89,
    90,
    92,
    93,
    94,
    96,
    98,
    99,
    100,
    102,
    103,
    104,
    105,
    106,
    108,
    109,
    110,
    111,
    113,
    114,
    115,
    116,
    117,
    118,
    119,
    120,
    121,
    125,
    128,
    129,
    130,
    131,
    132,
    133,
    135,
    137,
    138,
    139,
    140,
    142,
    143,
    144,
    145,
    146,
    147,
    148,
    150,
    151,
    152,
    154,
    157,
    158,
    159,
    160,
    161,
    162,
    163,
    164,
    166,
    167,
    168,
    170,
    172,
    174,
    176,
    177,
    181,
    182,
    183,
    185,
    186,
    188,
    190,
    191,
    192,
    193,
    194,
    195,
    196,
    197
  ],
  "correct_rate": 68.0,
  "negative_samples_avg_ppl": 12.522468005470675,
  "positive_samples_avg_ppl": 7.867728656773863
}