{
  "correct_idxs": [
    2,
    3,
    4,
    5,
    9,
    12,
    14,
    16,
    19,
    20,
    21,
    22,
    23,
    27,
    28,
    30,
    34,
    35,
    37,
    39,
    41,
    42,
    43,
    44,
    46,
    47,
    49,
    50,
    51,
    52,
    55,
    56,
    57,
    60,
    61,
    62,
    64,
    67,
    70,
    71,
    73,
    74,
    78,
    79,
    80,
    83,
    84,
    85,
    89,
    91,
    92,
    94,
    96,
    105,
    106,
    108,
    112,
    114,
    116,
    117,
    118,
    119,
    120,
    121,
    122,
    123,
    128,
    131,
    133,
    134,
    135,
    137,
    139,
    144,
    146,
    148,
    149,
    151,
    154,
    156,
    160,
    162,
    163,
    164,
    166,
    170,
    180,
    181,
    182,
    183,
    184,
    186,
    187,
    191,
    193,
    194,
    195,
    196,
    197
  ],
  "correct_rate": 49.5,
  "negative_samples_avg_ppl": 0.18615256443497416,
  "positive_samples_avg_ppl": 0.20204812589636098
}