{
  "correct_idxs": [
    2,
    4,
    8,
    10,
    11,
    13,
    17,
    21,
    22,
    23,
    24,
    25,
    26,
    28,
    29,
    31,
    32,
    33,
    36,
    38,
    39,
    40,
    41,
    42,
    43,
    44,
    45,
    46,
    48,
    49,
    52,
    53,
    54,
    56,
    59,
    60,
    61,
    63,
    66,
    67,
    68,
    70,
    72,
    73,
    74,
    75,
    76,
    77,
    78,
    81,
    82,
    83,
    87,
    88,
    90,
    91,
    92,
    94,
    95,
    97,
    98,
    99,
    100,
    105,
    106,
    107,
    108,
    114,
    115,
    116,
    119,
    120,
    123,
    124,
    127,
    131,
    133,
    135,
    137,
    138,
    141,
    142,
    143,
    149,
    150,
    151,
    152,
    157,
    163,
    164,
    165,
    168,
    169,
    170,
    172,
    173,
    175,
    176,
    177,
    180,
    181,
    182,
    184,
    185,
    186,
    188,
    193,
    196,
    197,
    198,
    199
  ],
  "correct_rate": 55.5,
  "negative_samples_avg_ppl": 5.352275974666834,
  "positive_samples_avg_ppl": 4.837887397932003
}