{
  "correct_idxs": [
    2,
    11,
    12,
    13,
    22,
    24,
    37,
    41,
    43,
    48,
    54,
    60,
    61,
    62,
    63,
    64,
    71,
    72,
    74,
    75,
    78,
    81,
    85,
    87,
    93,
    95,
    102,
    107,
    108,
    117,
    118,
    120,
    123,
    124,
    125,
    130,
    132,
    134,
    138,
    141,
    143,
    144,
    146,
    148,
    154,
    159,
    172,
    175,
    176,
    179,
    181,
    183,
    185,
    187,
    188,
    196
  ],
  "correct_rate": 53.333333333333336,
  "negative_samples_avg_ppl": 60.82516662717278,
  "positive_samples_avg_ppl": 61.15266664175914
}