{
  "correct_idxs": [
    0,
    3,
    5,
    7,
    8,
    10,
    11,
    13,
    15,
    16,
    18,
    20,
    22,
    28,
    37,
    40,
    41,
    42,
    43,
    47,
    48,
    50,
    52,
    54,
    59,
    61,
    62,
    63,
    64,
    66,
    67,
    68,
    70,
    71,
    72,
    73,
    74,
    75,
    76,
    78,
    80,
    81,
    83,
    85,
    87,
    90,
    92,
    95,
    97,
    99,
    103,
    104,
    105,
    107,
    108,
    111,
    112,
    113,
    114,
    116,
    118,
    119,
    120,
    122,
    124,
    125,
    128,
    130,
    131,
    132,
    134,
    137,
    138,
    140,
    141,
    143,
    144,
    146,
    147,
    148,
    150,
    153,
    154,
    156,
    158,
    159,
    160,
    161,
    165,
    166,
    167,
    172,
    173,
    175,
    179,
    180,
    181,
    183,
    185,
    187,
    188,
    192,
    194,
    195,
    196
  ],
  "correct_rate": 52.5,
  "negative_samples_avg_ppl": 103.92991561518451,
  "positive_samples_avg_ppl": 100.02788154407897
}