{
  "correct_idxs": [
    1,
    2,
    4,
    9,
    11,
    12,
    13,
    14,
    16,
    19,
    20,
    22,
    24,
    25,
    26,
    27,
    32,
    36,
    38,
    40,
    41,
    42,
    43,
    48,
    54,
    58,
    59,
    60,
    61,
    62,
    63,
    64,
    65,
    67,
    70,
    71,
    72,
    73,
    74,
    75,
    78,
    80,
    81,
    83,
    85,
    87,
    89,
    93,
    94,
    95,
    96,
    98,
    100,
    101,
    102,
    104,
    105,
    106,
    107,
    108,
    109,
    110,
    113,
    114,
    117,
    118,
    119,
    120,
    121,
    124,
    125,
    130,
    132,
    134,
    138,
    139,
    141,
    143,
    144,
    145,
    146,
    147,
    148,
    151,
    154,
    159,
    160,
    164,
    166,
    168,
    171,
    172,
    174,
    175,
    176,
    179,
    180,
    181,
    183,
    185,
    186,
    187,
    188,
    189,
    194,
    196
  ],
  "correct_rate": 53.0,
  "negative_samples_avg_ppl": 99.04928968103906,
  "positive_samples_avg_ppl": 97.07999654166774
}