{
  "correct_idxs": [
    0,
    4,
    5,
    6,
    7,
    8,
    9,
    10,
    11,
    14,
    15,
    16,
    17,
    20,
    21,
    22,
    24,
    25,
    27,
    29,
    30,
    32,
    33,
    34,
    35,
    38,
    39,
    41,
    42,
    43,
    44,
    45,
    47,
    48,
    49,
    53,
    54,
    56,
    57,
    58,
    63,
    67,
    68,
    70,
    72,
    73,
    75,
    76,
    82,
    84,
    85,
    87,
    90,
    91,
    92,
    93,
    94,
    95,
    96,
    97,
    98,
    100,
    101,
    105,
    106,
    108,
    110,
    111,
    113,
    114,
    115,
    117,
    119,
    123,
    126,
    127,
    129,
    131,
    133,
    136,
    137,
    138,
    139,
    141,
    142,
    143,
    146,
    149,
    152,
    153,
    154,
    156,
    157,
    161,
    162,
    163,
    166,
    167,
    169,
    171,
    172,
    173,
    174,
    175,
    176,
    177,
    178,
    179,
    180,
    181,
    182,
    183,
    184,
    186,
    188,
    190,
    191,
    192,
    193,
    194,
    197,
    198,
    199
  ],
  "correct_rate": 61.5,
  "negative_samples_avg_ppl": 0.5887922489610046,
  "positive_samples_avg_ppl": 0.5132566805870591
}