{
  "correct_idxs": [
    0,
    1,
    4,
    8,
    11,
    13,
    16,
    17,
    20,
    22,
    24,
    25,
    26,
    27,
    28,
    29,
    30,
    31,
    34,
    35,
    36,
    37,
    39,
    40,
    43,
    46,
    48,
    52,
    53,
    54,
    55,
    57,
    59,
    61,
    63,
    64,
    65,
    66,
    67,
    68,
    69,
    70,
    73,
    74,
    76,
    77,
    79,
    80,
    81,
    85,
    86,
    87,
    88,
    90,
    91,
    93,
    94,
    95,
    97,
    98,
    99,
    100,
    101,
    102,
    106,
    107,
    108,
    109,
    111,
    112,
    115,
    116,
    117,
    118,
    119,
    121,
    122,
    123,
    124,
    125,
    126,
    127,
    128,
    129,
    130,
    131,
    134,
    139,
    140,
    141,
    143,
    144,
    145,
    146,
    150,
    151,
    152,
    153,
    154,
    155,
    157,
    159,
    160,
    165,
    168,
    169,
    171,
    172,
    173,
    174,
    175,
    177,
    178,
    180,
    181,
    183,
    184,
    186,
    189,
    191,
    192,
    193,
    196,
    197,
    198,
    199
  ],
  "correct_rate": 63.0,
  "negative_samples_avg_ppl": 3435.4719830382487,
  "positive_samples_avg_ppl": 2178.9861749202346
}