{
  "correct_idxs": [
    1,
    4,
    10,
    11,
    14,
    16,
    22,
    23,
    25,
    28,
    30,
    32,
    34,
    36,
    38,
    39,
    41,
    43,
    44,
    45,
    50,
    52,
    53,
    55,
    57,
    58,
    59,
    60,
    65,
    66,
    67,
    69,
    70,
    72,
    74,
    76,
    77,
    78,
    79,
    80,
    81,
    83,
    84,
    85,
    86,
    90,
    93,
    94,
    97,
    100,
    101,
    102,
    103,
    104,
    105,
    107,
    108,
    112,
    114,
    115,
    120,
    123,
    125,
    131,
    133,
    134,
    136,
    140,
    141,
    143,
    144,
    145,
    147,
    150,
    151,
    154,
    156,
    159,
    161,
    162,
    163,
    164,
    165,
    166,
    171,
    172,
    179,
    180,
    181,
    184,
    188,
    189,
    194,
    195,
    196,
    197,
    198,
    199
  ],
  "correct_rate": 49.0,
  "negative_samples_avg_ppl": 4.1525976856063815,
  "positive_samples_avg_ppl": 4.033729821031961
}