{
  "correct_idxs": [
    0,
    1,
    2,
    5,
    6,
    7,
    8,
    9,
    10,
    11,
    12,
    14,
    16,
    17,
    18,
    19,
    20,
    22,
    24,
    27,
    28,
    29,
    32,
    34,
    35,
    37,
    39,
    40,
    41,
    43,
    44,
    46,
    47,
    49,
    52,
    53,
    57,
    58,
    61,
    62,
    65,
    66,
    68,
    69,
    71,
    73,
    77,
    82,
    83,
    87,
    89,
    90,
    92,
    93,
    95,
    98,
    104,
    105,
    107,
    108,
    116,
    121,
    123,
    126,
    127,
    128,
    130,
    132,
    134,
    141,
    142,
    143,
    144,
    146,
    147,
    148,
    151,
    156,
    157,
    158,
    161,
    164,
    165,
    167,
    168,
    169,
    173,
    175,
    179,
    180,
    181,
    183,
    184,
    186,
    188,
    191,
    199
  ],
  "correct_rate": 48.5,
  "negative_samples_avg_ppl": 22.05409873735875,
  "positive_samples_avg_ppl": 22.632683126102304
}