{
  "correct_idxs": [
    0,
    2,
    3,
    5,
    6,
    7,
    8,
    10,
    11,
    12,
    13,
    14,
    15,
    16,
    17,
    19,
    20,
    21,
    22,
    24,
    26,
    27,
    28,
    30,
    31,
    32,
    33,
    34,
    35,
    36,
    37,
    40,
    42,
    43,
    44,
    45,
    46,
    47,
    48,
    49,
    50,
    51,
    52,
    53,
    54,
    55,
    56,
    57,
    59,
    60,
    61,
    63,
    66,
    67,
    69,
    70,
    72,
    73,
    74,
    76,
    77,
    78,
    79,
    80,
    82,
    83,
    85,
    86,
    88,
    89,
    90,
    91,
    92,
    93,
    94,
    95,
    96,
    97,
    98,
    99,
    101,
    103,
    104,
    106,
    107,
    108,
    111,
    112,
    113,
    114,
    116,
    117,
    119,
    120,
    121,
    122,
    123,
    125,
    126,
    128,
    129,
    130,
    131,
    132,
    133,
    134,
    135,
    136,
    137,
    138,
    140,
    141,
    142,
    143,
    144,
    145,
    146,
    148,
    149,
    153,
    154,
    155,
    156,
    157,
    158,
    159,
    161,
    162,
    163,
    164,
    165,
    166,
    167,
    168,
    170,
    171,
    173,
    174,
    175,
    176,
    177,
    178,
    179,
    180,
    181,
    182,
    185,
    186,
    187,
    189,
    190,
    192,
    193,
    194,
    195,
    196,
    198,
    199
  ],
  "correct_rate": 79.0,
  "negative_samples_avg_ppl": 62.100983627906864,
  "positive_samples_avg_ppl": 45.84214684253425
}