{
  "correct_idxs": [
    1,
    2,
    3,
    5,
    6,
    7,
    8,
    9,
    10,
    11,
    12,
    13,
    14,
    15,
    18,
    19,
    20,
    22,
    23,
    24,
    25,
    26,
    27,
    28,
    29,
    30,
    31,
    32,
    33,
    34,
    35,
    37,
    38,
    42,
    43,
    44,
    46,
    47,
    51,
    53,
    54,
    55,
    56,
    57,
    58,
    59,
    60,
    61,
    63,
    65,
    66,
    67,
    68,
    69,
    70,
    71,
    72,
    74,
    77,
    80,
    81,
    82,
    83,
    84,
    86,
    89,
    90,
    91,
    92,
    93,
    96,
    97,
    98,
    99,
    100,
    101,
    102,
    103,
    104,
    105,
    106,
    107,
    108,
    110,
    114,
    115,
    116,
    121,
    123,
    124,
    125,
    128,
    129,
    131,
    132,
    133,
    134,
    136,
    137,
    138,
    139,
    141,
    142,
    143,
    144,
    145,
    146,
    147,
    148,
    149,
    150,
    151,
    152,
    155,
    156,
    160,
    161,
    162,
    163,
    165,
    166,
    168,
    169,
    170,
    172,
    174,
    175,
    176,
    179,
    181,
    183,
    185,
    186,
    187,
    189,
    190,
    191,
    192,
    193,
    194,
    195,
    196,
    198,
    199
  ],
  "correct_rate": 72.0,
  "negative_samples_avg_ppl": 0.3304328229676679,
  "positive_samples_avg_ppl": 0.13465501508371527
}