{
  "correct_idxs": [
    1,
    5,
    7,
    12,
    13,
    14,
    16,
    20,
    21,
    23,
    24,
    25,
    26,
    28,
    31,
    34,
    40,
    41,
    42,
    44,
    45,
    46,
    47,
    50,
    52,
    53,
    54,
    55,
    56,
    60,
    61,
    63,
    66,
    69,
    70,
    71,
    72,
    73,
    74,
    77,
    79,
    80,
    82,
    83,
    84,
    85,
    88,
    89,
    90,
    92,
    94,
    98,
    99,
    100,
    103,
    105,
    107,
    109,
    110,
    114,
    115,
    116,
    118,
    125,
    127,
    128,
    133,
    138,
    141,
    146,
    149,
    150,
    151,
    154,
    155,
    156,
    157,
    160,
    162,
    165,
    171,
    172,
    173,
    174,
    177,
    179,
    181,
    182,
    186,
    189,
    190,
    197
  ],
  "correct_rate": 47.0,
  "negative_samples_avg_ppl": 3.879767068239366,
  "positive_samples_avg_ppl": 3.91670814131417
}