{
  "correct_idxs": [
    0,
    2,
    4,
    6,
    8,
    10,
    11,
    12,
    13,
    18,
    20,
    21,
    22,
    24,
    25,
    26,
    27,
    28,
    29,
    30,
    31,
    33,
    34,
    36,
    39,
    40,
    41,
    42,
    43,
    44,
    45,
    46,
    48,
    49,
    52,
    53,
    54,
    56,
    57,
    59,
    60,
    61,
    64,
    66,
    70,
    72,
    73,
    74,
    76,
    77,
    78,
    79,
    84,
    85,
    88,
    89,
    90,
    92,
    93,
    94,
    95,
    96,
    97,
    99,
    100,
    101,
    102,
    103,
    105,
    107,
    108,
    109,
    110,
    112,
    113,
    114,
    116,
    117,
    119,
    120,
    122,
    123,
    124,
    125,
    127,
    131,
    132,
    133,
    134,
    135,
    140,
    141,
    143,
    145,
    146,
    150,
    154,
    155,
    156,
    158,
    161,
    163,
    165,
    167,
    169,
    170,
    171,
    172,
    173,
    174,
    175,
    176,
    177,
    180,
    181,
    182,
    186,
    192,
    193,
    194,
    197,
    198,
    199
  ],
  "correct_rate": 61.5,
  "negative_samples_avg_ppl": 485.3554978975986,
  "positive_samples_avg_ppl": 271.47771196983257
}