{
  "correct_idxs": [
    0,
    3,
    4,
    5,
    6,
    7,
    9,
    10,
    13,
    14,
    15,
    17,
    19,
    23,
    25,
    26,
    28,
    29,
    30,
    31,
    33,
    34,
    35,
    36,
    37,
    38,
    40,
    42,
    43,
    44,
    46,
    47,
    52,
    53,
    54,
    55,
    60,
    61,
    63,
    64,
    65,
    67,
    68,
    70,
    72,
    73,
    76,
    77,
    79,
    82,
    83,
    85,
    86,
    87,
    88,
    90,
    91,
    92,
    96,
    98,
    100,
    102,
    103,
    104,
    105,
    106,
    107,
    108,
    110,
    112,
    113,
    114,
    115,
    119,
    121,
    122,
    124,
    125,
    126,
    129,
    130,
    131,
    134,
    135,
    136,
    137,
    140,
    141,
    142,
    143,
    144,
    145,
    146,
    147,
    151,
    152,
    153,
    154,
    155,
    157,
    158,
    159,
    161,
    163,
    164,
    167,
    168,
    169,
    170,
    171,
    178,
    179,
    180,
    181,
    182,
    183,
    184,
    186,
    187,
    191,
    193,
    194,
    195,
    196,
    197,
    198
  ],
  "correct_rate": 63.0,
  "negative_samples_avg_ppl": 0.8183314797529143,
  "positive_samples_avg_ppl": 0.5003338368512315
}