{
  "correct_idxs": [
    0,
    6,
    7,
    11,
    15,
    16,
    18,
    19,
    20,
    21,
    22,
    23,
    24,
    30,
    33,
    37,
    39,
    40,
    41,
    42,
    43,
    47,
    49,
    50,
    51,
    52,
    54,
    57,
    59,
    60,
    61,
    62,
    63,
    67,
    68,
    69,
    71,
    73,
    74,
    75,
    79,
    80,
    81,
    82,
    83,
    84,
    85,
    89,
    91,
    92,
    93,
    97,
    99,
    101,
    104,
    106,
    108,
    110,
    111,
    112,
    115,
    120,
    126,
    129,
    132,
    134,
    135,
    140,
    141,
    142,
    146,
    147,
    149,
    151,
    152,
    153,
    155,
    159,
    160,
    163,
    164,
    166,
    167,
    168,
    169,
    170,
    175,
    176,
    178,
    181,
    186,
    187,
    188,
    191,
    193,
    194,
    197,
    198
  ],
  "correct_rate": 49.25,
  "negative_samples_avg_ppl": 7.803360691375446,
  "positive_samples_avg_ppl": 8.31334173366852
}