{
  "correct_idxs": [
    5,
    7,
    10,
    14,
    15,
    16,
    17,
    19,
    20,
    21,
    23,
    24,
    25,
    28,
    30,
    32,
    33,
    35,
    36,
    37,
    39,
    42,
    45,
    47,
    48,
    49,
    50,
    51,
    52,
    53,
    57,
    60,
    61,
    62,
    63,
    66,
    67,
    68,
    71,
    72,
    73,
    74,
    75,
    81,
    83,
    84,
    85,
    90,
    92,
    95,
    96,
    99,
    100,
    105,
    106,
    107,
    110,
    115,
    116,
    120,
    121,
    124,
    125,
    126,
    132,
    133,
    137,
    138,
    140,
    141,
    142,
    145,
    146,
    147,
    149,
    150,
    151,
    152,
    153,
    154,
    155,
    162,
    163,
    164,
    165,
    166,
    167,
    169,
    175,
    176,
    177,
    178,
    180,
    181,
    182,
    183,
    184,
    186,
    187,
    188,
    190,
    197,
    198
  ],
  "correct_rate": 51.75,
  "negative_samples_avg_ppl": 9.357559991398189,
  "positive_samples_avg_ppl": 8.31334173366852
}