{
  "correct_idxs": [
    0,
    2,
    5,
    6,
    10,
    11,
    14,
    15,
    17,
    18,
    21,
    22,
    24,
    26,
    29,
    30,
    31,
    33,
    35,
    37,
    38,
    39,
    40,
    41,
    42,
    43,
    44,
    45,
    49,
    50,
    52,
    53,
    54,
    55,
    56,
    57,
    59,
    60,
    64,
    66,
    68,
    69,
    71,
    72,
    74,
    76,
    78,
    79,
    83,
    84,
    85,
    88,
    89,
    90,
    91,
    95,
    97,
    103,
    104,
    106,
    108,
    113,
    115,
    117,
    119,
    120,
    121,
    123,
    125,
    126,
    127,
    128,
    129,
    133,
    134,
    136,
    137,
    138,
    140,
    141,
    143,
    144,
    145,
    146,
    147,
    148,
    150,
    153,
    154,
    155,
    157,
    158,
    159,
    160,
    161,
    164,
    165,
    166,
    167,
    168,
    170,
    172,
    173,
    174,
    176,
    177,
    178,
    179,
    180,
    181,
    182,
    183,
    184,
    185,
    186,
    187,
    188,
    189,
    190,
    192,
    193,
    195,
    196,
    199
  ],
  "correct_rate": 62.0,
  "negative_samples_avg_ppl": 6.466417272648115,
  "positive_samples_avg_ppl": 5.3844833384509485
}