{
  "correct_idxs": [
    0,
    2,
    5,
    6,
    8,
    9,
    10,
    11,
    13,
    14,
    16,
    19,
    20,
    21,
    22,
    23,
    27,
    28,
    29,
    30,
    34,
    35,
    36,
    39,
    43,
    44,
    46,
    51,
    52,
    53,
    55,
    57,
    58,
    60,
    62,
    65,
    66,
    67,
    68,
    70,
    71,
    72,
    74,
    75,
    77,
    79,
    82,
    83,
    85,
    86,
    87,
    88,
    89,
    90,
    91,
    92,
    93,
    95,
    96,
    98,
    100,
    101,
    105,
    106,
    109,
    114,
    116,
    123,
    127,
    128,
    130,
    132,
    134,
    136,
    139,
    141,
    142,
    145,
    146,
    149,
    150,
    152,
    154,
    155,
    156,
    157,
    158,
    160,
    161,
    163,
    164,
    165,
    167,
    170,
    175,
    177,
    178,
    181,
    182,
    183,
    184,
    186,
    189,
    191,
    192,
    193,
    195,
    196,
    197,
    199
  ],
  "correct_rate": 55.0,
  "negative_samples_avg_ppl": 8.924067628150368,
  "positive_samples_avg_ppl": 8.356542599682125
}