{
  "correct_idxs": [
    2,
    4,
    7,
    11,
    12,
    13,
    15,
    16,
    18,
    20,
    21,
    22,
    23,
    24,
    25,
    28,
    31,
    32,
    34,
    36,
    37,
    38,
    39,
    40,
    44,
    45,
    46,
    48,
    49,
    51,
    53,
    54,
    56,
    57,
    58,
    62,
    63,
    64,
    66,
    67,
    68,
    69,
    73,
    74,
    77,
    80,
    84,
    85,
    87,
    88,
    91,
    92,
    93,
    95,
    96,
    98,
    99,
    101,
    103,
    105,
    106,
    107,
    110,
    111,
    113,
    118,
    120,
    121,
    124,
    126,
    127,
    130,
    131,
    132,
    133,
    136,
    137,
    138,
    141,
    143,
    147,
    148,
    149,
    150,
    153,
    154,
    155,
    158,
    160,
    161,
    163,
    166,
    167,
    171,
    172,
    174,
    177,
    180,
    181,
    182,
    184,
    185,
    189,
    190,
    193,
    194,
    195,
    196,
    197,
    198
  ],
  "correct_rate": 55.0,
  "negative_samples_avg_ppl": 7003.531813484687,
  "positive_samples_avg_ppl": 5005.465784937772
}