{
  "correct_idxs": [
    0,
    1,
    3,
    5,
    6,
    7,
    9,
    10,
    11,
    13,
    14,
    15,
    16,
    17,
    19,
    20,
    21,
    22,
    24,
    25,
    26,
    27,
    28,
    29,
    31,
    33,
    35,
    36,
    38,
    39,
    40,
    41,
    42,
    44,
    45,
    46,
    47,
    48,
    49,
    50,
    51,
    52,
    53,
    54,
    55,
    56,
    57,
    58,
    59,
    60,
    63,
    64,
    65,
    66,
    67,
    69,
    70,
    71,
    74,
    75,
    76,
    77,
    78,
    79,
    80,
    81,
    82,
    83,
    86,
    91,
    92,
    93,
    94,
    96,
    97,
    98,
    101,
    102,
    104,
    105,
    107,
    108,
    109,
    110,
    111,
    112,
    113,
    114,
    115,
    116,
    117,
    118,
    119,
    120,
    121,
    122,
    123,
    125,
    128,
    129,
    130,
    132,
    133,
    134,
    135,
    137,
    138,
    139,
    140,
    141,
    142,
    143,
    144,
    145,
    147,
    148,
    150,
    151,
    152,
    153,
    154,
    155,
    156,
    159,
    160,
    162,
    163,
    164,
    165,
    166,
    167,
    168,
    169,
    170,
    171,
    172,
    173,
    174,
    175,
    176,
    178,
    179,
    181,
    183,
    185,
    186,
    187,
    189,
    190,
    191,
    194,
    195,
    197,
    198
  ],
  "correct_rate": 77.0,
  "negative_samples_avg_ppl": 1.0780315867267132,
  "positive_samples_avg_ppl": 0.5503688780300303
}