{
  "correct_idxs": [
    0,
    1,
    2,
    5,
    6,
    7,
    8,
    10,
    13,
    14,
    16,
    17,
    18,
    19,
    21,
    24,
    25,
    26,
    27,
    28,
    29,
    30,
    31,
    33,
    34,
    35,
    36,
    38,
    39,
    41,
    44,
    46,
    48,
    49,
    50,
    51,
    52,
    53,
    55,
    59,
    60,
    61,
    62,
    63,
    64,
    65,
    66,
    67,
    69,
    70,
    71,
    72,
    73,
    74,
    75,
    76,
    79,
    84,
    85,
    86,
    87,
    88,
    89,
    90,
    93,
    95,
    97,
    98,
    100,
    101,
    102,
    104,
    105,
    106,
    108,
    111,
    112,
    114,
    115,
    116,
    117,
    119,
    121,
    122,
    123,
    125,
    126,
    127,
    129,
    130,
    132,
    134,
    135,
    137,
    139,
    140,
    141,
    142,
    143,
    144,
    145,
    146,
    147,
    149,
    150,
    151,
    152,
    153,
    154,
    156,
    158,
    159,
    162,
    163,
    164,
    165,
    166,
    168,
    169,
    171,
    172,
    175,
    177,
    178,
    182,
    183,
    184,
    186,
    187,
    188,
    190,
    192,
    194,
    196,
    197,
    198
  ],
  "correct_rate": 68.0,
  "negative_samples_avg_ppl": 31070.79857580561,
  "positive_samples_avg_ppl": 12855.449114370953
}