{
  "correct_idxs": [
    0,
    1,
    3,
    4,
    6,
    9,
    10,
    12,
    13,
    16,
    17,
    18,
    19,
    20,
    21,
    23,
    25,
    27,
    28,
    30,
    31,
    33,
    34,
    36,
    38,
    39,
    41,
    42,
    43,
    46,
    48,
    49,
    51,
    52,
    53,
    54,
    56,
    57,
    58,
    60,
    61,
    62,
    64,
    68,
    69,
    70,
    72,
    73,
    74,
    76,
    77,
    78,
    79,
    82,
    84,
    85,
    88,
    89,
    90,
    91,
    92,
    93,
    95,
    98,
    100,
    101,
    102,
    103,
    105,
    108,
    109,
    110,
    112,
    115,
    117,
    118,
    119,
    124,
    126,
    128,
    129,
    131,
    134,
    136,
    138,
    139,
    140,
    145,
    148,
    149,
    150,
    152,
    153,
    154,
    157,
    158,
    159,
    161,
    162,
    164,
    166,
    168,
    169,
    170,
    171,
    173,
    174,
    177,
    179,
    182,
    184,
    185,
    187,
    189,
    190,
    193,
    194,
    196
  ],
  "correct_rate": 59.0,
  "negative_samples_avg_ppl": 0.1404781840056655,
  "positive_samples_avg_ppl": 0.09928842587650122
}