{
  "correct_idxs": [
    0,
    1,
    2,
    3,
    4,
    5,
    7,
    8,
    10,
    12,
    13,
    14,
    16,
    17,
    19,
    20,
    21,
    22,
    23,
    24,
    26,
    27,
    28,
    29,
    30,
    33,
    34,
    35,
    38,
    39,
    40,
    41,
    44,
    45,
    46,
    49,
    53,
    54,
    55,
    56,
    57,
    59,
    60,
    61,
    62,
    63,
    65,
    67,
    70,
    71,
    72,
    73,
    74,
    75,
    76,
    77,
    78,
    79,
    81,
    85,
    89,
    90,
    93,
    95,
    96,
    97,
    99,
    100,
    101,
    103,
    105,
    107,
    108,
    110,
    111,
    112,
    113,
    114,
    115,
    116,
    117,
    118,
    119,
    120,
    121,
    124,
    125,
    126,
    127,
    129,
    130,
    131,
    132,
    135,
    136,
    137,
    138,
    139,
    141,
    143,
    145,
    146,
    147,
    149,
    151,
    152,
    153,
    155,
    156,
    157,
    158,
    160,
    161,
    162,
    163,
    166,
    168,
    169,
    170,
    171,
    172,
    173,
    175,
    176,
    177,
    179,
    181,
    182,
    183,
    184,
    185,
    186,
    187,
    188,
    189,
    193,
    194,
    195,
    197,
    199
  ],
  "correct_rate": 70.0,
  "negative_samples_avg_ppl": 13.060158366508775,
  "positive_samples_avg_ppl": 8.708634330393677
}