{
  "correct_idxs": [
    0,
    1,
    4,
    5,
    7,
    8,
    9,
    12,
    13,
    14,
    15,
    16,
    17,
    19,
    20,
    21,
    22,
    23,
    24,
    26,
    27,
    28,
    29,
    30,
    31,
    32,
    34,
    35,
    36,
    38,
    39,
    40,
    41,
    42,
    43,
    45,
    47,
    49,
    53,
    54,
    59,
    61,
    62,
    63,
    65,
    67,
    73,
    74,
    75,
    76,
    77,
    78,
    79,
    81,
    82,
    85,
    86,
    87,
    89,
    90,
    93,
    94,
    95,
    96,
    97,
    100,
    101,
    103,
    104,
    105,
    108,
    109,
    110,
    111,
    112,
    113,
    114,
    115,
    117,
    118,
    119,
    120,
    121,
    122,
    125,
    126,
    127,
    130,
    131,
    132,
    135,
    136,
    137,
    138,
    139,
    140,
    141,
    145,
    147,
    149,
    151,
    152,
    153,
    155,
    157,
    159,
    160,
    161,
    162,
    163,
    166,
    167,
    169,
    170,
    171,
    172,
    173,
    174,
    175,
    176,
    180,
    181,
    182,
    183,
    184,
    185,
    186,
    187,
    189,
    190,
    193,
    194,
    195,
    196,
    199
  ],
  "correct_rate": 67.5,
  "negative_samples_avg_ppl": 16.371761251138672,
  "positive_samples_avg_ppl": 8.442307908809036
}