{
  "correct_idxs": [
    0,
    1,
    3,
    4,
    7,
    8,
    9,
    12,
    13,
    16,
    18,
    19,
    20,
    21,
    23,
    24,
    25,
    26,
    27,
    28,
    29,
    32,
    33,
    34,
    35,
    37,
    39,
    40,
    41,
    45,
    46,
    51,
    52,
    53,
    54,
    56,
    58,
    59,
    60,
    62,
    65,
    66,
    69,
    70,
    72,
    73,
    74,
    76,
    79,
    80,
    82,
    93,
    95,
    98,
    102,
    103,
    104,
    106,
    108,
    109,
    112,
    114,
    116,
    118,
    122,
    124,
    129,
    130,
    131,
    134,
    135,
    136,
    137,
    138,
    142,
    145,
    146,
    147,
    148,
    149,
    153,
    154,
    155,
    157,
    158,
    159,
    167,
    169,
    170,
    171,
    172,
    173,
    174,
    176,
    177,
    179,
    181,
    182,
    185,
    187,
    188,
    195,
    198
  ],
  "correct_rate": 51.5,
  "negative_samples_avg_ppl": 8.49766558440242,
  "positive_samples_avg_ppl": 7.773534746127606
}