{
  "correct_idxs": [
    0,
    2,
    3,
    4,
    5,
    8,
    11,
    13,
    15,
    16,
    21,
    22,
    23,
    26,
    30,
    34,
    35,
    40,
    46,
    51,
    54,
    56,
    58,
    59,
    60,
    62,
    63,
    64,
    67,
    69,
    71,
    72,
    73,
    77,
    79,
    85,
    86,
    87,
    88,
    89,
    91,
    92,
    95,
    97,
    100,
    101,
    102,
    104,
    106,
    107,
    108,
    109,
    112,
    113,
    116,
    117,
    119,
    120,
    121,
    122,
    123,
    124,
    125,
    127,
    135,
    136,
    138,
    139,
    140,
    143,
    146,
    147,
    150,
    151,
    152,
    157,
    158,
    160,
    161,
    164,
    165,
    166,
    167,
    170,
    172,
    173,
    176,
    177,
    178,
    179,
    180,
    183,
    184,
    185,
    186,
    187,
    189,
    191,
    196,
    197,
    199
  ],
  "correct_rate": 50.5,
  "negative_samples_avg_ppl": 33.74067009697852,
  "positive_samples_avg_ppl": 32.579339862190906
}