{
  "correct_idxs": [
    1,
    2,
    4,
    6,
    7,
    8,
    12,
    13,
    14,
    16,
    20,
    23,
    25,
    26,
    29,
    31,
    32,
    35,
    36,
    38,
    39,
    41,
    42,
    43,
    44,
    45,
    46,
    50,
    53,
    55,
    56,
    57,
    58,
    60,
    62,
    65,
    67,
    70,
    76,
    77,
    79,
    80,
    81,
    82,
    84,
    86,
    87,
    88,
    91,
    92,
    93,
    95,
    97,
    98,
    99,
    102,
    104,
    106,
    108,
    109,
    110,
    113,
    117,
    119,
    126,
    127,
    130,
    132,
    133,
    138,
    139,
    141,
    144,
    145,
    149,
    151,
    152,
    154,
    155,
    156,
    160,
    161,
    164,
    165,
    168,
    173,
    175,
    176,
    177,
    180,
    182,
    184,
    186,
    189,
    190,
    191,
    193,
    194,
    195,
    197,
    198,
    199
  ],
  "correct_rate": 51.0,
  "negative_samples_avg_ppl": 543.6532906766049,
  "positive_samples_avg_ppl": 520.8279365892569
}