{
  "correct_idxs": [
    1,
    3,
    4,
    5,
    6,
    7,
    8,
    9,
    10,
    12,
    15,
    16,
    17,
    19,
    22,
    26,
    29,
    31,
    32,
    34,
    35,
    37,
    39,
    44,
    46,
    47,
    49,
    50,
    51,
    52,
    54,
    55,
    56,
    58,
    62,
    64,
    66,
    67,
    68,
    69,
    73,
    79,
    81,
    83,
    84,
    85,
    87,
    89,
    90,
    93,
    94,
    95,
    96,
    97,
    101,
    102,
    103,
    104,
    105,
    106,
    109,
    113,
    114,
    115,
    116,
    120,
    123,
    126,
    128,
    129,
    130,
    132,
    136,
    138,
    139,
    141,
    143,
    144,
    145,
    146,
    147,
    148,
    150,
    157,
    158,
    159,
    161,
    162,
    166,
    170,
    171,
    172,
    176,
    178,
    180,
    182,
    183,
    184,
    187,
    191,
    192,
    193,
    194,
    195,
    196,
    197
  ],
  "correct_rate": 53.0,
  "negative_samples_avg_ppl": 746.6686905777185,
  "positive_samples_avg_ppl": 650.8362880510264
}