{
  "correct_idxs": [
    2,
    4,
    7,
    8,
    9,
    10,
    11,
    12,
    13,
    18,
    20,
    21,
    25,
    28,
    29,
    30,
    31,
    33,
    38,
    39,
    40,
    41,
    42,
    43,
    44,
    45,
    46,
    47,
    49,
    54,
    56,
    57,
    59,
    60,
    61,
    62,
    65,
    66,
    70,
    72,
    73,
    74,
    77,
    78,
    82,
    83,
    84,
    87,
    88,
    89,
    90,
    92,
    94,
    98,
    99,
    100,
    103,
    105,
    106,
    107,
    108,
    111,
    113,
    114,
    120,
    121,
    122,
    124,
    125,
    126,
    127,
    128,
    131,
    132,
    134,
    135,
    137,
    138,
    140,
    141,
    142,
    143,
    145,
    148,
    149,
    150,
    151,
    152,
    155,
    157,
    161,
    162,
    163,
    167,
    168,
    169,
    171,
    173,
    175,
    177,
    178,
    180,
    185,
    188,
    189,
    192,
    197,
    198,
    199
  ],
  "correct_rate": 54.5,
  "negative_samples_avg_ppl": 6.33013030219033,
  "positive_samples_avg_ppl": 6.172177358508178
}