{
  "correct_idxs": [
    0,
    1,
    6,
    7,
    8,
    14,
    15,
    20,
    21,
    23,
    26,
    28,
    30,
    31,
    33,
    34,
    35,
    37,
    38,
    41,
    47,
    50,
    53,
    58,
    59,
    61,
    63,
    64,
    70,
    71,
    73,
    74,
    75,
    77,
    78,
    79,
    81,
    84,
    85,
    87,
    88,
    89,
    93,
    94,
    95,
    96,
    98,
    99,
    101,
    104,
    105,
    108,
    112,
    114,
    116,
    117,
    121,
    124,
    126,
    127,
    130,
    133,
    134,
    137,
    138,
    140,
    145,
    147,
    151,
    152,
    154,
    158,
    159,
    161,
    162,
    166,
    167,
    168,
    169,
    172,
    176,
    178,
    179,
    180,
    181,
    182,
    188,
    189,
    190,
    191,
    194,
    196,
    199
  ],
  "correct_rate": 46.5,
  "negative_samples_avg_ppl": 0.272329933417257,
  "positive_samples_avg_ppl": 0.294241593886242
}