{
  "correct_idxs": [
    0,
    2,
    4,
    5,
    6,
    7,
    9,
    10,
    13,
    16,
    17,
    18,
    22,
    23,
    24,
    25,
    26,
    28,
    29,
    33,
    34,
    35,
    36,
    37,
    39,
    40,
    41,
    42,
    44,
    45,
    46,
    48,
    49,
    50,
    51,
    52,
    53,
    54,
    57,
    59,
    60,
    61,
    64,
    65,
    66,
    67,
    68,
    69,
    70,
    71,
    72,
    73,
    74,
    75,
    76,
    77,
    78,
    79,
    80,
    81,
    82,
    83,
    85,
    86,
    87,
    88,
    89,
    90,
    91,
    92,
    93,
    95,
    97,
    98,
    99,
    101,
    102,
    103,
    104,
    105,
    106,
    107,
    108,
    110,
    111,
    112,
    113,
    114,
    115,
    116,
    120,
    121,
    122,
    124,
    125,
    126,
    129,
    130,
    131,
    132,
    134,
    135,
    136,
    137,
    138,
    139,
    143,
    144,
    145,
    146,
    147,
    149,
    151,
    152,
    153,
    155,
    157,
    159,
    160,
    163,
    164,
    165,
    166,
    167,
    168,
    169,
    170,
    171,
    174,
    176,
    177,
    178,
    179,
    180,
    181,
    182,
    183,
    184,
    186,
    187,
    189,
    191,
    193,
    196,
    198
  ],
  "correct_rate": 72.5,
  "negative_samples_avg_ppl": 0.016417930817534173,
  "positive_samples_avg_ppl": 0.005848611374702638
}