{
  "correct_idxs": [
    2,
    4,
    5,
    7,
    8,
    9,
    10,
    13,
    15,
    16,
    17,
    19,
    20,
    21,
    23,
    25,
    26,
    28,
    29,
    30,
    31,
    33,
    35,
    36,
    37,
    38,
    39,
    40,
    41,
    43,
    44,
    46,
    48,
    49,
    51,
    52,
    57,
    59,
    60,
    61,
    63,
    65,
    66,
    68,
    69,
    73,
    76,
    80,
    81,
    82,
    83,
    84,
    85,
    86,
    87,
    89,
    90,
    91,
    92,
    93,
    94,
    95,
    97,
    100,
    102,
    105,
    106,
    107,
    108,
    110,
    111,
    112,
    113,
    114,
    115,
    116,
    117,
    118,
    120,
    122,
    123,
    124,
    125,
    126,
    127,
    129,
    132,
    133,
    136,
    137,
    138,
    139,
    140,
    142,
    143,
    145,
    146,
    148,
    150,
    151,
    152,
    153,
    155,
    156,
    159,
    160,
    161,
    162,
    163,
    165,
    171,
    173,
    174,
    175,
    176,
    177,
    179,
    181,
    182,
    186,
    188,
    189,
    191,
    192,
    193,
    194
  ],
  "correct_rate": 63.0,
  "negative_samples_avg_ppl": 0.3056228461240606,
  "positive_samples_avg_ppl": 0.20793748893914657
}