{
  "correct_idxs": [
    1,
    3,
    4,
    5,
    8,
    11,
    13,
    14,
    16,
    17,
    20,
    22,
    24,
    26,
    27,
    32,
    35,
    36,
    38,
    39,
    40,
    41,
    45,
    47,
    52,
    54,
    57,
    61,
    62,
    64,
    65,
    68,
    69,
    71,
    72,
    76,
    79,
    80,
    81,
    85,
    86,
    87,
    90,
    92,
    97,
    98,
    99,
    100,
    104,
    106,
    108,
    110,
    119,
    120,
    124,
    126,
    128,
    130,
    132,
    133,
    136,
    138,
    139,
    141,
    142,
    149,
    151,
    153,
    154,
    159,
    162,
    163,
    164,
    165,
    168,
    174,
    175,
    180,
    181,
    183,
    184,
    186,
    187,
    193,
    196,
    198
  ],
  "correct_rate": 43.0,
  "negative_samples_avg_ppl": 35.948308555993414,
  "positive_samples_avg_ppl": 38.52476895725252
}