{
  "correct_idxs": [
    0,
    1,
    3,
    4,
    5,
    6,
    8,
    9,
    11,
    12,
    13,
    14,
    15,
    16,
    17,
    18,
    19,
    21,
    22,
    24,
    25,
    26,
    27,
    29,
    30,
    31,
    33,
    34,
    36,
    37,
    38,
    39,
    40,
    41,
    42,
    43,
    44,
    46,
    47,
    48,
    51,
    52,
    56,
    57,
    58,
    59,
    60,
    61,
    62,
    64,
    65,
    66,
    67,
    70,
    71,
    72,
    73,
    74,
    75,
    76,
    78,
    79,
    82,
    83,
    84,
    85,
    86,
    89,
    91,
    92,
    93,
    94,
    95,
    96,
    97,
    98,
    99,
    100,
    101,
    102,
    103,
    104,
    106,
    108,
    109,
    110,
    111,
    112,
    114,
    115,
    117,
    121,
    122,
    123,
    125,
    128,
    129,
    130,
    131,
    132,
    135,
    136,
    137,
    139,
    140,
    141,
    142,
    143,
    144,
    145,
    146,
    147,
    148,
    149,
    150,
    151,
    154,
    155,
    156,
    157,
    160,
    162,
    163,
    164,
    165,
    168,
    169,
    170,
    171,
    173,
    174,
    176,
    177,
    179,
    180,
    181,
    182,
    183,
    184,
    186,
    187,
    188,
    191,
    194,
    195,
    196,
    197,
    198,
    199
  ],
  "correct_rate": 74.5,
  "negative_samples_avg_ppl": 10.651010554266486,
  "positive_samples_avg_ppl": 7.60122785451624
}