{
  "correct_idxs": [
    1,
    2,
    3,
    4,
    5,
    6,
    8,
    11,
    12,
    15,
    16,
    18,
    21,
    23,
    26,
    30,
    34,
    35,
    36,
    38,
    46,
    49,
    51,
    54,
    57,
    60,
    63,
    65,
    69,
    71,
    72,
    73,
    74,
    75,
    79,
    81,
    83,
    85,
    86,
    87,
    88,
    90,
    91,
    93,
    94,
    97,
    98,
    100,
    101,
    102,
    104,
    105,
    106,
    108,
    109,
    112,
    113,
    117,
    119,
    120,
    121,
    122,
    123,
    124,
    125,
    126,
    127,
    129,
    136,
    137,
    138,
    139,
    141,
    148,
    150,
    151,
    152,
    156,
    158,
    159,
    164,
    165,
    166,
    167,
    169,
    170,
    172,
    173,
    176,
    177,
    178,
    179,
    181,
    184,
    185,
    186,
    188,
    192,
    197,
    198,
    199
  ],
  "correct_rate": 50.5,
  "negative_samples_avg_ppl": 2146.366469490181,
  "positive_samples_avg_ppl": 2210.2353928745174
}