{
  "correct_idxs": [
    0,
    4,
    5,
    6,
    9,
    12,
    13,
    14,
    15,
    18,
    19,
    21,
    22,
    23,
    24,
    25,
    30,
    31,
    34,
    35,
    37,
    38,
    39,
    40,
    41,
    43,
    47,
    48,
    49,
    50,
    54,
    56,
    58,
    59,
    61,
    62,
    63,
    64,
    65,
    69,
    70,
    74,
    75,
    76,
    78,
    81,
    82,
    84,
    88,
    89,
    90,
    91,
    93,
    94,
    95,
    96,
    97,
    99,
    101,
    102,
    105,
    106,
    107,
    111,
    112,
    113,
    115,
    117,
    118,
    119,
    121,
    124,
    125,
    128,
    129,
    131,
    132,
    136,
    139,
    140,
    141,
    144,
    147,
    150,
    151,
    160,
    161,
    162,
    164,
    167,
    168,
    169,
    171,
    172,
    174,
    175,
    177,
    179,
    182,
    183,
    185,
    186,
    188,
    189,
    190,
    191,
    192,
    193,
    194,
    195,
    199
  ],
  "correct_rate": 55.5,
  "negative_samples_avg_ppl": 0.8503414008972292,
  "positive_samples_avg_ppl": 0.8027854690838461
}