{
  "correct_idxs": [
    0,
    3,
    4,
    6,
    7,
    9,
    10,
    11,
    12,
    17,
    18,
    19,
    21,
    23,
    24,
    25,
    26,
    27,
    29,
    31,
    32,
    33,
    34,
    35,
    36,
    37,
    40,
    42,
    44,
    47,
    49,
    51,
    52,
    55,
    56,
    59,
    60,
    61,
    62,
    63,
    65,
    71,
    72,
    74,
    77,
    80,
    82,
    84,
    85,
    86,
    87,
    92,
    95,
    97,
    100,
    103,
    106,
    108,
    109,
    110,
    111,
    112,
    113,
    115,
    120,
    121,
    122,
    123,
    124,
    125,
    126,
    128,
    130,
    132,
    134,
    136,
    138,
    140,
    141,
    143,
    144,
    145,
    147,
    148,
    149,
    150,
    152,
    153,
    154,
    155,
    156,
    157,
    159,
    160,
    163,
    165,
    166,
    168,
    169,
    170,
    171,
    175,
    176,
    177,
    179,
    180,
    181,
    182,
    184,
    185,
    186,
    187,
    188,
    189,
    190,
    191,
    193,
    194,
    195,
    198,
    199
  ],
  "correct_rate": 60.5,
  "negative_samples_avg_ppl": 30.130828788612995,
  "positive_samples_avg_ppl": 22.867175524871282
}