{
  "correct_idxs": [
    4,
    5,
    6,
    7,
    9,
    10,
    12,
    13,
    14,
    16,
    22,
    23,
    26,
    28,
    29,
    30,
    31,
    34,
    36,
    37,
    38,
    39,
    42,
    43,
    44,
    46,
    48,
    51,
    56,
    57,
    58,
    60,
    61,
    62,
    63,
    64,
    67,
    70,
    71,
    72,
    73,
    74,
    75,
    77,
    80,
    81,
    82,
    83,
    85,
    89,
    91,
    93,
    94,
    96,
    97,
    99,
    102,
    103,
    104,
    106,
    108,
    110,
    111,
    112,
    113,
    116,
    117,
    118,
    119,
    126,
    128,
    129,
    130,
    131,
    133,
    134,
    135,
    139,
    141,
    143,
    146,
    147,
    149,
    152,
    154,
    155,
    158,
    159,
    160,
    163,
    165,
    166,
    167,
    168,
    172,
    174,
    175,
    178,
    182,
    185,
    186,
    187,
    188,
    189,
    191,
    193,
    194,
    195,
    198,
    199
  ],
  "correct_rate": 55.0,
  "negative_samples_avg_ppl": 6.43228222787277,
  "positive_samples_avg_ppl": 6.049458769369334
}