{
  "correct_idxs": [
    0,
    1,
    2,
    4,
    5,
    6,
    8,
    13,
    16,
    17,
    18,
    19,
    20,
    21,
    23,
    25,
    26,
    27,
    29,
    32,
    34,
    35,
    39,
    42,
    43,
    46,
    50,
    51,
    53,
    54,
    55,
    56,
    59,
    60,
    61,
    62,
    65,
    66,
    67,
    69,
    71,
    72,
    77,
    82,
    84,
    85,
    86,
    87,
    88,
    90,
    91,
    92,
    93,
    96,
    97,
    99,
    104,
    106,
    108,
    109,
    110,
    112,
    115,
    116,
    117,
    119,
    120,
    122,
    123,
    127,
    133,
    137,
    138,
    139,
    147,
    149,
    152,
    157,
    158,
    159,
    161,
    163,
    164,
    165,
    166,
    167,
    168,
    169,
    171,
    175,
    176,
    177,
    179,
    180,
    182,
    186,
    188,
    190,
    192,
    193,
    194,
    197,
    198
  ],
  "correct_rate": 51.5,
  "negative_samples_avg_ppl": 1330.0980575967383,
  "positive_samples_avg_ppl": 1256.4061301860218
}