{
  "correct_idxs": [
    1,
    5,
    7,
    8,
    9,
    10,
    11,
    12,
    13,
    15,
    17,
    18,
    19,
    20,
    21,
    22,
    25,
    26,
    28,
    29,
    30,
    32,
    33,
    36,
    37,
    38,
    39,
    40,
    41,
    43,
    44,
    45,
    47,
    49,
    50,
    51,
    55,
    60,
    61,
    62,
    63,
    64,
    66,
    68,
    71,
    72,
    73,
    75,
    77,
    80,
    81,
    83,
    84,
    89,
    90,
    91,
    93,
    94,
    95,
    96,
    97,
    98,
    100,
    103,
    104,
    105,
    108,
    109,
    110,
    111,
    112,
    113,
    115,
    116,
    117,
    118,
    126,
    127,
    129,
    130,
    132,
    133,
    135,
    136,
    137,
    138,
    139,
    140,
    141,
    142,
    143,
    146,
    147,
    148,
    150,
    153,
    154,
    155,
    159,
    160,
    161,
    162,
    165,
    167,
    168,
    169,
    171,
    172,
    173,
    174,
    176,
    177,
    178,
    179,
    181,
    182,
    183,
    184,
    185,
    190,
    192,
    193,
    196,
    197,
    199
  ],
  "correct_rate": 62.5,
  "negative_samples_avg_ppl": 0.7123135013953039,
  "positive_samples_avg_ppl": 0.632465286799407
}