{
  "correct_idxs": [
    0,
    3,
    5,
    10,
    11,
    13,
    16,
    21,
    22,
    26,
    30,
    31,
    34,
    36,
    37,
    40,
    44,
    47,
    48,
    50,
    51,
    52,
    54,
    56,
    58,
    59,
    60,
    64,
    65,
    67,
    69,
    70,
    72,
    73,
    74,
    77,
    79,
    81,
    83,
    85,
    89,
    90,
    94,
    95,
    96,
    97,
    100,
    101,
    103,
    106,
    108,
    109,
    111,
    113,
    115,
    116,
    117,
    119,
    120,
    121,
    123,
    124,
    126,
    130,
    133,
    134,
    135,
    136,
    138,
    140,
    141,
    148,
    149,
    150,
    151,
    153,
    155,
    158,
    159,
    162,
    165,
    166,
    167,
    168,
    170,
    171,
    172,
    173,
    177,
    178,
    179,
    184,
    185,
    188,
    189,
    191,
    192,
    193,
    196,
    197,
    198
  ],
  "correct_rate": 50.5,
  "negative_samples_avg_ppl": 352.5234246876685,
  "positive_samples_avg_ppl": 370.16364737484827
}