{
  "correct_idxs": [
    0,
    1,
    2,
    3,
    9,
    14,
    16,
    20,
    26,
    27,
    28,
    31,
    33,
    34,
    36,
    37,
    39,
    41,
    42,
    43,
    45,
    51,
    52,
    53,
    54,
    58,
    62,
    63,
    64,
    65,
    69,
    71,
    75,
    77,
    80,
    85,
    88,
    90,
    96,
    97,
    101,
    104,
    105,
    107,
    109,
    113,
    115,
    118,
    120,
    122,
    123,
    124,
    125,
    126,
    130,
    132,
    134,
    136,
    139,
    140,
    141,
    142,
    143,
    145,
    146,
    149,
    150,
    152,
    155,
    157,
    159,
    161,
    162,
    164,
    165,
    166,
    169,
    173,
    175,
    177,
    178,
    179,
    181,
    182,
    186,
    188,
    189,
    190,
    192,
    193,
    194,
    196
  ],
  "correct_rate": 47.0,
  "negative_samples_avg_ppl": 5.026021245080779,
  "positive_samples_avg_ppl": 5.006168989516014
}