{
  "correct_idxs": [
    1,
    2,
    5,
    6,
    16,
    17,
    19,
    20,
    23,
    25,
    27,
    29,
    30,
    32,
    35,
    36,
    37,
    38,
    41,
    42,
    44,
    46,
    49,
    51,
    53,
    55,
    58,
    61,
    65,
    67,
    69,
    73,
    75,
    77,
    79,
    82,
    84,
    86,
    87,
    88,
    89,
    91,
    92,
    94,
    95,
    96,
    99,
    100,
    102,
    104,
    105,
    107,
    109,
    110,
    115,
    117,
    119,
    122,
    124,
    125,
    126,
    128,
    129,
    133,
    139,
    142,
    143,
    144,
    145,
    148,
    155,
    159,
    161,
    163,
    164,
    166,
    167,
    168,
    169,
    171,
    174,
    176,
    177,
    178,
    180,
    182,
    184,
    186,
    188,
    189,
    190,
    192,
    193,
    194,
    195,
    199
  ],
  "correct_rate": 48.0,
  "negative_samples_avg_ppl": 741.8018967326337,
  "positive_samples_avg_ppl": 796.095354895763
}