{
  "correct_idxs": [
    1,
    2,
    3,
    5,
    7,
    9,
    10,
    13,
    18,
    19,
    20,
    23,
    24,
    25,
    27,
    30,
    35,
    36,
    37,
    39,
    41,
    42,
    43,
    45,
    46,
    47,
    48,
    50,
    52,
    53,
    55,
    57,
    61,
    64,
    69,
    72,
    75,
    76,
    77,
    79,
    81,
    82,
    85,
    86,
    87,
    89,
    90,
    92,
    95,
    97,
    98,
    103,
    107,
    110,
    111,
    112,
    114,
    115,
    118,
    119,
    122,
    124,
    126,
    127,
    128,
    130,
    132,
    133,
    134,
    135,
    138,
    139,
    140,
    142,
    143,
    144,
    145,
    148,
    149,
    159,
    161,
    164,
    165,
    166,
    167,
    170,
    174,
    176,
    177,
    178,
    182,
    184,
    186,
    188,
    193,
    195,
    196,
    198
  ],
  "correct_rate": 49.0,
  "negative_samples_avg_ppl": 396.1660564970358,
  "positive_samples_avg_ppl": 401.53111777414824
}