{
  "correct_idxs": [
    1,
    2,
    3,
    4,
    5,
    10,
    11,
    12,
    13,
    15,
    16,
    18,
    22,
    24,
    25,
    28,
    33,
    34,
    35,
    36,
    37,
    39,
    44,
    45,
    46,
    47,
    48,
    49,
    52,
    54,
    57,
    59,
    61,
    62,
    63,
    64,
    65,
    68,
    69,
    70,
    71,
    76,
    77,
    78,
    79,
    81,
    83,
    85,
    86,
    87,
    88,
    89,
    90,
    91,
    93,
    96,
    97,
    99,
    101,
    103,
    104,
    108,
    109,
    110,
    111,
    112,
    113,
    114,
    116,
    121,
    122,
    123,
    124,
    126,
    128,
    129,
    131,
    133,
    136,
    140,
    141,
    142,
    144,
    149,
    153,
    155,
    156,
    157,
    159,
    163,
    164,
    166,
    167,
    168,
    169,
    170,
    173,
    177,
    178,
    183,
    184,
    185,
    187,
    188,
    191,
    192,
    193,
    195,
    199
  ],
  "correct_rate": 54.5,
  "negative_samples_avg_ppl": 278.6529811979623,
  "positive_samples_avg_ppl": 268.78700881807856
}