{
  "correct_idxs": [
    0,
    4,
    6,
    11,
    14,
    15,
    16,
    17,
    18,
    19,
    20,
    22,
    24,
    28,
    29,
    30,
    37,
    40,
    43,
    45,
    46,
    47,
    49,
    53,
    54,
    57,
    58,
    60,
    61,
    62,
    65,
    66,
    67,
    68,
    69,
    70,
    72,
    73,
    74,
    75,
    76,
    77,
    78,
    80,
    81,
    83,
    85,
    87,
    90,
    93,
    94,
    95,
    99,
    101,
    103,
    104,
    107,
    109,
    111,
    112,
    113,
    116,
    117,
    118,
    120,
    121,
    122,
    123,
    124,
    126,
    127,
    131,
    133,
    134,
    135,
    136,
    138,
    140,
    144,
    145,
    146,
    148,
    149,
    150,
    151,
    152,
    155,
    157,
    159,
    160,
    161,
    163,
    164,
    168,
    169,
    171,
    173,
    175,
    176,
    177,
    178,
    179,
    184,
    185,
    186,
    189,
    190,
    194,
    196,
    197,
    199
  ],
  "correct_rate": 55.75,
  "negative_samples_avg_ppl": 8.59278970680595,
  "positive_samples_avg_ppl": 6.9416468077864915
}