{
  "correct_idxs": [
    1,
    2,
    4,
    5,
    6,
    7,
    9,
    10,
    11,
    15,
    16,
    17,
    19,
    20,
    23,
    24,
    28,
    29,
    30,
    37,
    41,
    43,
    45,
    47,
    48,
    49,
    53,
    54,
    55,
    58,
    60,
    62,
    63,
    65,
    66,
    68,
    70,
    71,
    72,
    73,
    74,
    75,
    76,
    77,
    78,
    80,
    83,
    84,
    85,
    86,
    87,
    90,
    93,
    94,
    96,
    101,
    102,
    103,
    109,
    111,
    112,
    113,
    114,
    115,
    116,
    117,
    118,
    120,
    121,
    122,
    123,
    124,
    126,
    127,
    133,
    134,
    135,
    137,
    138,
    139,
    140,
    142,
    143,
    145,
    146,
    148,
    149,
    152,
    153,
    157,
    159,
    161,
    163,
    168,
    169,
    171,
    173,
    177,
    179,
    182,
    184,
    189,
    190,
    191,
    194,
    196,
    199
  ],
  "correct_rate": 53.75,
  "negative_samples_avg_ppl": 8.280779853721697,
  "positive_samples_avg_ppl": 6.9416468077864915
}