{
  "correct_idxs": [
    0,
    1,
    4,
    5,
    8,
    9,
    11,
    12,
    13,
    14,
    15,
    16,
    18,
    19,
    21,
    22,
    23,
    26,
    27,
    28,
    29,
    32,
    33,
    34,
    35,
    36,
    38,
    39,
    40,
    41,
    43,
    45,
    46,
    48,
    49,
    54,
    56,
    57,
    58,
    60,
    62,
    63,
    65,
    66,
    67,
    68,
    69,
    71,
    72,
    73,
    74,
    75,
    76,
    77,
    79,
    80,
    81,
    82,
    83,
    86,
    88,
    89,
    90,
    91,
    92,
    94,
    95,
    97,
    98,
    100,
    102,
    103,
    104,
    106,
    108,
    109,
    110,
    111,
    113,
    114,
    115,
    120,
    121,
    122,
    124,
    128,
    129,
    130,
    131,
    132,
    133,
    134,
    135,
    136,
    139,
    141,
    143,
    144,
    145,
    146,
    147,
    148,
    149,
    150,
    151,
    152,
    155,
    157,
    158,
    159,
    160,
    162,
    164,
    165,
    166,
    169,
    170,
    171,
    172,
    173,
    174,
    176,
    180,
    182,
    183,
    184,
    185,
    187,
    193,
    194,
    195,
    196,
    197,
    198,
    199
  ],
  "correct_rate": 67.5,
  "negative_samples_avg_ppl": 321.61632528098346,
  "positive_samples_avg_ppl": 139.9140237838846
}