{
  "correct_idxs": [
    0,
    1,
    3,
    6,
    7,
    8,
    11,
    12,
    13,
    15,
    16,
    17,
    18,
    19,
    20,
    28,
    29,
    30,
    34,
    35,
    37,
    39,
    40,
    43,
    48,
    52,
    53,
    54,
    57,
    58,
    59,
    61,
    62,
    63,
    65,
    67,
    71,
    75,
    76,
    79,
    80,
    81,
    83,
    84,
    85,
    86,
    87,
    90,
    91,
    92,
    93,
    94,
    97,
    98,
    99,
    102,
    108,
    112,
    113,
    115,
    117,
    119,
    123,
    127,
    128,
    129,
    130,
    132,
    133,
    134,
    135,
    138,
    139,
    145,
    146,
    147,
    151,
    152,
    153,
    154,
    155,
    156,
    157,
    159,
    166,
    167,
    168,
    170,
    172,
    173,
    174,
    177,
    180,
    181,
    182,
    185,
    188,
    189,
    190,
    195,
    196,
    197
  ],
  "correct_rate": 51.0,
  "negative_samples_avg_ppl": 1.032892243594796,
  "positive_samples_avg_ppl": 1.033297602670118
}