{
  "correct_idxs": [
    0,
    3,
    6,
    7,
    8,
    12,
    15,
    16,
    17,
    18,
    19,
    20,
    21,
    23,
    25,
    27,
    28,
    29,
    31,
    32,
    34,
    37,
    39,
    40,
    44,
    45,
    47,
    48,
    49,
    50,
    51,
    52,
    53,
    54,
    55,
    56,
    57,
    58,
    59,
    60,
    61,
    62,
    63,
    64,
    66,
    68,
    69,
    71,
    72,
    74,
    80,
    81,
    85,
    86,
    87,
    89,
    90,
    93,
    94,
    96,
    98,
    99,
    100,
    102,
    103,
    104,
    105,
    107,
    108,
    109,
    110,
    111,
    113,
    114,
    116,
    117,
    118,
    119,
    120,
    125,
    126,
    129,
    130,
    132,
    133,
    135,
    140,
    141,
    142,
    143,
    144,
    145,
    146,
    147,
    150,
    151,
    152,
    154,
    156,
    157,
    158,
    159,
    160,
    161,
    164,
    167,
    168,
    170,
    171,
    176,
    181,
    182,
    183,
    185,
    186,
    187,
    189,
    191,
    192,
    193,
    194,
    195,
    196
  ],
  "correct_rate": 61.5,
  "negative_samples_avg_ppl": 45.19187786647856,
  "positive_samples_avg_ppl": 30.25986435109283
}