{
  "correct_idxs": [
    1,
    2,
    3,
    4,
    8,
    9,
    11,
    12,
    13,
    14,
    19,
    20,
    21,
    22,
    23,
    25,
    26,
    28,
    29,
    32,
    34,
    35,
    37,
    38,
    39,
    42,
    43,
    45,
    47,
    49,
    50,
    53,
    54,
    55,
    56,
    59,
    61,
    62,
    66,
    67,
    70,
    72,
    74,
    75,
    76,
    82,
    83,
    87,
    88,
    89,
    90,
    93,
    94,
    96,
    97,
    98,
    99,
    100,
    101,
    102,
    106,
    108,
    111,
    113,
    114,
    117,
    120,
    121,
    122,
    125,
    126,
    129,
    131,
    133,
    139,
    142,
    148,
    149,
    150,
    151,
    152,
    153,
    154,
    157,
    158,
    162,
    166,
    167,
    173,
    176,
    177,
    179,
    182,
    183,
    184,
    188,
    189,
    190,
    191,
    194
  ],
  "correct_rate": 50.0,
  "negative_samples_avg_ppl": 0.6912018995971952,
  "positive_samples_avg_ppl": 0.6898208333682072
}