{
  "correct_idxs": [
    0,
    3,
    4,
    5,
    6,
    8,
    9,
    11,
    13,
    16,
    17,
    20,
    22,
    24,
    25,
    26,
    27,
    28,
    29,
    30,
    31,
    33,
    34,
    35,
    36,
    37,
    39,
    40,
    41,
    43,
    44,
    46,
    48,
    49,
    52,
    54,
    55,
    56,
    59,
    60,
    62,
    63,
    64,
    65,
    68,
    70,
    74,
    75,
    76,
    77,
    79,
    85,
    87,
    88,
    90,
    91,
    92,
    93,
    94,
    95,
    96,
    97,
    98,
    99,
    100,
    101,
    102,
    103,
    105,
    106,
    107,
    108,
    110,
    111,
    112,
    113,
    114,
    115,
    116,
    117,
    120,
    121,
    122,
    123,
    124,
    126,
    127,
    129,
    130,
    131,
    134,
    140,
    141,
    142,
    143,
    144,
    145,
    146,
    149,
    150,
    151,
    152,
    154,
    155,
    157,
    161,
    163,
    164,
    165,
    166,
    168,
    169,
    173,
    174,
    175,
    177,
    180,
    181,
    183,
    184,
    186,
    187,
    191,
    192,
    196,
    197,
    198,
    199
  ],
  "correct_rate": 64.0,
  "negative_samples_avg_ppl": 705.1662091707816,
  "positive_samples_avg_ppl": 455.7658708786425
}