{
  "correct_idxs": [
    0,
    1,
    3,
    5,
    6,
    7,
    8,
    9,
    10,
    11,
    12,
    14,
    15,
    16,
    20,
    21,
    22,
    23,
    26,
    27,
    28,
    29,
    31,
    32,
    35,
    36,
    38,
    39,
    40,
    42,
    44,
    46,
    48,
    49,
    51,
    53,
    54,
    57,
    59,
    62,
    64,
    67,
    69,
    70,
    72,
    73,
    74,
    75,
    77,
    80,
    81,
    82,
    83,
    84,
    85,
    86,
    87,
    92,
    93,
    94,
    95,
    96,
    97,
    98,
    99,
    101,
    102,
    103,
    104,
    105,
    106,
    107,
    111,
    113,
    114,
    115,
    116,
    118,
    120,
    122,
    126,
    127,
    128,
    129,
    130,
    131,
    132,
    133,
    137,
    138,
    140,
    141,
    143,
    147,
    148,
    149,
    154,
    155,
    157,
    158,
    159,
    160,
    161,
    165,
    166,
    167,
    168,
    169,
    172,
    174,
    175,
    177,
    178,
    179,
    182,
    185,
    186,
    188,
    189,
    191,
    194,
    196,
    197
  ],
  "correct_rate": 61.5,
  "negative_samples_avg_ppl": 128.9837224728428,
  "positive_samples_avg_ppl": 108.99100764414133
}