{
  "correct_idxs": [
    1,
    2,
    4,
    6,
    7,
    13,
    14,
    16,
    20,
    23,
    25,
    26,
    29,
    30,
    32,
    35,
    36,
    38,
    39,
    40,
    41,
    42,
    44,
    45,
    49,
    50,
    53,
    55,
    56,
    58,
    60,
    61,
    62,
    65,
    67,
    69,
    70,
    71,
    76,
    77,
    79,
    81,
    82,
    83,
    84,
    85,
    86,
    87,
    88,
    91,
    93,
    94,
    95,
    98,
    99,
    102,
    104,
    106,
    108,
    109,
    110,
    112,
    113,
    117,
    119,
    122,
    124,
    125,
    126,
    127,
    130,
    131,
    133,
    138,
    139,
    141,
    144,
    145,
    148,
    151,
    154,
    156,
    160,
    161,
    164,
    166,
    168,
    171,
    175,
    176,
    177,
    180,
    182,
    184,
    186,
    189,
    190,
    192,
    193,
    194,
    195,
    197,
    199
  ],
  "correct_rate": 51.5,
  "negative_samples_avg_ppl": 614.4852652349449,
  "positive_samples_avg_ppl": 620.9967897749461
}