{
  "correct_idxs": [
    0,
    1,
    2,
    3,
    4,
    5,
    6,
    8,
    10,
    11,
    12,
    13,
    14,
    15,
    16,
    18,
    19,
    21,
    22,
    23,
    27,
    28,
    29,
    31,
    32,
    33,
    34,
    35,
    36,
    37,
    38,
    39,
    41,
    42,
    43,
    44,
    45,
    46,
    47,
    48,
    49,
    50,
    51,
    52,
    54,
    55,
    56,
    58,
    59,
    60,
    63,
    64,
    65,
    67,
    68,
    69,
    70,
    72,
    73,
    76,
    77,
    78,
    79,
    80,
    82,
    84,
    85,
    86,
    87,
    89,
    90,
    91,
    92,
    93,
    94,
    95,
    96,
    97,
    98,
    99,
    102,
    103,
    104,
    105,
    106,
    108,
    109,
    110,
    111,
    112,
    113,
    115,
    117,
    118,
    120,
    121,
    123,
    125,
    126,
    128,
    129,
    130,
    131,
    132,
    133,
    136,
    137,
    138,
    139,
    140,
    142,
    143,
    144,
    146,
    147,
    148,
    149,
    150,
    152,
    153,
    154,
    155,
    156,
    157,
    159,
    160,
    161,
    162,
    163,
    164,
    165,
    166,
    167,
    168,
    169,
    170,
    171,
    172,
    173,
    174,
    175,
    176,
    177,
    178,
    179,
    180,
    181,
    182,
    183,
    185,
    186,
    187,
    188,
    189,
    190,
    191,
    192,
    193,
    194,
    195,
    196,
    198,
    199
  ],
  "correct_rate": 81.5,
  "negative_samples_avg_ppl": 48.9768221999763,
  "positive_samples_avg_ppl": 25.26539523745499
}