{
  "correct_idxs": [
    3,
    5,
    6,
    7,
    8,
    9,
    11,
    12,
    16,
    17,
    18,
    20,
    21,
    23,
    24,
    25,
    27,
    29,
    30,
    31,
    32,
    34,
    35,
    37,
    39,
    40,
    42,
    44,
    45,
    47,
    48,
    49,
    50,
    51,
    52,
    53,
    54,
    55,
    56,
    57,
    58,
    59,
    61,
    62,
    64,
    65,
    66,
    67,
    68,
    69,
    71,
    72,
    73,
    74,
    75,
    76,
    78,
    80,
    81,
    83,
    84,
    85,
    87,
    89,
    90,
    91,
    92,
    93,
    94,
    96,
    97,
    98,
    99,
    100,
    102,
    103,
    104,
    105,
    109,
    110,
    111,
    113,
    114,
    115,
    116,
    117,
    118,
    119,
    120,
    121,
    125,
    126,
    128,
    129,
    130,
    131,
    132,
    133,
    135,
    137,
    138,
    139,
    140,
    141,
    142,
    143,
    145,
    146,
    147,
    148,
    150,
    151,
    152,
    153,
    154,
    155,
    156,
    157,
    158,
    159,
    160,
    161,
    162,
    163,
    164,
    166,
    167,
    168,
    171,
    172,
    174,
    177,
    181,
    182,
    183,
    185,
    186,
    187,
    188,
    189,
    190,
    191,
    192,
    193,
    194,
    195,
    196,
    197
  ],
  "correct_rate": 74.0,
  "negative_samples_avg_ppl": 15.919518555843238,
  "positive_samples_avg_ppl": 7.847217167368297
}