{
  "correct_idxs": [
    1,
    2,
    3,
    4,
    5,
    6,
    8,
    9,
    10,
    11,
    12,
    17,
    18,
    19,
    21,
    28,
    34,
    35,
    36,
    37,
    39,
    40,
    41,
    43,
    44,
    46,
    51,
    53,
    56,
    57,
    58,
    60,
    62,
    63,
    65,
    66,
    67,
    69,
    70,
    71,
    72,
    75,
    76,
    77,
    79,
    84,
    86,
    87,
    89,
    90,
    93,
    94,
    96,
    97,
    98,
    99,
    101,
    102,
    103,
    104,
    105,
    108,
    110,
    112,
    114,
    115,
    116,
    121,
    122,
    123,
    126,
    130,
    131,
    132,
    134,
    135,
    137,
    141,
    146,
    150,
    151,
    153,
    154,
    156,
    157,
    163,
    164,
    165,
    167,
    170,
    177,
    179,
    182,
    183,
    184,
    186,
    191,
    192,
    197,
    199
  ],
  "correct_rate": 50.0,
  "negative_samples_avg_ppl": 279.06291708115765,
  "positive_samples_avg_ppl": 284.09106427348866
}