{
  "correct_idxs": [
    0,
    1,
    2,
    3,
    5,
    6,
    8,
    10,
    11,
    18,
    19,
    21,
    27,
    28,
    35,
    37,
    39,
    41,
    42,
    43,
    44,
    46,
    51,
    53,
    56,
    57,
    58,
    60,
    62,
    63,
    66,
    67,
    69,
    70,
    71,
    74,
    75,
    76,
    77,
    79,
    83,
    85,
    86,
    89,
    90,
    93,
    96,
    97,
    98,
    99,
    101,
    104,
    105,
    110,
    111,
    112,
    114,
    116,
    122,
    126,
    130,
    131,
    132,
    134,
    135,
    137,
    141,
    142,
    145,
    146,
    150,
    151,
    153,
    154,
    157,
    158,
    161,
    163,
    164,
    165,
    168,
    170,
    173,
    177,
    178,
    181,
    183,
    184,
    186,
    187,
    188,
    190,
    191,
    192,
    194,
    197,
    199
  ],
  "correct_rate": 48.5,
  "negative_samples_avg_ppl": 257.2955538324374,
  "positive_samples_avg_ppl": 284.09106427348866
}