{
  "correct_idxs": [],
  "correct_rate": 0.0,
  "negative_samples_avg_ppl": 3.248900375761348,
  "positive_samples_avg_ppl": 3.248900375761348
}