{
  "correct_idxs": [
    1,
    4,
    6,
    7,
    13,
    14,
    16,
    19,
    21,
    22,
    23,
    26,
    27,
    30,
    32,
    33,
    35,
    36,
    40,
    41,
    44,
    45,
    46,
    47,
    49,
    50,
    53,
    55,
    56,
    58,
    59,
    60,
    63,
    65,
    67,
    70,
    71,
    73,
    76,
    77,
    78,
    79,
    80,
    82,
    85,
    86,
    87,
    89,
    90,
    91,
    92,
    94,
    96,
    98,
    99,
    100,
    101,
    104,
    106,
    108,
    109,
    110,
    112,
    113,
    114,
    115,
    117,
    119,
    120,
    124,
    126,
    127,
    129,
    130,
    133,
    136,
    138,
    139,
    144,
    145,
    149,
    151,
    154,
    156,
    161,
    162,
    163,
    166,
    171,
    177,
    178,
    180,
    181,
    182,
    184,
    186,
    190,
    192,
    194,
    197,
    198,
    199
  ],
  "correct_rate": 51.0,
  "negative_samples_avg_ppl": 8446.961588670913,
  "positive_samples_avg_ppl": 7851.32192606746
}