{
  "correct_idxs": [
    0,
    5,
    6,
    8,
    9,
    10,
    11,
    13,
    14,
    15,
    16,
    17,
    18,
    19,
    20,
    21,
    22,
    23,
    24,
    25,
    26,
    27,
    28,
    29,
    30,
    31,
    32,
    33,
    34,
    35,
    36,
    37,
    38,
    39,
    40,
    43,
    44,
    45,
    46,
    50,
    52,
    53,
    57,
    59,
    60,
    62,
    63,
    65,
    66,
    67,
    68,
    69,
    70,
    71,
    72,
    73,
    75,
    76,
    77,
    80,
    81,
    82,
    83,
    86,
    87,
    88,
    89,
    90,
    91,
    92,
    94,
    95,
    97,
    98,
    100,
    102,
    103,
    104,
    107,
    108,
    110,
    111,
    113,
    114,
    115,
    116,
    117,
    120,
    121,
    122,
    123,
    128,
    129,
    130,
    131,
    132,
    134,
    135,
    136,
    139,
    141,
    143,
    144,
    145,
    146,
    148,
    149,
    150,
    152,
    153,
    155,
    157,
    158,
    159,
    160,
    161,
    162,
    163,
    164,
    165,
    166,
    167,
    169,
    170,
    171,
    172,
    173,
    174,
    175,
    176,
    177,
    178,
    180,
    181,
    182,
    183,
    184,
    185,
    187,
    188,
    189,
    192,
    194,
    195,
    197,
    198,
    199
  ],
  "correct_rate": 73.5,
  "negative_samples_avg_ppl": 0.022769309625970634,
  "positive_samples_avg_ppl": 0.017114336831746017
}