{
  "correct_idxs": [
    2,
    4,
    5,
    6,
    8,
    9,
    10,
    11,
    12,
    13,
    17,
    18,
    19,
    21,
    27,
    28,
    29,
    33,
    34,
    35,
    36,
    37,
    39,
    40,
    41,
    42,
    43,
    44,
    50,
    51,
    53,
    54,
    56,
    57,
    58,
    60,
    62,
    65,
    66,
    70,
    71,
    74,
    75,
    77,
    79,
    83,
    84,
    85,
    87,
    89,
    90,
    92,
    93,
    96,
    97,
    101,
    103,
    104,
    105,
    108,
    109,
    110,
    112,
    114,
    115,
    116,
    123,
    125,
    126,
    128,
    131,
    132,
    134,
    137,
    141,
    143,
    145,
    146,
    148,
    150,
    153,
    154,
    156,
    157,
    158,
    160,
    163,
    164,
    165,
    167,
    169,
    170,
    177,
    179,
    181,
    182,
    183,
    186,
    190,
    191,
    197,
    199
  ],
  "correct_rate": 51.0,
  "negative_samples_avg_ppl": 313.78135084952805,
  "positive_samples_avg_ppl": 288.67157380505625
}