{
  "correct_idxs": [
    0,
    1,
    2,
    3,
    4,
    5,
    7,
    8,
    12,
    16,
    19,
    21,
    22,
    23,
    25,
    26,
    27,
    28,
    29,
    32,
    33,
    34,
    37,
    39,
    40,
    41,
    42,
    45,
    46,
    47,
    48,
    50,
    51,
    53,
    54,
    57,
    58,
    59,
    60,
    62,
    64,
    65,
    70,
    71,
    72,
    73,
    74,
    75,
    77,
    79,
    80,
    82,
    84,
    95,
    96,
    98,
    101,
    102,
    103,
    104,
    106,
    108,
    109,
    112,
    118,
    125,
    128,
    130,
    131,
    132,
    134,
    135,
    136,
    137,
    138,
    139,
    140,
    142,
    143,
    144,
    145,
    146,
    147,
    148,
    149,
    150,
    153,
    155,
    157,
    158,
    159,
    167,
    169,
    170,
    171,
    173,
    174,
    175,
    176,
    180,
    181,
    182,
    185,
    186,
    187,
    188,
    189,
    193,
    194,
    195,
    196,
    197,
    198
  ],
  "correct_rate": 56.5,
  "negative_samples_avg_ppl": 8.688772287633782,
  "positive_samples_avg_ppl": 6.675800469510741
}