{
  "correct_idxs": [
    1,
    8,
    10,
    12,
    17,
    18,
    20,
    21,
    22,
    23,
    24,
    25,
    26,
    27,
    29,
    32,
    34,
    36,
    37,
    40,
    41,
    42,
    43,
    44,
    45,
    46,
    47,
    48,
    50,
    51,
    52,
    53,
    54,
    55,
    57,
    58,
    60,
    63,
    64,
    65,
    67,
    69,
    70,
    71,
    76,
    77,
    78,
    79,
    80,
    82,
    83,
    84,
    85,
    87,
    88,
    91,
    92,
    93,
    97,
    100,
    101,
    105,
    106,
    107,
    109,
    113,
    117,
    119,
    120,
    123,
    134,
    136,
    141,
    142,
    145,
    148,
    151,
    152,
    153,
    154,
    156,
    158,
    163,
    164,
    166,
    168,
    170,
    171,
    172,
    174,
    176,
    177,
    179,
    180,
    181,
    182,
    183,
    186,
    187,
    189,
    193,
    197,
    199
  ],
  "correct_rate": 51.5,
  "negative_samples_avg_ppl": 76.40485136793163,
  "positive_samples_avg_ppl": 74.70287201688822
}