{
  "correct_idxs": [
    0,
    1,
    2,
    4,
    5,
    6,
    9,
    10,
    11,
    14,
    15,
    16,
    17,
    18,
    21,
    24,
    27,
    28,
    34,
    36,
    40,
    41,
    42,
    43,
    45,
    47,
    48,
    50,
    51,
    52,
    55,
    56,
    58,
    59,
    63,
    66,
    67,
    72,
    73,
    74,
    75,
    76,
    80,
    81,
    82,
    85,
    86,
    88,
    89,
    92,
    93,
    94,
    95,
    96,
    97,
    99,
    102,
    103,
    104,
    108,
    109,
    112,
    114,
    115,
    116,
    117,
    119,
    120,
    121,
    124,
    128,
    131,
    134,
    135,
    137,
    138,
    140,
    141,
    142,
    144,
    149,
    150,
    153,
    154,
    156,
    157,
    159,
    163,
    164,
    165,
    166,
    168,
    169,
    171,
    172,
    173,
    174,
    175,
    176,
    177,
    178,
    180,
    181,
    182,
    183,
    188,
    190,
    193,
    194,
    196,
    198,
    199
  ],
  "correct_rate": 56.0,
  "negative_samples_avg_ppl": 86.21262566042174,
  "positive_samples_avg_ppl": 70.68077231389007
}