{
  "correct_idxs": [
    0,
    3,
    7,
    8,
    12,
    16,
    18,
    20,
    21,
    23,
    24,
    25,
    27,
    29,
    30,
    32,
    34,
    37,
    39,
    40,
    44,
    45,
    47,
    48,
    49,
    50,
    51,
    52,
    53,
    54,
    55,
    56,
    57,
    58,
    59,
    60,
    61,
    63,
    64,
    66,
    67,
    68,
    69,
    71,
    72,
    74,
    80,
    81,
    85,
    86,
    87,
    89,
    90,
    92,
    93,
    94,
    96,
    98,
    99,
    100,
    102,
    103,
    104,
    105,
    106,
    108,
    109,
    110,
    111,
    113,
    114,
    116,
    117,
    118,
    119,
    120,
    121,
    129,
    130,
    132,
    133,
    142,
    143,
    144,
    145,
    147,
    151,
    154,
    157,
    159,
    160,
    161,
    164,
    167,
    168,
    171,
    172,
    176,
    181,
    182,
    183,
    184,
    185,
    186,
    187,
    188,
    189,
    193,
    194,
    195,
    196
  ],
  "correct_rate": 55.5,
  "negative_samples_avg_ppl": 18.80700886544365,
  "positive_samples_avg_ppl": 14.106383510134236
}