{
  "correct_idxs": [
    0,
    3,
    4,
    5,
    6,
    7,
    8,
    9,
    11,
    12,
    14,
    15,
    17,
    21,
    23,
    28,
    31,
    34,
    35,
    36,
    37,
    38,
    40,
    41,
    42,
    46,
    49,
    50,
    51,
    52,
    54,
    55,
    57,
    60,
    62,
    64,
    65,
    66,
    68,
    69,
    70,
    73,
    74,
    81,
    82,
    83,
    84,
    87,
    90,
    91,
    92,
    94,
    95,
    96,
    99,
    100,
    102,
    103,
    106,
    108,
    109,
    110,
    112,
    113,
    115,
    119,
    121,
    122,
    124,
    125,
    128,
    131,
    132,
    133,
    135,
    137,
    139,
    140,
    142,
    143,
    145,
    146,
    148,
    149,
    151,
    152,
    154,
    155,
    158,
    161,
    163,
    167,
    169,
    170,
    172,
    174,
    175,
    176,
    177,
    179,
    180,
    181,
    185,
    186,
    189,
    191,
    192,
    193,
    196,
    197,
    198,
    199
  ],
  "correct_rate": 56.0,
  "negative_samples_avg_ppl": 0.738667268293232,
  "positive_samples_avg_ppl": 0.714195882613666
}