{
  "correct_idxs": [
    1,
    2,
    3,
    5,
    7,
    8,
    9,
    10,
    11,
    12,
    13,
    16,
    17,
    18,
    21,
    22,
    25,
    28,
    29,
    30,
    31,
    32,
    34,
    35,
    36,
    37,
    39,
    42,
    43,
    45,
    48,
    50,
    55,
    56,
    57,
    61,
    63,
    66,
    67,
    68,
    69,
    70,
    71,
    83,
    85,
    87,
    89,
    91,
    92,
    94,
    95,
    98,
    101,
    102,
    107,
    108,
    109,
    116,
    117,
    118,
    125,
    128,
    133,
    135,
    136,
    137,
    138,
    139,
    140,
    141,
    143,
    145,
    148,
    150,
    151,
    153,
    154,
    155,
    156,
    158,
    159,
    163,
    166,
    167,
    168,
    170,
    172,
    173,
    174,
    175,
    176,
    177,
    178,
    179,
    180,
    181,
    183,
    184,
    185,
    186,
    187,
    189,
    192,
    197,
    199
  ],
  "correct_rate": 54.5,
  "negative_samples_avg_ppl": 1.7150438855819088,
  "positive_samples_avg_ppl": 1.7550298141398484
}