{
  "correct_idxs": [
    1,
    2,
    3,
    7,
    8,
    10,
    11,
    12,
    13,
    16,
    17,
    18,
    21,
    28,
    29,
    30,
    31,
    32,
    34,
    35,
    37,
    39,
    42,
    43,
    45,
    47,
    48,
    49,
    50,
    55,
    57,
    61,
    63,
    66,
    67,
    68,
    69,
    70,
    73,
    83,
    85,
    86,
    87,
    89,
    90,
    92,
    94,
    95,
    98,
    101,
    107,
    108,
    113,
    114,
    116,
    117,
    125,
    128,
    133,
    135,
    137,
    139,
    140,
    141,
    143,
    145,
    148,
    150,
    151,
    154,
    155,
    156,
    158,
    159,
    163,
    166,
    167,
    168,
    170,
    172,
    173,
    174,
    175,
    176,
    177,
    178,
    179,
    180,
    181,
    182,
    184,
    185,
    186,
    187,
    189,
    192,
    197,
    199
  ],
  "correct_rate": 51.0,
  "negative_samples_avg_ppl": 331.97080729539454,
  "positive_samples_avg_ppl": 369.9480176949001
}