{
  "correct_idxs": [
    1,
    2,
    3,
    6,
    7,
    8,
    9,
    11,
    12,
    13,
    14,
    15,
    19,
    20,
    21,
    22,
    24,
    25,
    26,
    27,
    28,
    29,
    30,
    31,
    32,
    34,
    35,
    36,
    37,
    38,
    39,
    40,
    41,
    42,
    44,
    46,
    48,
    51,
    52,
    53,
    54,
    55,
    57,
    59,
    60,
    61,
    63,
    64,
    65,
    66,
    67,
    69,
    70,
    73,
    76,
    77,
    78,
    79,
    80,
    81,
    82,
    83,
    84,
    85,
    86,
    87,
    90,
    91,
    92,
    93,
    94,
    95,
    96,
    97,
    98,
    99,
    100,
    101,
    103,
    104,
    105,
    106,
    107,
    113,
    115,
    116,
    118,
    120,
    121,
    122,
    123,
    124,
    126,
    127,
    128,
    129,
    130,
    131,
    132,
    133,
    135,
    136,
    137,
    138,
    139,
    140,
    141,
    142,
    143,
    144,
    145,
    146,
    147,
    148,
    149,
    150,
    152,
    153,
    154,
    155,
    156,
    157,
    158,
    159,
    160,
    161,
    162,
    164,
    165,
    166,
    167,
    168,
    169,
    170,
    171,
    172,
    173,
    174,
    175,
    177,
    178,
    179,
    182,
    184,
    185,
    186,
    188,
    189,
    190,
    192,
    193,
    194,
    195,
    197,
    198,
    199
  ],
  "correct_rate": 78.0,
  "negative_samples_avg_ppl": 1.255170765381066,
  "positive_samples_avg_ppl": 0.9126017725244887
}