{
  "correct_idxs": [
    4,
    5,
    8,
    13,
    14,
    16,
    17,
    22,
    23,
    24,
    26,
    27,
    30,
    32,
    35,
    36,
    38,
    39,
    40,
    41,
    45,
    47,
    50,
    52,
    54,
    57,
    61,
    62,
    64,
    65,
    68,
    69,
    70,
    76,
    77,
    79,
    80,
    81,
    85,
    86,
    87,
    89,
    90,
    91,
    92,
    94,
    96,
    97,
    98,
    99,
    103,
    104,
    106,
    108,
    110,
    119,
    120,
    124,
    126,
    128,
    130,
    132,
    133,
    136,
    138,
    139,
    142,
    144,
    149,
    151,
    153,
    154,
    159,
    160,
    162,
    163,
    164,
    165,
    168,
    173,
    174,
    175,
    181,
    183,
    184,
    186,
    187,
    190,
    197,
    198,
    199
  ],
  "correct_rate": 45.5,
  "negative_samples_avg_ppl": 86.58737191303305,
  "positive_samples_avg_ppl": 94.73306180578435
}