{
  "correct_idxs": [
    0,
    2,
    4,
    6,
    8,
    11,
    12,
    20,
    21,
    22,
    24,
    25,
    26,
    27,
    28,
    29,
    30,
    31,
    32,
    33,
    34,
    35,
    36,
    38,
    39,
    40,
    41,
    42,
    43,
    44,
    46,
    48,
    49,
    54,
    56,
    58,
    59,
    60,
    61,
    64,
    66,
    70,
    73,
    74,
    76,
    77,
    79,
    81,
    82,
    83,
    88,
    90,
    92,
    93,
    94,
    95,
    96,
    97,
    99,
    100,
    101,
    102,
    103,
    106,
    107,
    108,
    109,
    110,
    112,
    113,
    114,
    115,
    117,
    118,
    119,
    122,
    123,
    124,
    126,
    127,
    131,
    132,
    133,
    134,
    135,
    138,
    140,
    141,
    142,
    143,
    145,
    146,
    148,
    150,
    152,
    155,
    157,
    161,
    163,
    165,
    167,
    169,
    170,
    172,
    173,
    175,
    177,
    180,
    181,
    182,
    184,
    185,
    186,
    192,
    193,
    196,
    197,
    198,
    199
  ],
  "correct_rate": 59.5,
  "negative_samples_avg_ppl": 48.842007487245674,
  "positive_samples_avg_ppl": 33.99243553931058
}