{
  "correct_idxs": [
    1,
    5,
    6,
    8,
    9,
    13,
    14,
    17,
    19,
    23,
    25,
    26,
    28,
    29,
    30,
    31,
    33,
    34,
    39,
    42,
    44,
    45,
    47,
    48,
    50,
    52,
    53,
    57,
    58,
    59,
    61,
    62,
    64,
    67,
    69,
    70,
    71,
    72,
    73,
    79,
    82,
    83,
    87,
    88,
    90,
    94,
    97,
    98,
    104,
    109,
    114,
    116,
    118,
    121,
    126,
    128,
    129,
    130,
    131,
    134,
    135,
    136,
    140,
    141,
    143,
    145,
    148,
    152,
    153,
    155,
    157,
    159,
    160,
    161,
    164,
    165,
    167,
    170,
    172,
    173,
    175,
    178,
    180,
    181,
    182,
    184,
    186,
    188,
    189,
    191,
    192,
    196,
    197
  ],
  "correct_rate": 46.5,
  "negative_samples_avg_ppl": 185.07290516061593,
  "positive_samples_avg_ppl": 190.95697105450972
}