{
  "correct_idxs": [
    1,
    5,
    8,
    9,
    12,
    13,
    15,
    18,
    19,
    20,
    21,
    23,
    25,
    27,
    28,
    29,
    30,
    32,
    33,
    34,
    37,
    38,
    39,
    41,
    44,
    48,
    50,
    52,
    54,
    57,
    58,
    61,
    64,
    66,
    69,
    70,
    71,
    74,
    79,
    82,
    85,
    86,
    87,
    91,
    94,
    95,
    96,
    97,
    98,
    100,
    104,
    108,
    109,
    110,
    111,
    115,
    116,
    118,
    121,
    126,
    128,
    131,
    134,
    135,
    136,
    137,
    138,
    139,
    140,
    141,
    145,
    146,
    148,
    151,
    154,
    155,
    157,
    158,
    159,
    160,
    161,
    163,
    164,
    165,
    168,
    169,
    171,
    175,
    176,
    179,
    180,
    181,
    183,
    184,
    186,
    187,
    188,
    189,
    191,
    192,
    198,
    199
  ],
  "correct_rate": 52.577319587628864,
  "negative_samples_avg_ppl": 333.24736240450125,
  "positive_samples_avg_ppl": 321.33760276055347
}