{
  "correct_idxs": [
    8,
    9,
    12,
    15,
    21,
    23,
    25,
    27,
    29,
    30,
    32,
    33,
    34,
    37,
    38,
    41,
    42,
    44,
    50,
    51,
    57,
    58,
    61,
    69,
    74,
    82,
    85,
    87,
    95,
    96,
    97,
    98,
    100,
    104,
    110,
    115,
    116,
    121,
    126,
    131,
    139,
    141,
    145,
    148,
    151,
    155,
    157,
    160,
    169,
    176,
    177,
    180,
    181,
    183,
    187,
    188,
    189,
    191,
    192,
    199
  ],
  "correct_rate": 49.586776859504134,
  "negative_samples_avg_ppl": 251.36339441271915,
  "positive_samples_avg_ppl": 245.36271946257867
}