{
  "correct_idxs": [
    1,
    2,
    3,
    8,
    13,
    14,
    15,
    16,
    17,
    21,
    22,
    25,
    28,
    29,
    30,
    33,
    36,
    39,
    40,
    42,
    44,
    45,
    46,
    47,
    48,
    50,
    53,
    55,
    57,
    58,
    59,
    61,
    64,
    67,
    69,
    70,
    71,
    72,
    73,
    79,
    81,
    83,
    84,
    88,
    91,
    94,
    95,
    97,
    102,
    104,
    105,
    108,
    112,
    114,
    116,
    118,
    119,
    122,
    125,
    126,
    128,
    129,
    130,
    134,
    135,
    136,
    138,
    140,
    141,
    143,
    145,
    146,
    147,
    150,
    152,
    153,
    154,
    155,
    156,
    157,
    159,
    160,
    161,
    162,
    163,
    165,
    166,
    175,
    176,
    182,
    184,
    186,
    189,
    191,
    192,
    198,
    199
  ],
  "correct_rate": 48.5,
  "negative_samples_avg_ppl": 180.5396198967396,
  "positive_samples_avg_ppl": 184.2531564687678
}