{
  "correct_idxs": [
    0,
    1,
    2,
    4,
    6,
    9,
    12,
    13,
    14,
    15,
    16,
    20,
    21,
    22,
    23,
    26,
    32,
    34,
    35,
    37,
    38,
    39,
    43,
    45,
    46,
    47,
    49,
    51,
    52,
    55,
    56,
    57,
    59,
    60,
    65,
    66,
    67,
    70,
    72,
    73,
    74,
    75,
    76,
    80,
    81,
    82,
    84,
    88,
    92,
    96,
    97,
    98,
    100,
    101,
    102,
    105,
    106,
    107,
    109,
    110,
    111,
    117,
    119,
    120,
    121,
    122,
    125,
    127,
    130,
    132,
    133,
    137,
    141,
    142,
    145,
    146,
    152,
    153,
    156,
    158,
    160,
    166,
    168,
    171,
    172,
    175,
    177,
    178,
    181,
    183,
    185,
    189,
    193,
    194,
    195,
    196,
    199
  ],
  "correct_rate": 48.5,
  "negative_samples_avg_ppl": 95.36904403246587,
  "positive_samples_avg_ppl": 100.62162810351377
}