{
  "correct_idxs": [
    0,
    2,
    4,
    5,
    6,
    8,
    10,
    13,
    15,
    16,
    17,
    18,
    20,
    21,
    22,
    24,
    25,
    26,
    27,
    28,
    32,
    37,
    41,
    44,
    45,
    46,
    47,
    48,
    49,
    50,
    53,
    54,
    57,
    58,
    60,
    62,
    68,
    71,
    73,
    76,
    77,
    78,
    81,
    84,
    85,
    86,
    87,
    90,
    93,
    94,
    95,
    97,
    98,
    99,
    103,
    107,
    108,
    109,
    112,
    114,
    118,
    119,
    125,
    128,
    130,
    133,
    137,
    139,
    141,
    143,
    145,
    147,
    148,
    149,
    150,
    154,
    155,
    156,
    157,
    161,
    163,
    165,
    166,
    167,
    169,
    173,
    174,
    175,
    176,
    177,
    178,
    179,
    182,
    183,
    184,
    185,
    186,
    187,
    190,
    191,
    192,
    193,
    199
  ],
  "correct_rate": 51.5,
  "negative_samples_avg_ppl": 163.08169110443848,
  "positive_samples_avg_ppl": 146.50611748229528
}