{
  "correct_idxs": [
    0,
    4,
    8,
    11,
    13,
    17,
    20,
    22,
    24,
    25,
    26,
    27,
    28,
    29,
    30,
    31,
    33,
    34,
    35,
    36,
    37,
    39,
    40,
    42,
    43,
    46,
    48,
    49,
    52,
    53,
    54,
    55,
    57,
    59,
    60,
    61,
    62,
    63,
    64,
    65,
    66,
    68,
    69,
    70,
    73,
    76,
    77,
    79,
    80,
    81,
    82,
    84,
    85,
    86,
    87,
    88,
    90,
    91,
    93,
    94,
    95,
    97,
    98,
    99,
    100,
    101,
    102,
    103,
    105,
    107,
    108,
    111,
    114,
    115,
    116,
    117,
    118,
    120,
    121,
    122,
    123,
    124,
    126,
    127,
    128,
    129,
    130,
    131,
    134,
    139,
    140,
    141,
    142,
    143,
    144,
    145,
    146,
    150,
    151,
    152,
    153,
    154,
    155,
    157,
    159,
    160,
    161,
    163,
    164,
    165,
    168,
    169,
    173,
    174,
    175,
    177,
    178,
    179,
    180,
    181,
    183,
    184,
    186,
    187,
    189,
    191,
    192,
    196,
    197,
    198,
    199
  ],
  "correct_rate": 65.5,
  "negative_samples_avg_ppl": 806.7948783915696,
  "positive_samples_avg_ppl": 496.1539648217665
}