{
  "correct_idxs": [
    1,
    3,
    4,
    7,
    9,
    10,
    13,
    15,
    17,
    18,
    20,
    21,
    22,
    23,
    25,
    26,
    28,
    29,
    30,
    32,
    35,
    36,
    37,
    38,
    39,
    40,
    41,
    44,
    45,
    46,
    47,
    51,
    54,
    56,
    57,
    58,
    61,
    62,
    64,
    65,
    66,
    68,
    69,
    71,
    72,
    73,
    75,
    77,
    80,
    81,
    83,
    84,
    87,
    88,
    90,
    93,
    94,
    95,
    96,
    97,
    98,
    99,
    100,
    101,
    104,
    109,
    110,
    113,
    115,
    116,
    117,
    118,
    124,
    128,
    129,
    131,
    133,
    135,
    136,
    137,
    138,
    139,
    140,
    143,
    146,
    147,
    150,
    151,
    152,
    153,
    154,
    155,
    157,
    158,
    160,
    161,
    162,
    164,
    166,
    167,
    168,
    169,
    171,
    172,
    175,
    176,
    177,
    179,
    180,
    182,
    183,
    184,
    185,
    186,
    187,
    188,
    189,
    190,
    191,
    192,
    193,
    194,
    196,
    197,
    198,
    199
  ],
  "correct_rate": 63.0,
  "negative_samples_avg_ppl": 56.374140707482134,
  "positive_samples_avg_ppl": 20.62795285936306
}