{
  "correct_idxs": [
    1,
    3,
    5,
    8,
    11,
    15,
    16,
    17,
    18,
    21,
    25,
    27,
    28,
    35,
    37,
    38,
    39,
    41,
    44,
    45,
    48,
    50,
    54,
    56,
    57,
    58,
    60,
    61,
    62,
    63,
    64,
    67,
    68,
    69,
    73,
    74,
    75,
    76,
    77,
    78,
    81,
    86,
    89,
    93,
    94,
    96,
    97,
    101,
    107,
    109,
    110,
    112,
    114,
    115,
    116,
    117,
    118,
    121,
    124,
    125,
    127,
    128,
    129,
    130,
    131,
    134,
    137,
    138,
    139,
    141,
    143,
    144,
    148,
    150,
    153,
    154,
    155,
    156,
    157,
    159,
    161,
    163,
    167,
    169,
    170,
    173,
    175,
    176,
    177,
    179,
    182,
    183,
    184,
    185,
    186,
    187,
    191,
    192,
    193,
    194,
    195,
    196,
    198
  ],
  "correct_rate": 51.5,
  "negative_samples_avg_ppl": 8.5061289953776,
  "positive_samples_avg_ppl": 8.152024126491442
}