{
  "correct_idxs": [
    1,
    4,
    6,
    7,
    13,
    14,
    16,
    17,
    19,
    21,
    22,
    23,
    24,
    26,
    27,
    29,
    30,
    32,
    35,
    36,
    37,
    40,
    41,
    44,
    45,
    46,
    49,
    50,
    51,
    53,
    55,
    56,
    58,
    63,
    64,
    65,
    67,
    70,
    71,
    73,
    76,
    77,
    79,
    81,
    82,
    85,
    86,
    89,
    90,
    91,
    92,
    97,
    98,
    99,
    100,
    101,
    103,
    104,
    106,
    108,
    109,
    110,
    112,
    113,
    114,
    115,
    117,
    119,
    120,
    122,
    123,
    124,
    126,
    128,
    130,
    138,
    139,
    143,
    144,
    149,
    151,
    153,
    154,
    156,
    159,
    161,
    163,
    166,
    171,
    173,
    175,
    177,
    180,
    186,
    187,
    190,
    192,
    194,
    197,
    199
  ],
  "correct_rate": 50.0,
  "negative_samples_avg_ppl": 1081.6152698882338,
  "positive_samples_avg_ppl": 1058.956484077923
}