{
  "correct_idxs": [
    0,
    1,
    2,
    5,
    7,
    8,
    9,
    10,
    11,
    12,
    14,
    15,
    16,
    17,
    18,
    19,
    20,
    22,
    25,
    27,
    28,
    29,
    31,
    32,
    34,
    35,
    37,
    39,
    40,
    41,
    44,
    46,
    47,
    49,
    52,
    53,
    58,
    61,
    62,
    65,
    66,
    68,
    71,
    80,
    82,
    83,
    89,
    92,
    93,
    94,
    95,
    98,
    100,
    103,
    104,
    105,
    106,
    107,
    108,
    109,
    112,
    114,
    116,
    121,
    123,
    125,
    127,
    128,
    132,
    133,
    134,
    136,
    142,
    143,
    144,
    145,
    146,
    147,
    151,
    156,
    157,
    158,
    160,
    161,
    164,
    165,
    166,
    167,
    168,
    169,
    173,
    175,
    176,
    179,
    180,
    181,
    182,
    184,
    186,
    188,
    190,
    191,
    193,
    199
  ],
  "correct_rate": 52.0,
  "negative_samples_avg_ppl": 36.46884866895376,
  "positive_samples_avg_ppl": 34.377339885350494
}