{
  "correct_idxs": [
    0,
    3,
    4,
    5,
    7,
    11,
    13,
    14,
    15,
    16,
    17,
    19,
    20,
    21,
    22,
    23,
    26,
    27,
    28,
    29,
    30,
    31,
    32,
    33,
    35,
    36,
    37,
    38,
    40,
    41,
    42,
    43,
    44,
    46,
    48,
    49,
    52,
    53,
    54,
    55,
    56,
    57,
    59,
    60,
    61,
    62,
    63,
    65,
    66,
    67,
    68,
    70,
    71,
    73,
    74,
    75,
    76,
    77,
    78,
    82,
    83,
    84,
    86,
    87,
    88,
    92,
    93,
    94,
    95,
    96,
    98,
    99,
    102,
    105,
    106,
    108,
    109,
    112,
    113,
    114,
    115,
    116,
    117,
    118,
    119,
    120,
    121,
    122,
    123,
    124,
    125,
    126,
    128,
    129,
    130,
    131,
    134,
    140,
    141,
    142,
    143,
    145,
    149,
    150,
    151,
    152,
    153,
    155,
    157,
    159,
    161,
    163,
    164,
    166,
    168,
    169,
    170,
    171,
    172,
    173,
    174,
    175,
    176,
    177,
    178,
    179,
    181,
    182,
    183,
    184,
    186,
    189,
    190,
    191,
    194,
    195,
    196,
    197,
    198
  ],
  "correct_rate": 69.5,
  "negative_samples_avg_ppl": 0.9267852320815856,
  "positive_samples_avg_ppl": 0.7435873542644582
}