{
  "correct_idxs": [
    1,
    4,
    7,
    9,
    12,
    17,
    23,
    33,
    35,
    36,
    45,
    50,
    57,
    68,
    71,
    73,
    83,
    84,
    85,
    87,
    89,
    91,
    94,
    112,
    113,
    117,
    129,
    138,
    144,
    149,
    163,
    181,
    185,
    186,
    190,
    191,
    193,
    194,
    197
  ],
  "correct_rate": 41.935483870967744,
  "negative_samples_avg_ppl": 257.82407670193186,
  "positive_samples_avg_ppl": 288.1749617262023
}