{
  "correct_idxs": [
    2,
    4,
    5,
    6,
    8,
    9,
    10,
    12,
    14,
    15,
    18,
    21,
    24,
    25,
    27,
    28,
    29,
    30,
    31,
    32,
    33,
    34,
    36,
    37,
    38,
    39,
    40,
    41,
    42,
    45,
    46,
    49,
    54,
    56,
    59,
    62,
    63,
    64,
    67,
    70,
    74,
    77,
    78,
    81,
    83,
    87,
    88,
    89,
    91,
    92,
    94,
    97,
    99,
    101,
    102,
    103,
    105,
    110,
    111,
    112,
    113,
    117,
    118,
    119,
    122,
    126,
    127,
    131,
    134,
    135,
    136,
    137,
    138,
    139,
    140,
    141,
    142,
    143,
    145,
    152,
    154,
    155,
    158,
    160,
    161,
    167,
    169,
    170,
    171,
    173,
    176,
    177,
    179,
    181,
    182,
    184,
    188,
    189,
    190,
    191,
    192,
    193,
    198,
    199
  ],
  "correct_rate": 52.0,
  "negative_samples_avg_ppl": 171.34211306843517,
  "positive_samples_avg_ppl": 172.23720788722292
}