{
  "correct_idxs": [
    1,
    2,
    3,
    4,
    6,
    8,
    9,
    10,
    12,
    14,
    15,
    17,
    18,
    19,
    21,
    25,
    26,
    29,
    30,
    32,
    33,
    34,
    36,
    38,
    39,
    41,
    42,
    44,
    47,
    56,
    57,
    59,
    60,
    64,
    67,
    68,
    71,
    73,
    74,
    77,
    83,
    88,
    89,
    91,
    92,
    95,
    103,
    109,
    111,
    112,
    117,
    118,
    123,
    129,
    131,
    136,
    138,
    140,
    143,
    144,
    148,
    150,
    152,
    154,
    156,
    157,
    158,
    161,
    167,
    168,
    170,
    171,
    173,
    176,
    178,
    179,
    181,
    182,
    188,
    189,
    190,
    191,
    192,
    193,
    195,
    196,
    198,
    199
  ],
  "correct_rate": 44.0,
  "negative_samples_avg_ppl": 170.4680795898896,
  "positive_samples_avg_ppl": 181.19848815129598
}