{
  "correct_idxs": [
    1,
    2,
    3,
    4,
    5,
    7,
    9,
    12,
    13,
    17,
    18,
    21,
    23,
    26,
    27,
    29,
    33,
    34,
    35,
    36,
    37,
    42,
    44,
    45,
    50,
    51,
    54,
    57,
    59,
    62,
    64,
    68,
    71,
    73,
    74,
    78,
    83,
    84,
    85,
    87,
    88,
    89,
    91,
    92,
    93,
    94,
    102,
    111,
    112,
    113,
    117,
    129,
    130,
    131,
    135,
    136,
    138,
    140,
    141,
    144,
    149,
    150,
    152,
    156,
    158,
    161,
    163,
    167,
    169,
    171,
    173,
    179,
    181,
    182,
    184,
    185,
    186,
    189,
    190,
    191,
    192,
    193,
    194,
    195,
    197,
    199
  ],
  "correct_rate": 45.744680851063826,
  "negative_samples_avg_ppl": 327.9353963094084,
  "positive_samples_avg_ppl": 347.2853290557969
}