{
  "correct_idxs": [
    2,
    3,
    6,
    7,
    9,
    10,
    11,
    12,
    13,
    14,
    15,
    16,
    18,
    19,
    20,
    21,
    22,
    24,
    25,
    28,
    30,
    31,
    32,
    33,
    34,
    35,
    39,
    40,
    42,
    43,
    46,
    47,
    48,
    49,
    50,
    51,
    53,
    55,
    56,
    59,
    60,
    62,
    63,
    67,
    68,
    69,
    70,
    71,
    73,
    74,
    75,
    77,
    78,
    81,
    82,
    84,
    85,
    88,
    89,
    90,
    92,
    93,
    94,
    95,
    97,
    98,
    100,
    102,
    103,
    104,
    105,
    106,
    107,
    108,
    111,
    112,
    113,
    116,
    117,
    118,
    119,
    120,
    121,
    122,
    124,
    127,
    128,
    130,
    131,
    132,
    133,
    136,
    137,
    138,
    139,
    140,
    141,
    142,
    143,
    144,
    145,
    146,
    147,
    148,
    149,
    150,
    151,
    152,
    153,
    154,
    157,
    158,
    159,
    160,
    161,
    162,
    163,
    164,
    165,
    167,
    169,
    170,
    171,
    172,
    173,
    174,
    175,
    176,
    178,
    179,
    180,
    181,
    182,
    183,
    184,
    187,
    188,
    191,
    192,
    193,
    194,
    195,
    197,
    198,
    199
  ],
  "correct_rate": 72.5,
  "negative_samples_avg_ppl": 1025.7926023541793,
  "positive_samples_avg_ppl": 383.98426598803934
}