{
  "correct_idxs": [
    2,
    3,
    6,
    7,
    10,
    11,
    12,
    13,
    14,
    16,
    18,
    19,
    20,
    21,
    22,
    24,
    25,
    26,
    27,
    28,
    29,
    30,
    31,
    32,
    33,
    34,
    35,
    40,
    43,
    45,
    46,
    47,
    48,
    49,
    50,
    51,
    53,
    55,
    56,
    59,
    60,
    62,
    63,
    67,
    68,
    69,
    70,
    71,
    72,
    74,
    75,
    76,
    77,
    78,
    81,
    82,
    83,
    84,
    85,
    88,
    89,
    92,
    93,
    94,
    95,
    97,
    98,
    100,
    102,
    103,
    105,
    106,
    107,
    108,
    112,
    113,
    116,
    117,
    118,
    119,
    120,
    121,
    122,
    124,
    127,
    128,
    131,
    132,
    133,
    136,
    137,
    139,
    140,
    141,
    142,
    143,
    144,
    146,
    147,
    148,
    149,
    150,
    151,
    152,
    153,
    154,
    157,
    158,
    159,
    161,
    162,
    163,
    164,
    165,
    167,
    168,
    170,
    172,
    173,
    174,
    175,
    176,
    178,
    179,
    180,
    181,
    182,
    183,
    184,
    186,
    187,
    188,
    190,
    191,
    192,
    193,
    194,
    195,
    197,
    198,
    199
  ],
  "correct_rate": 70.5,
  "negative_samples_avg_ppl": 985.755447008025,
  "positive_samples_avg_ppl": 325.1955485219075
}