{
  "correct_idxs": [
    4,
    5,
    7,
    10,
    11,
    17,
    18,
    21,
    22,
    25,
    26,
    28,
    30,
    33,
    35,
    39,
    40,
    41,
    42,
    43,
    47,
    52,
    54,
    55,
    56,
    58,
    59,
    62,
    63,
    65,
    66,
    67,
    69,
    70,
    71,
    73,
    74,
    76,
    77,
    79,
    80,
    81,
    85,
    88,
    91,
    92,
    93,
    94,
    98,
    100,
    104,
    108,
    109,
    112,
    113,
    117,
    120,
    121,
    122,
    123,
    124,
    125,
    134,
    136,
    138,
    140,
    143,
    144,
    146,
    147,
    149,
    151,
    153,
    154,
    159,
    161,
    162,
    164,
    165,
    166,
    168,
    169,
    175,
    177,
    181,
    182,
    183,
    184,
    185,
    186,
    190,
    192,
    195
  ],
  "correct_rate": 46.5,
  "negative_samples_avg_ppl": 59.12709896405485,
  "positive_samples_avg_ppl": 69.40266728437595
}