{
  "correct_idxs": [
    2,
    3,
    5,
    8,
    13,
    17,
    20,
    21,
    23,
    24,
    26,
    27,
    30,
    37,
    42,
    43,
    49,
    54,
    55,
    57,
    58,
    59,
    61,
    63,
    64,
    65,
    66,
    67,
    68,
    69,
    70,
    72,
    73,
    74,
    76,
    85,
    93,
    97,
    99,
    102,
    104,
    106,
    107,
    108,
    109,
    117,
    118,
    119,
    122,
    125,
    130,
    131,
    132,
    134,
    136,
    137,
    138,
    139,
    141,
    144,
    145,
    149,
    150,
    151,
    152,
    156,
    159,
    160,
    161,
    162,
    163,
    164,
    165,
    166,
    168,
    169,
    176,
    178,
    179,
    180,
    181,
    182,
    185,
    186,
    187,
    189,
    190,
    192,
    193,
    197
  ],
  "correct_rate": 45.0,
  "negative_samples_avg_ppl": 55.25652676645348,
  "positive_samples_avg_ppl": 61.58631342840587
}