{
  "correct_idxs": [
    0,
    1,
    2,
    3,
    4,
    5,
    6,
    7,
    8,
    9,
    11,
    12,
    13,
    15,
    16,
    19,
    20,
    22,
    23,
    24,
    25,
    26,
    28,
    30,
    31,
    32,
    33,
    34,
    35,
    36,
    37,
    38,
    39,
    40,
    41,
    42,
    44,
    45,
    46,
    47,
    48,
    49,
    50,
    51,
    53,
    54,
    55,
    56,
    57,
    58,
    61,
    62,
    63,
    64,
    65,
    67,
    68,
    69,
    70,
    71,
    72,
    74,
    75,
    76,
    77,
    78,
    82,
    83,
    84,
    85,
    86,
    87,
    88,
    89,
    90,
    91,
    92,
    93,
    95,
    96,
    97,
    98,
    99,
    100,
    101,
    102,
    103,
    104,
    105,
    106,
    107,
    108,
    110,
    111,
    116,
    117,
    120,
    121,
    124,
    125,
    128,
    130,
    132,
    134,
    136,
    137,
    138,
    139,
    140,
    141,
    142,
    143,
    144,
    145,
    146,
    148,
    149,
    150,
    151,
    152,
    155,
    156,
    157,
    159,
    160,
    161,
    162,
    163,
    165,
    166,
    168,
    170,
    171,
    172,
    173,
    174,
    175,
    176,
    177,
    179,
    181,
    183,
    184,
    185,
    186,
    187,
    189,
    192,
    193,
    194,
    195,
    196,
    198,
    199
  ],
  "correct_rate": 77.0,
  "negative_samples_avg_ppl": 17.067492104080962,
  "positive_samples_avg_ppl": 7.317061875082935
}