{
  "correct_idxs": [
    1,
    3,
    4,
    7,
    8,
    9,
    12,
    15,
    17,
    20,
    23,
    24,
    26,
    27,
    31,
    32,
    35,
    37,
    40,
    41,
    42,
    43,
    44,
    45,
    47,
    48,
    50,
    51,
    53,
    55,
    57,
    58,
    60,
    62,
    63,
    64,
    67,
    68,
    69,
    70,
    71,
    76,
    77,
    78,
    79,
    80,
    81,
    82,
    83,
    84,
    85,
    87,
    88,
    89,
    90,
    91,
    92,
    93,
    97,
    100,
    106,
    107,
    109,
    110,
    111,
    112,
    113,
    114,
    119,
    120,
    122,
    123,
    133,
    134,
    136,
    141,
    142,
    143,
    144,
    145,
    147,
    148,
    151,
    152,
    154,
    156,
    163,
    164,
    166,
    170,
    171,
    177,
    179,
    180,
    181,
    182,
    183,
    186,
    188,
    189,
    191,
    197
  ],
  "correct_rate": 51.0,
  "negative_samples_avg_ppl": 742.480639548164,
  "positive_samples_avg_ppl": 659.5379263928751
}