{
  "correct_idxs": [
    2,
    4,
    5,
    6,
    8,
    9,
    12,
    13,
    15,
    16,
    17,
    21,
    23,
    24,
    28,
    36,
    40,
    41,
    42,
    43,
    44,
    45,
    47,
    48,
    50,
    51,
    52,
    53,
    55,
    59,
    61,
    62,
    66,
    67,
    72,
    74,
    76,
    78,
    79,
    80,
    82,
    84,
    85,
    86,
    88,
    89,
    91,
    92,
    93,
    94,
    95,
    96,
    97,
    98,
    100,
    104,
    109,
    111,
    115,
    116,
    119,
    120,
    121,
    124,
    125,
    129,
    131,
    134,
    135,
    136,
    137,
    138,
    139,
    140,
    144,
    147,
    148,
    150,
    153,
    154,
    157,
    159,
    160,
    161,
    162,
    163,
    165,
    166,
    167,
    168,
    169,
    171,
    173,
    176,
    177,
    178,
    180,
    181,
    182,
    183,
    184,
    187,
    190,
    193,
    195,
    196,
    198,
    199
  ],
  "correct_rate": 54.0,
  "negative_samples_avg_ppl": 91.30366678832084,
  "positive_samples_avg_ppl": 70.30690314258545
}