{
  "correct_idxs": [
    0,
    1,
    3,
    5,
    8,
    10,
    13,
    15,
    16,
    17,
    18,
    22,
    25,
    27,
    28,
    29,
    36,
    37,
    39,
    41,
    44,
    50,
    54,
    56,
    57,
    60,
    62,
    63,
    71,
    76,
    77,
    78,
    81,
    85,
    86,
    87,
    90,
    93,
    94,
    95,
    96,
    97,
    98,
    99,
    103,
    107,
    108,
    109,
    110,
    111,
    112,
    114,
    116,
    118,
    125,
    128,
    130,
    131,
    133,
    137,
    139,
    140,
    143,
    144,
    148,
    149,
    150,
    152,
    154,
    155,
    156,
    157,
    161,
    163,
    167,
    169,
    170,
    173,
    178,
    179,
    180,
    183,
    184,
    185,
    186,
    187,
    190,
    191,
    193
  ],
  "correct_rate": 44.5,
  "negative_samples_avg_ppl": 81.44773055032145,
  "positive_samples_avg_ppl": 97.21275359548304
}