{
  "correct_idxs": [
    0,
    1,
    2,
    3,
    4,
    5,
    6,
    7,
    8,
    9,
    11,
    14,
    15,
    19,
    20,
    22,
    23,
    25,
    26,
    28,
    29,
    31,
    33,
    35,
    36,
    38,
    39,
    40,
    41,
    42,
    44,
    47,
    50,
    53,
    54,
    56,
    57,
    58,
    59,
    61,
    63,
    64,
    66,
    69,
    70,
    71,
    75,
    78,
    80,
    81,
    82,
    83,
    84,
    86,
    87,
    89,
    90,
    91,
    95,
    96,
    98,
    100,
    101,
    103,
    105,
    106,
    107,
    109,
    110,
    111,
    114,
    115,
    116,
    119,
    120,
    123,
    124,
    126,
    128,
    129,
    130,
    131,
    132,
    133,
    134,
    136,
    141,
    142,
    144,
    147,
    149,
    151,
    152,
    153,
    155,
    156,
    158,
    159,
    160,
    162,
    163,
    164,
    165,
    166,
    167,
    169,
    172,
    175,
    176,
    178,
    180,
    181,
    184,
    186,
    189,
    194,
    195,
    197,
    198
  ],
  "correct_rate": 59.5,
  "negative_samples_avg_ppl": 0.12065457358106157,
  "positive_samples_avg_ppl": 0.10201008368613837
}