{
  "correct_idxs": [
    0,
    1,
    3,
    4,
    6,
    7,
    11,
    12,
    13,
    15,
    16,
    18,
    19,
    20,
    22,
    23,
    24,
    25,
    27,
    28,
    29,
    31,
    32,
    34,
    35,
    36,
    37,
    38,
    42,
    45,
    46,
    50,
    51,
    52,
    54,
    55,
    56,
    57,
    59,
    60,
    61,
    63,
    64,
    65,
    66,
    67,
    70,
    71,
    72,
    73,
    75,
    77,
    78,
    80,
    82,
    83,
    84,
    85,
    86,
    87,
    88,
    89,
    91,
    93,
    94,
    95,
    96,
    97,
    98,
    100,
    101,
    102,
    106,
    107,
    110,
    111,
    112,
    113,
    116,
    118,
    120,
    121,
    122,
    123,
    124,
    125,
    126,
    130,
    131,
    132,
    135,
    136,
    138,
    140,
    141,
    142,
    143,
    144,
    146,
    147,
    148,
    150,
    153,
    154,
    155,
    156,
    157,
    160,
    161,
    162,
    163,
    166,
    167,
    168,
    169,
    171,
    173,
    174,
    177,
    178,
    179,
    181,
    184,
    185,
    187,
    189,
    191,
    192,
    193,
    195,
    196,
    197,
    198
  ],
  "correct_rate": 66.5,
  "negative_samples_avg_ppl": 366.16298777358213,
  "positive_samples_avg_ppl": 157.90199021415356
}