{
  "correct_idxs": [
    0,
    1,
    5,
    7,
    9,
    10,
    15,
    16,
    20,
    21,
    23,
    26,
    27,
    31,
    34,
    35,
    36,
    38,
    39,
    40,
    43,
    47,
    49,
    50,
    51,
    52,
    55,
    56,
    57,
    60,
    61,
    62,
    63,
    64,
    65,
    67,
    68,
    71,
    73,
    74,
    78,
    80,
    81,
    82,
    87,
    88,
    89,
    90,
    91,
    93,
    97,
    98,
    99,
    100,
    101,
    102,
    104,
    105,
    106,
    108,
    111,
    114,
    115,
    116,
    120,
    121,
    125,
    126,
    127,
    129,
    130,
    131,
    133,
    134,
    137,
    138,
    139,
    141,
    142,
    143,
    145,
    147,
    151,
    152,
    154,
    155,
    158,
    159,
    160,
    162,
    163,
    164,
    165,
    167,
    168,
    169,
    170,
    172,
    173,
    174,
    175,
    178,
    179,
    183,
    186,
    189,
    192,
    193,
    196,
    199
  ],
  "correct_rate": 55.0,
  "negative_samples_avg_ppl": 0.6547397290433414,
  "positive_samples_avg_ppl": 0.600785129978689
}