{
  "correct_idxs": [
    0,
    2,
    3,
    4,
    5,
    6,
    7,
    8,
    10,
    11,
    13,
    15,
    18,
    19,
    20,
    22,
    23,
    32,
    34,
    36,
    37,
    38,
    39,
    42,
    43,
    44,
    45,
    47,
    48,
    49,
    50,
    55,
    59,
    60,
    64,
    66,
    68,
    69,
    71,
    73,
    75,
    77,
    78,
    79,
    80,
    81,
    84,
    88,
    90,
    92,
    94,
    95,
    96,
    97,
    98,
    100,
    101,
    102,
    103,
    104,
    107,
    108,
    111,
    113,
    114,
    116,
    119,
    120,
    122,
    123,
    125,
    126,
    127,
    130,
    132,
    133,
    134,
    141,
    142,
    143,
    146,
    147,
    149,
    150,
    152,
    153,
    154,
    155,
    156,
    157,
    159,
    161,
    162,
    164,
    166,
    170,
    171,
    172,
    175,
    177,
    182,
    184,
    187,
    194,
    196,
    197
  ],
  "correct_rate": 53.0,
  "negative_samples_avg_ppl": 107.04392145329743,
  "positive_samples_avg_ppl": 103.36846573556707
}