{
  "correct_idxs": [
    1,
    2,
    3,
    4,
    6,
    10,
    11,
    12,
    13,
    14,
    16,
    18,
    19,
    21,
    22,
    23,
    25,
    26,
    27,
    33,
    34,
    35,
    37,
    39,
    41,
    43,
    44,
    45,
    46,
    47,
    49,
    50,
    51,
    54,
    55,
    56,
    57,
    58,
    59,
    60,
    61,
    62,
    64,
    65,
    69,
    70,
    72,
    75,
    76,
    78,
    79,
    81,
    82,
    83,
    84,
    87,
    89,
    90,
    92,
    93,
    94,
    95,
    97,
    99,
    100,
    101,
    102,
    103,
    104,
    106,
    107,
    108,
    112,
    113,
    114,
    117,
    119,
    122,
    123,
    124,
    127,
    128,
    130,
    131,
    132,
    133,
    134,
    140,
    141,
    142,
    144,
    145,
    148,
    149,
    150,
    151,
    154,
    155,
    156,
    161,
    162,
    164,
    166,
    168,
    169,
    171,
    172,
    174,
    175,
    177,
    182,
    183,
    184,
    187,
    188,
    189,
    191,
    192,
    194,
    196,
    197,
    198,
    199
  ],
  "correct_rate": 61.5,
  "negative_samples_avg_ppl": 28.988819442785207,
  "positive_samples_avg_ppl": 24.78451111896293
}