{
  "correct_idxs": [
    2,
    4,
    5,
    6,
    7,
    8,
    9,
    10,
    11,
    13,
    16,
    17,
    18,
    20,
    21,
    22,
    24,
    25,
    26,
    27,
    28,
    31,
    32,
    34,
    35,
    37,
    39,
    40,
    41,
    42,
    43,
    44,
    45,
    46,
    48,
    50,
    51,
    52,
    53,
    54,
    60,
    61,
    62,
    64,
    65,
    68,
    70,
    71,
    73,
    74,
    76,
    78,
    80,
    82,
    83,
    86,
    87,
    89,
    92,
    93,
    98,
    101,
    103,
    104,
    106,
    108,
    109,
    112,
    113,
    114,
    115,
    116,
    117,
    120,
    121,
    122,
    125,
    126,
    127,
    128,
    130,
    132,
    133,
    134,
    138,
    141,
    143,
    146,
    147,
    148,
    149,
    150,
    151,
    152,
    156,
    158,
    159,
    162,
    163,
    164,
    169,
    171,
    174,
    175,
    179,
    180,
    181,
    182,
    184,
    185,
    186,
    190,
    193,
    196,
    197,
    198,
    199
  ],
  "correct_rate": 58.5,
  "negative_samples_avg_ppl": 89.20081989013073,
  "positive_samples_avg_ppl": 68.27288574020773
}