{
  "correct_idxs": [
    2,
    5,
    6,
    8,
    12,
    14,
    15,
    16,
    21,
    22,
    25,
    28,
    29,
    32,
    33,
    35,
    39,
    40,
    44,
    45,
    46,
    47,
    48,
    49,
    50,
    52,
    53,
    55,
    56,
    60,
    61,
    65,
    68,
    69,
    70,
    72,
    74,
    75,
    78,
    79,
    80,
    81,
    82,
    83,
    84,
    85,
    86,
    88,
    90,
    94,
    96,
    98,
    100,
    101,
    103,
    110,
    111,
    112,
    113,
    114,
    115,
    116,
    118,
    120,
    122,
    123,
    124,
    125,
    126,
    129,
    132,
    134,
    135,
    136,
    137,
    138,
    139,
    142,
    148,
    149,
    150,
    151,
    158,
    160,
    161,
    162,
    165,
    172,
    173,
    174,
    175,
    179,
    180,
    181,
    184,
    185,
    186,
    189
  ],
  "correct_rate": 49.0,
  "negative_samples_avg_ppl": 830.8195192191283,
  "positive_samples_avg_ppl": 786.8453256984186
}