{
  "correct_idxs": [
    1,
    3,
    5,
    6,
    7,
    11,
    12,
    14,
    16,
    22,
    24,
    26,
    28,
    31,
    34,
    35,
    36,
    39,
    41,
    42,
    44,
    45,
    50,
    51,
    53,
    54,
    55,
    56,
    57,
    61,
    63,
    68,
    69,
    71,
    72,
    73,
    74,
    77,
    79,
    80,
    81,
    82,
    83,
    85,
    87,
    88,
    89,
    90,
    92,
    98,
    103,
    104,
    106,
    108,
    109,
    110,
    112,
    113,
    114,
    115,
    118,
    119,
    125,
    126,
    127,
    131,
    132,
    133,
    135,
    138,
    139,
    141,
    145,
    146,
    150,
    151,
    155,
    156,
    157,
    162,
    163,
    164,
    171,
    172,
    173,
    175,
    177,
    179,
    181,
    182,
    183,
    184,
    186,
    187,
    189,
    190,
    191,
    194,
    195,
    196
  ],
  "correct_rate": 50.0,
  "negative_samples_avg_ppl": 27.178393066886468,
  "positive_samples_avg_ppl": 26.800407721941646
}