{
  "correct_idxs": [
    2,
    4,
    6,
    8,
    9,
    11,
    13,
    14,
    15,
    17,
    18,
    20,
    21,
    24,
    26,
    28,
    29,
    31,
    38,
    39,
    41,
    43,
    46,
    49,
    50,
    53,
    54,
    56,
    58,
    59,
    60,
    61,
    65,
    66,
    67,
    74,
    75,
    76,
    77,
    78,
    79,
    82,
    83,
    84,
    88,
    89,
    90,
    93,
    94,
    97,
    98,
    99,
    100,
    107,
    108,
    111,
    112,
    113,
    114,
    116,
    117,
    122,
    123,
    124,
    125,
    127,
    129,
    131,
    132,
    134,
    135,
    136,
    138,
    140,
    142,
    143,
    144,
    145,
    147,
    148,
    150,
    151,
    152,
    155,
    157,
    158,
    160,
    161,
    162,
    163,
    167,
    169,
    170,
    172,
    175,
    176,
    177,
    178,
    179,
    182,
    186,
    188,
    189,
    190,
    192,
    193,
    195,
    196,
    197,
    199
  ],
  "correct_rate": 55.0,
  "negative_samples_avg_ppl": 403.7419006622489,
  "positive_samples_avg_ppl": 373.848997863514
}