{
  "correct_idxs": [
    5,
    7,
    8,
    9,
    11,
    12,
    14,
    15,
    16,
    17,
    19,
    20,
    21,
    23,
    24,
    25,
    30,
    31,
    32,
    33,
    34,
    35,
    36,
    37,
    38,
    39,
    40,
    45,
    46,
    47,
    52,
    53,
    55,
    56,
    58,
    60,
    63,
    64,
    66,
    67,
    68,
    69,
    71,
    73,
    74,
    77,
    80,
    81,
    82,
    83,
    84,
    85,
    89,
    92,
    93,
    94,
    95,
    97,
    100,
    101,
    102,
    103,
    104,
    105,
    106,
    108,
    113,
    114,
    116,
    117,
    118,
    119,
    120,
    123,
    124,
    125,
    127,
    128,
    130,
    133,
    134,
    138,
    139,
    141,
    142,
    143,
    146,
    147,
    149,
    151,
    153,
    155,
    158,
    161,
    163,
    164,
    165,
    167,
    168,
    169,
    170,
    171,
    172,
    173,
    174,
    175,
    178,
    180,
    182,
    183,
    184,
    186,
    187,
    190,
    191,
    193,
    194,
    195,
    196,
    197,
    198,
    199
  ],
  "correct_rate": 61.0,
  "negative_samples_avg_ppl": 375.0300832149818,
  "positive_samples_avg_ppl": 266.87758892849655
}