{
  "correct_idxs": [
    1,
    2,
    3,
    4,
    5,
    7,
    8,
    10,
    11,
    12,
    14,
    15,
    18,
    19,
    21,
    22,
    23,
    25,
    28,
    29,
    30,
    31,
    33,
    34,
    36,
    37,
    38,
    40,
    42,
    45,
    46,
    48,
    49,
    52,
    54,
    55,
    56,
    58,
    60,
    61,
    62,
    63,
    66,
    71,
    72,
    73,
    74,
    75,
    76,
    77,
    78,
    79,
    82,
    83,
    85,
    86,
    89,
    91,
    92,
    93,
    94,
    95,
    96,
    98,
    100,
    101,
    102,
    103,
    107,
    108,
    109,
    110,
    111,
    113,
    114,
    115,
    117,
    118,
    120,
    122,
    123,
    124,
    125,
    126,
    127,
    129,
    130,
    131,
    132,
    133,
    134,
    136,
    139,
    140,
    142,
    144,
    145,
    146,
    150,
    153,
    157,
    158,
    159,
    160,
    161,
    162,
    164,
    165,
    167,
    169,
    170,
    171,
    172,
    175,
    176,
    177,
    178,
    180,
    181,
    182,
    183,
    184,
    185,
    186,
    187,
    189,
    191,
    192,
    194,
    195,
    198,
    199
  ],
  "correct_rate": 66.0,
  "negative_samples_avg_ppl": 0.7883636984246167,
  "positive_samples_avg_ppl": 0.6695381773265987
}