{
  "correct_idxs": [
    0,
    1,
    3,
    4,
    8,
    9,
    10,
    12,
    13,
    14,
    15,
    16,
    17,
    20,
    23,
    24,
    25,
    26,
    27,
    28,
    30,
    31,
    36,
    37,
    39,
    40,
    42,
    44,
    46,
    47,
    49,
    50,
    52,
    53,
    57,
    58,
    59,
    60,
    61,
    63,
    69,
    71,
    75,
    76,
    78,
    80,
    81,
    83,
    88,
    91,
    92,
    93,
    97,
    98,
    105,
    106,
    107,
    108,
    109,
    110,
    111,
    112,
    113,
    117,
    121,
    122,
    123,
    124,
    125,
    126,
    129,
    130,
    132,
    133,
    134,
    135,
    136,
    137,
    138,
    141,
    142,
    143,
    145,
    150,
    152,
    153,
    156,
    159,
    162,
    164,
    165,
    167,
    168,
    171,
    173,
    174,
    175,
    178,
    181,
    183,
    185,
    188,
    190,
    192,
    193,
    194,
    195,
    196,
    197,
    198,
    199
  ],
  "correct_rate": 55.5,
  "negative_samples_avg_ppl": 0.8934982270014558,
  "positive_samples_avg_ppl": 0.843254050562875
}