{
  "correct_idxs": [
    0,
    1,
    2,
    3,
    4,
    7,
    8,
    9,
    10,
    12,
    13,
    14,
    17,
    18,
    19,
    21,
    22,
    23,
    24,
    25,
    28,
    29,
    31,
    34,
    36,
    37,
    38,
    39,
    40,
    41,
    42,
    44,
    45,
    46,
    47,
    48,
    51,
    52,
    53,
    54,
    56,
    59,
    61,
    62,
    64,
    65,
    71,
    72,
    73,
    74,
    76,
    77,
    78,
    79,
    82,
    84,
    85,
    87,
    88,
    90,
    91,
    92,
    93,
    95,
    98,
    103,
    104,
    109,
    110,
    111,
    113,
    114,
    115,
    117,
    118,
    119,
    121,
    124,
    126,
    128,
    129,
    130,
    131,
    132,
    134,
    136,
    137,
    138,
    139,
    140,
    142,
    144,
    145,
    146,
    148,
    149,
    150,
    152,
    154,
    155,
    157,
    158,
    159,
    161,
    162,
    164,
    168,
    169,
    170,
    171,
    172,
    173,
    174,
    175,
    176,
    179,
    180,
    182,
    183,
    184,
    185,
    186,
    187,
    189,
    190,
    192,
    194,
    196,
    198,
    199
  ],
  "correct_rate": 65.0,
  "negative_samples_avg_ppl": 0.3978651765279888,
  "positive_samples_avg_ppl": 0.2901669644398027
}