{
  "correct_idxs": [
    0,
    1,
    5,
    8,
    10,
    13,
    15,
    16,
    18,
    22,
    24,
    28,
    37,
    38,
    39,
    40,
    41,
    43,
    44,
    45,
    47,
    48,
    50,
    53,
    54,
    57,
    58,
    59,
    61,
    62,
    63,
    66,
    68,
    69,
    71,
    72,
    73,
    74,
    75,
    76,
    78,
    81,
    84,
    85,
    87,
    90,
    91,
    92,
    93,
    95,
    97,
    98,
    99,
    103,
    107,
    108,
    109,
    111,
    112,
    114,
    116,
    117,
    118,
    120,
    121,
    124,
    125,
    127,
    128,
    130,
    131,
    133,
    134,
    136,
    137,
    138,
    139,
    141,
    143,
    148,
    150,
    153,
    154,
    157,
    159,
    161,
    163,
    165,
    167,
    169,
    170,
    172,
    175,
    176,
    179,
    181,
    182,
    183,
    184,
    185,
    190,
    191,
    193,
    195,
    198
  ],
  "correct_rate": 52.5,
  "negative_samples_avg_ppl": 1.0225201744702554,
  "positive_samples_avg_ppl": 1.0223822903321864
}