{
  "correct_idxs": [
    1,
    2,
    3,
    4,
    5,
    7,
    9,
    16,
    17,
    20,
    22,
    23,
    25,
    26,
    28,
    32,
    35,
    37,
    38,
    39,
    40,
    41,
    42,
    43,
    45,
    48,
    55,
    56,
    57,
    59,
    60,
    63,
    67,
    69,
    70,
    72,
    74,
    76,
    77,
    80,
    81,
    87,
    89,
    90,
    91,
    93,
    94,
    98,
    99,
    101,
    103,
    105,
    110,
    112,
    115,
    116,
    122,
    124,
    129,
    130,
    132,
    133,
    134,
    135,
    136,
    137,
    138,
    139,
    141,
    142,
    147,
    151,
    154,
    155,
    157,
    159,
    160,
    161,
    163,
    165,
    166,
    169,
    170,
    171,
    175,
    178,
    181,
    182,
    183,
    184,
    185,
    186,
    190,
    191,
    192,
    194,
    196,
    197,
    199
  ],
  "correct_rate": 49.75,
  "negative_samples_avg_ppl": 0.06567721948327407,
  "positive_samples_avg_ppl": 0.06587142300369844
}