{
  "correct_idxs": [
    0,
    2,
    3,
    5,
    6,
    7,
    8,
    11,
    12,
    13,
    14,
    15,
    16,
    18,
    19,
    20,
    21,
    22,
    23,
    25,
    26,
    27,
    28,
    29,
    31,
    32,
    33,
    34,
    35,
    36,
    39,
    40,
    42,
    43,
    45,
    47,
    48,
    49,
    50,
    51,
    52,
    54,
    55,
    56,
    57,
    58,
    59,
    63,
    64,
    65,
    66,
    67,
    68,
    69,
    70,
    72,
    73,
    74,
    75,
    76,
    77,
    79,
    80,
    83,
    84,
    85,
    88,
    91,
    92,
    93,
    94,
    98,
    99,
    100,
    101,
    102,
    103,
    104,
    105,
    106,
    107,
    108,
    109,
    110,
    111,
    112,
    114,
    115,
    116,
    118,
    119,
    120,
    121,
    122,
    123,
    124,
    125,
    126,
    128,
    130,
    132,
    134,
    136,
    138,
    140,
    142,
    143,
    144,
    145,
    146,
    147,
    148,
    149,
    153,
    154,
    155,
    156,
    157,
    158,
    159,
    160,
    161,
    162,
    163,
    165,
    166,
    167,
    168,
    169,
    170,
    171,
    172,
    173,
    174,
    175,
    177,
    179,
    180,
    181,
    182,
    185,
    186,
    187,
    188,
    189,
    190,
    191,
    192,
    193,
    194,
    195,
    196,
    197,
    198,
    199
  ],
  "correct_rate": 77.5,
  "negative_samples_avg_ppl": 0.8466132272691657,
  "positive_samples_avg_ppl": 0.4454747945215796
}