{
  "correct_idxs": [
    0,
    1,
    2,
    3,
    5,
    6,
    8,
    9,
    10,
    12,
    14,
    16,
    18,
    19,
    21,
    22,
    24,
    26,
    27,
    28,
    29,
    30,
    33,
    34,
    37,
    41,
    42,
    44,
    45,
    46,
    50,
    51,
    52,
    53,
    54,
    55,
    57,
    59,
    60,
    63,
    64,
    65,
    67,
    69,
    70,
    71,
    72,
    73,
    74,
    76,
    77,
    78,
    79,
    83,
    84,
    85,
    86,
    88,
    89,
    91,
    95,
    97,
    99,
    101,
    102,
    104,
    106,
    108,
    109,
    110,
    111,
    112,
    113,
    114,
    115,
    117,
    120,
    121,
    122,
    123,
    125,
    126,
    127,
    128,
    129,
    130,
    133,
    134,
    136,
    138,
    140,
    141,
    145,
    146,
    147,
    148,
    149,
    150,
    154,
    156,
    157,
    158,
    159,
    160,
    161,
    163,
    164,
    166,
    167,
    168,
    170,
    172,
    173,
    174,
    175,
    177,
    178,
    179,
    180,
    181,
    182,
    183,
    184,
    185,
    186,
    187,
    188,
    189,
    190,
    192,
    195,
    196,
    197,
    199
  ],
  "correct_rate": 67.0,
  "negative_samples_avg_ppl": 5.53488110510257,
  "positive_samples_avg_ppl": 4.580018069489007
}