{
  "correct_idxs": [
    0,
    1,
    2,
    3,
    4,
    5,
    6,
    7,
    8,
    10,
    15,
    18,
    19,
    21,
    22,
    24,
    26,
    29,
    32,
    33,
    35,
    37,
    38,
    39,
    40,
    41,
    42,
    43,
    44,
    47,
    48,
    49,
    50,
    56,
    57,
    58,
    60,
    62,
    64,
    66,
    68,
    69,
    70,
    72,
    73,
    74,
    76,
    77,
    79,
    82,
    85,
    87,
    88,
    89,
    90,
    91,
    94,
    95,
    97,
    98,
    102,
    103,
    104,
    106,
    109,
    110,
    111,
    114,
    115,
    116,
    117,
    118,
    120,
    121,
    123,
    127,
    128,
    129,
    130,
    132,
    134,
    136,
    137,
    138,
    140,
    141,
    142,
    143,
    144,
    146,
    147,
    150,
    151,
    152,
    154,
    155,
    156,
    157,
    159,
    160,
    161,
    162,
    163,
    164,
    167,
    168,
    170,
    172,
    174,
    176,
    178,
    179,
    180,
    181,
    184,
    186,
    188,
    189,
    190,
    192,
    193,
    195,
    196,
    197,
    199
  ],
  "correct_rate": 62.5,
  "negative_samples_avg_ppl": 0.5643317339115784,
  "positive_samples_avg_ppl": 0.4044446330067728
}