{
  "correct_idxs": [
    0,
    1,
    5,
    6,
    7,
    8,
    11,
    12,
    13,
    16,
    17,
    20,
    21,
    24,
    26,
    31,
    32,
    33,
    34,
    36,
    37,
    38,
    42,
    43,
    45,
    46,
    47,
    48,
    53,
    56,
    59,
    62,
    64,
    65,
    66,
    69,
    70,
    71,
    73,
    74,
    75,
    76,
    77,
    78,
    79,
    80,
    83,
    86,
    87,
    89,
    90,
    92,
    97,
    98,
    99,
    100,
    102,
    107,
    108,
    109,
    110,
    111,
    112,
    113,
    114,
    115,
    116,
    117,
    118,
    121,
    122,
    123,
    125,
    128,
    129,
    130,
    131,
    135,
    136,
    139,
    141,
    142,
    143,
    144,
    145,
    147,
    148,
    149,
    152,
    153,
    155,
    157,
    158,
    160,
    162,
    163,
    166,
    167,
    168,
    171,
    174,
    179,
    180,
    181,
    183,
    188,
    190,
    192,
    193,
    195,
    198
  ],
  "correct_rate": 55.75,
  "negative_samples_avg_ppl": 10.620073069158034,
  "positive_samples_avg_ppl": 5.811889684192083
}