{
  "correct_idxs": [
    1,
    3,
    4,
    7,
    10,
    14,
    16,
    19,
    21,
    23,
    24,
    26,
    27,
    28,
    29,
    30,
    31,
    33,
    34,
    37,
    39,
    40,
    42,
    43,
    45,
    49,
    50,
    56,
    57,
    60,
    62,
    64,
    67,
    69,
    70,
    72,
    75,
    76,
    81,
    89,
    91,
    94,
    96,
    97,
    102,
    103,
    104,
    105,
    107,
    108,
    110,
    114,
    115,
    116,
    117,
    119,
    120,
    121,
    122,
    123,
    124,
    125,
    127,
    128,
    130,
    131,
    133,
    134,
    135,
    136,
    143,
    146,
    147,
    149,
    151,
    152,
    153,
    154,
    160,
    161,
    163,
    168,
    171,
    173,
    176,
    177,
    183,
    185,
    187,
    188,
    189,
    191,
    194,
    195,
    196,
    197,
    198,
    199
  ],
  "correct_rate": 50.25,
  "negative_samples_avg_ppl": 3.5083184460881576,
  "positive_samples_avg_ppl": 3.5827338216290534
}