{
  "correct_idxs": [
    0,
    2,
    3,
    4,
    6,
    7,
    8,
    9,
    11,
    17,
    19,
    21,
    22,
    23,
    24,
    26,
    28,
    29,
    31,
    32,
    33,
    37,
    38,
    39,
    40,
    42,
    43,
    50,
    51,
    53,
    58,
    59,
    60,
    66,
    67,
    68,
    69,
    70,
    71,
    72,
    73,
    77,
    80,
    81,
    82,
    83,
    84,
    85,
    86,
    87,
    88,
    89,
    92,
    94,
    98,
    99,
    100,
    101,
    102,
    103,
    105,
    108,
    109,
    110,
    112,
    113,
    114,
    115,
    116,
    119,
    120,
    121,
    127,
    129,
    130,
    131,
    134,
    135,
    139,
    141,
    143,
    145,
    146,
    147,
    150,
    151,
    158,
    159,
    161,
    162,
    163,
    165,
    166,
    167,
    168,
    169,
    170,
    171,
    172,
    174,
    175,
    179,
    180,
    182,
    184,
    185,
    186,
    187,
    191,
    192,
    193,
    194,
    195,
    196,
    197,
    198,
    199
  ],
  "correct_rate": 58.5,
  "negative_samples_avg_ppl": 0.4437348525881743,
  "positive_samples_avg_ppl": 0.27850261705717766
}