{
  "correct_idxs": [
    3,
    4,
    11,
    13,
    14,
    16,
    23,
    26,
    27,
    29,
    30,
    32,
    33,
    34,
    37,
    38,
    39,
    43,
    44,
    50,
    52,
    56,
    57,
    58,
    60,
    62,
    64,
    65,
    66,
    67,
    69,
    70,
    71,
    72,
    75,
    76,
    79,
    80,
    81,
    83,
    85,
    86,
    91,
    93,
    94,
    95,
    97,
    100,
    101,
    102,
    103,
    104,
    105,
    107,
    108,
    109,
    111,
    112,
    114,
    115,
    116,
    119,
    123,
    124,
    125,
    128,
    131,
    133,
    134,
    135,
    138,
    140,
    143,
    144,
    145,
    147,
    149,
    150,
    151,
    153,
    154,
    156,
    163,
    166,
    168,
    172,
    177,
    180,
    181,
    184,
    185,
    186,
    187,
    189,
    190,
    194,
    195,
    196,
    198
  ],
  "correct_rate": 50.5,
  "negative_samples_avg_ppl": 4.0246435099924,
  "positive_samples_avg_ppl": 4.212229147868561
}