{
  "correct_idxs": [
    0,
    1,
    5,
    6,
    7,
    9,
    10,
    11,
    15,
    16,
    18,
    20,
    22,
    23,
    26,
    32,
    34,
    35,
    36,
    39,
    44,
    45,
    46,
    47,
    48,
    49,
    50,
    57,
    58,
    59,
    60,
    65,
    66,
    69,
    72,
    73,
    75,
    76,
    77,
    79,
    80,
    81,
    83,
    84,
    85,
    88,
    90,
    92,
    94,
    95,
    96,
    102,
    103,
    104,
    107,
    108,
    111,
    113,
    114,
    115,
    116,
    118,
    119,
    120,
    121,
    122,
    123,
    125,
    127,
    128,
    130,
    133,
    134,
    135,
    138,
    141,
    143,
    147,
    149,
    150,
    151,
    152,
    153,
    154,
    156,
    157,
    159,
    160,
    162,
    164,
    171,
    172,
    175,
    177,
    179,
    182,
    184,
    187,
    189,
    194,
    197
  ],
  "correct_rate": 50.5,
  "negative_samples_avg_ppl": 3.810889440397795,
  "positive_samples_avg_ppl": 3.761514656970625
}