{
  "correct_idxs": [
    0,
    2,
    3,
    5,
    7,
    10,
    11,
    13,
    15,
    16,
    18,
    20,
    22,
    23,
    24,
    25,
    28,
    38,
    39,
    44,
    46,
    48,
    50,
    54,
    55,
    57,
    60,
    61,
    64,
    65,
    67,
    68,
    69,
    70,
    73,
    74,
    75,
    76,
    81,
    84,
    86,
    88,
    89,
    92,
    93,
    94,
    95,
    98,
    101,
    103,
    104,
    105,
    108,
    110,
    111,
    112,
    114,
    115,
    116,
    120,
    121,
    124,
    125,
    128,
    130,
    131,
    133,
    138,
    139,
    141,
    143,
    144,
    149,
    150,
    152,
    154,
    156,
    158,
    159,
    163,
    164,
    165,
    166,
    167,
    168,
    169,
    170,
    176,
    177,
    179,
    181,
    186,
    187,
    188,
    190,
    191,
    193,
    195,
    196
  ],
  "correct_rate": 49.5,
  "negative_samples_avg_ppl": 170.9461102280701,
  "positive_samples_avg_ppl": 168.4754508160516
}