{
  "correct_idxs": [
    0,
    2,
    3,
    5,
    6,
    7,
    8,
    9,
    13,
    16,
    17,
    20,
    21,
    22,
    24,
    26,
    27,
    28,
    29,
    31,
    33,
    34,
    35,
    36,
    37,
    39,
    40,
    41,
    43,
    46,
    48,
    52,
    53,
    54,
    55,
    57,
    59,
    60,
    61,
    63,
    64,
    65,
    67,
    68,
    69,
    70,
    72,
    73,
    74,
    75,
    76,
    77,
    79,
    84,
    85,
    87,
    88,
    90,
    91,
    93,
    94,
    95,
    97,
    98,
    99,
    100,
    101,
    102,
    103,
    104,
    106,
    107,
    111,
    112,
    113,
    114,
    115,
    116,
    118,
    119,
    121,
    122,
    123,
    124,
    126,
    127,
    128,
    129,
    130,
    131,
    134,
    140,
    141,
    142,
    143,
    144,
    145,
    146,
    151,
    152,
    153,
    154,
    155,
    159,
    163,
    165,
    166,
    168,
    169,
    171,
    173,
    175,
    178,
    179,
    180,
    181,
    183,
    186,
    187,
    191,
    192,
    193,
    195,
    196,
    197,
    198,
    199
  ],
  "correct_rate": 63.5,
  "negative_samples_avg_ppl": 9893.484528027588,
  "positive_samples_avg_ppl": 5884.749862043193
}