{
  "correct_idxs": [
    1,
    3,
    5,
    7,
    9,
    10,
    13,
    18,
    19,
    23,
    24,
    25,
    27,
    30,
    35,
    36,
    37,
    39,
    41,
    43,
    45,
    48,
    50,
    53,
    55,
    57,
    61,
    64,
    69,
    72,
    75,
    78,
    79,
    85,
    87,
    90,
    92,
    93,
    95,
    98,
    103,
    105,
    107,
    110,
    111,
    112,
    114,
    115,
    116,
    118,
    122,
    124,
    126,
    127,
    128,
    130,
    131,
    132,
    133,
    134,
    135,
    136,
    137,
    138,
    140,
    141,
    142,
    143,
    144,
    145,
    146,
    147,
    148,
    153,
    154,
    156,
    159,
    161,
    164,
    166,
    167,
    169,
    170,
    172,
    174,
    176,
    177,
    178,
    179,
    182,
    183,
    185,
    187,
    188,
    191,
    193,
    195,
    196,
    198
  ],
  "correct_rate": 49.5,
  "negative_samples_avg_ppl": 2428.619523516577,
  "positive_samples_avg_ppl": 2344.702767754708
}