{
  "correct_idxs": [
    1,
    2,
    5,
    13,
    16,
    19,
    20,
    23,
    25,
    29,
    30,
    32,
    33,
    35,
    36,
    38,
    41,
    42,
    46,
    49,
    53,
    55,
    58,
    64,
    69,
    73,
    75,
    77,
    82,
    83,
    84,
    86,
    87,
    88,
    89,
    91,
    92,
    94,
    96,
    99,
    100,
    102,
    104,
    105,
    110,
    112,
    113,
    115,
    117,
    122,
    124,
    125,
    126,
    128,
    132,
    133,
    135,
    136,
    138,
    139,
    142,
    143,
    144,
    145,
    147,
    148,
    151,
    152,
    154,
    155,
    159,
    161,
    163,
    164,
    166,
    167,
    168,
    169,
    171,
    176,
    177,
    178,
    180,
    182,
    186,
    188,
    191,
    192,
    193,
    194,
    195
  ],
  "correct_rate": 45.5,
  "negative_samples_avg_ppl": 8597.666113266016,
  "positive_samples_avg_ppl": 9853.353479956677
}