{
  "correct_idxs": [
    2,
    3,
    4,
    6,
    7,
    8,
    9,
    16,
    19,
    20,
    22,
    23,
    24,
    25,
    27,
    28,
    33,
    34,
    36,
    37,
    38,
    40,
    43,
    46,
    47,
    51,
    55,
    59,
    60,
    61,
    64,
    65,
    68,
    69,
    70,
    73,
    76,
    77,
    78,
    79,
    80,
    81,
    82,
    83,
    84,
    85,
    86,
    88,
    89,
    91,
    93,
    94,
    96,
    98,
    101,
    102,
    103,
    104,
    106,
    108,
    109,
    110,
    111,
    112,
    113,
    114,
    115,
    116,
    117,
    119,
    123,
    124,
    126,
    128,
    129,
    130,
    131,
    133,
    136,
    139,
    140,
    142,
    144,
    147,
    149,
    150,
    155,
    156,
    157,
    158,
    159,
    163,
    164,
    165,
    166,
    167,
    169,
    170,
    172,
    176,
    177,
    181,
    182,
    183,
    184,
    187,
    188,
    190,
    192,
    195,
    199
  ],
  "correct_rate": 55.5,
  "negative_samples_avg_ppl": 1747.7299198691164,
  "positive_samples_avg_ppl": 1661.1510372348357
}