{
  "correct_idxs": [
    0,
    1,
    4,
    5,
    6,
    7,
    8,
    10,
    15,
    19,
    20,
    21,
    23,
    26,
    27,
    28,
    29,
    30,
    31,
    32,
    34,
    35,
    36,
    37,
    38,
    39,
    41,
    46,
    47,
    49,
    50,
    51,
    53,
    55,
    56,
    58,
    60,
    62,
    63,
    64,
    65,
    66,
    67,
    69,
    73,
    75,
    76,
    78,
    79,
    80,
    81,
    82,
    84,
    88,
    90,
    93,
    95,
    97,
    99,
    100,
    101,
    103,
    104,
    106,
    108,
    111,
    113,
    115,
    117,
    120,
    121,
    123,
    124,
    126,
    127,
    128,
    130,
    131,
    132,
    137,
    138,
    139,
    141,
    143,
    146,
    149,
    151,
    152,
    154,
    155,
    156,
    157,
    159,
    162,
    163,
    167,
    168,
    169,
    170,
    171,
    176,
    178,
    179,
    181,
    184,
    185,
    186,
    189,
    192,
    193,
    194,
    195,
    198,
    199
  ],
  "correct_rate": 57.0,
  "negative_samples_avg_ppl": 0.1232835521751289,
  "positive_samples_avg_ppl": 0.10516144633584164
}