{
  "correct_idxs": [
    0,
    1,
    4,
    5,
    7,
    8,
    10,
    11,
    15,
    16,
    20,
    22,
    23,
    26,
    30,
    31,
    32,
    34,
    36,
    37,
    38,
    44,
    45,
    46,
    47,
    49,
    51,
    54,
    55,
    57,
    58,
    60,
    63,
    65,
    66,
    69,
    72,
    73,
    75,
    77,
    79,
    80,
    81,
    83,
    84,
    85,
    88,
    90,
    92,
    94,
    95,
    96,
    101,
    102,
    103,
    104,
    107,
    108,
    111,
    113,
    114,
    115,
    116,
    118,
    119,
    120,
    121,
    122,
    123,
    125,
    126,
    128,
    130,
    131,
    132,
    133,
    134,
    135,
    139,
    141,
    143,
    145,
    147,
    149,
    150,
    151,
    152,
    153,
    154,
    155,
    156,
    157,
    159,
    160,
    162,
    163,
    164,
    171,
    172,
    177,
    179,
    181,
    182,
    184,
    189,
    192,
    194,
    197,
    198
  ],
  "correct_rate": 54.5,
  "negative_samples_avg_ppl": 6.2629061439093325,
  "positive_samples_avg_ppl": 6.118661916186501
}