{
  "correct_idxs": [
    1,
    5,
    7,
    8,
    10,
    12,
    13,
    16,
    18,
    19,
    22,
    24,
    28,
    33,
    34,
    37,
    39,
    41,
    45,
    46,
    47,
    48,
    49,
    50,
    52,
    53,
    57,
    59,
    61,
    62,
    63,
    64,
    65,
    66,
    68,
    71,
    72,
    75,
    76,
    78,
    80,
    81,
    85,
    87,
    88,
    89,
    90,
    93,
    94,
    96,
    97,
    99,
    101,
    103,
    108,
    109,
    110,
    111,
    112,
    114,
    116,
    118,
    119,
    120,
    122,
    123,
    125,
    127,
    128,
    129,
    130,
    131,
    132,
    133,
    134,
    137,
    138,
    139,
    140,
    141,
    144,
    147,
    148,
    149,
    150,
    151,
    153,
    154,
    156,
    157,
    158,
    159,
    163,
    164,
    165,
    167,
    168,
    169,
    170,
    172,
    173,
    177,
    180,
    181,
    183,
    185,
    187,
    188,
    191,
    192,
    193,
    195,
    196
  ],
  "correct_rate": 56.5,
  "negative_samples_avg_ppl": 114.90178069268102,
  "positive_samples_avg_ppl": 102.13272114940565
}