{
  "correct_idxs": [
    0,
    3,
    5,
    6,
    9,
    10,
    12,
    14,
    16,
    20,
    21,
    22,
    26,
    27,
    30,
    33,
    34,
    35,
    37,
    42,
    43,
    45,
    48,
    50,
    53,
    56,
    58,
    62,
    64,
    66,
    68,
    71,
    73,
    74,
    80,
    82,
    84,
    85,
    86,
    87,
    88,
    92,
    93,
    96,
    97,
    100,
    102,
    103,
    105,
    107,
    109,
    115,
    116,
    120,
    122,
    124,
    126,
    128,
    130,
    134,
    140,
    144,
    145,
    146,
    148,
    149,
    150,
    151,
    154,
    156,
    157,
    158,
    159,
    160,
    161,
    165,
    166,
    168,
    170,
    171,
    172,
    174,
    175,
    178,
    179,
    180,
    181,
    183,
    184,
    185,
    186,
    187,
    188,
    189,
    190,
    192,
    193,
    194,
    195
  ],
  "correct_rate": 49.5,
  "negative_samples_avg_ppl": 15.470898498405147,
  "positive_samples_avg_ppl": 16.69989626592204
}