{
  "correct_idxs": [
    1,
    2,
    3,
    5,
    6,
    8,
    10,
    13,
    14,
    15,
    18,
    19,
    22,
    24,
    26,
    29,
    31,
    32,
    33,
    35,
    37,
    38,
    39,
    41,
    44,
    47,
    48,
    49,
    50,
    56,
    57,
    58,
    60,
    61,
    63,
    64,
    66,
    67,
    68,
    69,
    72,
    74,
    76,
    79,
    85,
    86,
    89,
    90,
    91,
    94,
    95,
    97,
    98,
    101,
    103,
    104,
    106,
    108,
    111,
    114,
    115,
    116,
    117,
    118,
    120,
    121,
    123,
    127,
    128,
    129,
    130,
    134,
    135,
    136,
    137,
    138,
    139,
    140,
    141,
    142,
    143,
    144,
    146,
    147,
    150,
    151,
    152,
    154,
    155,
    157,
    160,
    161,
    162,
    163,
    164,
    165,
    167,
    168,
    170,
    172,
    174,
    176,
    178,
    179,
    180,
    181,
    186,
    188,
    189,
    190,
    193,
    195,
    196,
    197,
    199
  ],
  "correct_rate": 57.5,
  "negative_samples_avg_ppl": 0.3656431108112941,
  "positive_samples_avg_ppl": 0.2874706160393683
}