{
  "correct_idxs": [
    0,
    1,
    2,
    5,
    7,
    11,
    12,
    16,
    18,
    19,
    20,
    21,
    23,
    24,
    25,
    26,
    31,
    32,
    36,
    38,
    43,
    46,
    48,
    49,
    52,
    56,
    59,
    60,
    63,
    64,
    68,
    73,
    76,
    80,
    83,
    84,
    85,
    86,
    87,
    89,
    90,
    91,
    92,
    96,
    97,
    100,
    101,
    103,
    105,
    106,
    107,
    108,
    109,
    111,
    113,
    114,
    115,
    118,
    120,
    126,
    127,
    129,
    130,
    132,
    134,
    135,
    136,
    138,
    139,
    141,
    144,
    146,
    147,
    148,
    150,
    156,
    159,
    160,
    163,
    164,
    166,
    167,
    168,
    171,
    172,
    176,
    177,
    178,
    181,
    185,
    188,
    189,
    191,
    194,
    198
  ],
  "correct_rate": 47.75,
  "negative_samples_avg_ppl": 5106.136690225059,
  "positive_samples_avg_ppl": 5048.658665408562
}