{
  "correct_idxs": [
    0,
    2,
    5,
    7,
    11,
    12,
    24,
    43,
    52,
    54,
    60,
    63,
    64,
    68,
    76,
    85,
    87,
    90,
    92,
    93,
    96,
    97,
    103,
    107,
    108,
    111,
    118,
    120,
    130,
    132,
    134,
    136,
    138,
    141,
    144,
    146,
    148,
    150,
    156,
    159,
    167,
    172,
    176,
    178,
    181,
    188,
    191,
    198
  ],
  "correct_rate": 45.714285714285715,
  "negative_samples_avg_ppl": 3005.664542929993,
  "positive_samples_avg_ppl": 2858.622767754038
}