{
  "correct_idxs": [
    0,
    1,
    5,
    6,
    7,
    8,
    9,
    11,
    12,
    13,
    16,
    19,
    20,
    21,
    22,
    24,
    25,
    26,
    34,
    36,
    37,
    38,
    40,
    42,
    47,
    48,
    49,
    50,
    52,
    54,
    56,
    58,
    60,
    62,
    63,
    64,
    68,
    72,
    73,
    74,
    76,
    78,
    79,
    80,
    83,
    85,
    90,
    91,
    92,
    95,
    97,
    99,
    100,
    103,
    105,
    106,
    107,
    108,
    109,
    111,
    114,
    115,
    117,
    118,
    120,
    123,
    125,
    126,
    127,
    131,
    132,
    133,
    134,
    135,
    136,
    137,
    138,
    139,
    140,
    141,
    143,
    144,
    146,
    147,
    148,
    150,
    154,
    156,
    157,
    158,
    159,
    164,
    166,
    167,
    169,
    172,
    173,
    175,
    176,
    177,
    179,
    181,
    184,
    185,
    186,
    187,
    188,
    189,
    192,
    194,
    198
  ],
  "correct_rate": 55.5,
  "negative_samples_avg_ppl": 5354.00175991376,
  "positive_samples_avg_ppl": 5267.827330970027
}