{
  "correct_idxs": [
    1,
    2,
    4,
    11,
    13,
    16,
    17,
    18,
    23,
    25,
    26,
    32,
    33,
    34,
    35,
    38,
    39,
    40,
    43,
    48,
    50,
    51,
    54,
    55,
    57,
    59,
    60,
    64,
    65,
    66,
    67,
    69,
    71,
    73,
    74,
    76,
    79,
    81,
    85,
    86,
    87,
    88,
    91,
    93,
    94,
    96,
    97,
    100,
    103,
    104,
    105,
    107,
    109,
    110,
    112,
    113,
    114,
    115,
    118,
    119,
    120,
    124,
    126,
    127,
    129,
    131,
    133,
    134,
    137,
    140,
    144,
    145,
    148,
    149,
    151,
    152,
    155,
    158,
    163,
    165,
    166,
    168,
    170,
    171,
    173,
    177,
    178,
    183,
    185,
    186,
    187,
    188,
    191,
    193,
    196,
    197
  ],
  "correct_rate": 48.0,
  "negative_samples_avg_ppl": 0.0053430793010365955,
  "positive_samples_avg_ppl": 0.005526270034482082
}