{
  "correct_idxs": [
    0,
    3,
    4,
    5,
    7,
    10,
    11,
    13,
    15,
    17,
    21,
    22,
    23,
    25,
    26,
    27,
    28,
    29,
    30,
    33,
    35,
    40,
    41,
    42,
    44,
    45,
    47,
    52,
    53,
    54,
    56,
    59,
    60,
    65,
    67,
    70,
    71,
    73,
    74,
    76,
    79,
    80,
    82,
    85,
    88,
    93,
    94,
    95,
    98,
    100,
    104,
    108,
    109,
    110,
    112,
    117,
    121,
    122,
    123,
    124,
    125,
    127,
    131,
    133,
    134,
    136,
    138,
    140,
    143,
    144,
    146,
    147,
    148,
    150,
    153,
    154,
    156,
    159,
    160,
    161,
    162,
    165,
    166,
    168,
    171,
    172,
    175,
    176,
    181,
    182,
    183,
    184,
    185,
    186,
    189,
    190,
    192,
    195
  ],
  "correct_rate": 49.0,
  "negative_samples_avg_ppl": 75.51123026456864,
  "positive_samples_avg_ppl": 82.9298901354496
}