{
  "correct_idxs": [
    2,
    3,
    5,
    6,
    12,
    13,
    19,
    20,
    21,
    23,
    24,
    25,
    26,
    27,
    28,
    29,
    32,
    37,
    38,
    39,
    40,
    41,
    43,
    45,
    46,
    49,
    50,
    52,
    54,
    55,
    57,
    58,
    61,
    63,
    66,
    67,
    68,
    69,
    71,
    73,
    74,
    76,
    78,
    84,
    85,
    91,
    93,
    96,
    99,
    101,
    104,
    105,
    106,
    107,
    109,
    111,
    115,
    117,
    118,
    119,
    122,
    125,
    128,
    130,
    131,
    132,
    134,
    136,
    137,
    139,
    141,
    144,
    148,
    149,
    150,
    151,
    155,
    156,
    157,
    159,
    160,
    162,
    163,
    164,
    165,
    166,
    168,
    169,
    173,
    176,
    179,
    180,
    182,
    187,
    189,
    190,
    191,
    193,
    196,
    197,
    198
  ],
  "correct_rate": 50.5,
  "negative_samples_avg_ppl": 885.3563666964521,
  "positive_samples_avg_ppl": 700.6607985136604
}