{
  "correct_idxs": [
    2,
    3,
    4,
    8,
    9,
    14,
    15,
    19,
    23,
    24,
    25,
    26,
    27,
    29,
    30,
    31,
    32,
    34,
    36,
    37,
    40,
    41,
    42,
    44,
    46,
    47,
    48,
    49,
    51,
    52,
    54,
    56,
    57,
    58,
    60,
    61,
    63,
    66,
    68,
    70,
    71,
    73,
    75,
    76,
    83,
    84,
    85,
    89,
    90,
    91,
    94,
    96,
    97,
    100,
    103,
    105,
    107,
    109,
    111,
    112,
    113,
    115,
    117,
    118,
    122,
    125,
    126,
    128,
    133,
    134,
    135,
    138,
    145,
    147,
    148,
    151,
    154,
    155,
    157,
    160,
    161,
    164,
    167,
    168,
    170,
    176,
    177,
    178,
    180,
    182,
    184,
    185,
    187,
    188,
    189,
    192,
    193,
    194,
    196,
    197,
    199
  ],
  "correct_rate": 50.5,
  "negative_samples_avg_ppl": 56.75557133433394,
  "positive_samples_avg_ppl": 73.82021138699777
}