{
  "correct_idxs": [
    0,
    2,
    4,
    5,
    7,
    8,
    9,
    12,
    13,
    15,
    18,
    19,
    21,
    26,
    27,
    28,
    30,
    34,
    36,
    37,
    40,
    42,
    43,
    50,
    51,
    54,
    56,
    57,
    63,
    64,
    66,
    69,
    70,
    71,
    75,
    76,
    77,
    78,
    82,
    83,
    84,
    85,
    89,
    91,
    92,
    96,
    97,
    99,
    100,
    104,
    106,
    107,
    118,
    120,
    125,
    129,
    133,
    134,
    140,
    142,
    143,
    149,
    152,
    155,
    157,
    158,
    160,
    161,
    165,
    167,
    169,
    170,
    178,
    179,
    180,
    181,
    182,
    184,
    185,
    188,
    189,
    190,
    191,
    193,
    194,
    195,
    196,
    197,
    199
  ],
  "correct_rate": 44.5,
  "negative_samples_avg_ppl": 878.9600544686563,
  "positive_samples_avg_ppl": 1102.574874812118
}