{
  "correct_idxs": [
    0,
    7,
    8,
    9,
    11,
    12,
    16,
    17,
    21,
    22,
    24,
    26,
    27,
    28,
    29,
    31,
    32,
    33,
    34,
    36,
    37,
    38,
    39,
    44,
    45,
    46,
    47,
    48,
    50,
    52,
    53,
    54,
    55,
    57,
    60,
    61,
    62,
    67,
    68,
    70,
    71,
    72,
    73,
    74,
    75,
    76,
    77,
    80,
    82,
    83,
    84,
    86,
    87,
    89,
    91,
    92,
    95,
    97,
    98,
    99,
    101,
    102,
    103,
    104,
    106,
    107,
    108,
    111,
    112,
    113,
    114,
    115,
    116,
    117,
    118,
    120,
    121,
    124,
    125,
    126,
    127,
    129,
    131,
    132,
    133,
    134,
    135,
    137,
    138,
    139,
    140,
    141,
    142,
    143,
    144,
    145,
    146,
    148,
    149,
    150,
    155,
    158,
    160,
    161,
    162,
    163,
    164,
    165,
    170,
    171,
    172,
    174,
    175,
    176,
    178,
    180,
    181,
    182,
    183,
    184,
    185,
    186,
    187,
    189,
    190,
    191,
    192,
    196,
    198
  ],
  "correct_rate": 64.5,
  "negative_samples_avg_ppl": 18.578435411886154,
  "positive_samples_avg_ppl": 16.09249120803358
}