{
  "correct_idxs": [
    3,
    6,
    7,
    10,
    11,
    13,
    15,
    16,
    17,
    19,
    21,
    22,
    23,
    24,
    25,
    26,
    29,
    31,
    32,
    33,
    34,
    37,
    45,
    46,
    47,
    49,
    52,
    53,
    55,
    56,
    59,
    60,
    62,
    64,
    66,
    67,
    69,
    70,
    71,
    72,
    73,
    76,
    77,
    78,
    80,
    81,
    83,
    85,
    86,
    90,
    91,
    92,
    93,
    95,
    96,
    98,
    99,
    100,
    102,
    103,
    104,
    105,
    106,
    110,
    111,
    112,
    113,
    114,
    115,
    116,
    118,
    119,
    120,
    121,
    123,
    125,
    127,
    128,
    131,
    132,
    133,
    134,
    136,
    137,
    138,
    139,
    140,
    141,
    142,
    143,
    145,
    146,
    147,
    148,
    150,
    153,
    155,
    156,
    159,
    160,
    161,
    163,
    164,
    165,
    166,
    167,
    168,
    170,
    171,
    172,
    173,
    174,
    175,
    176,
    177,
    178,
    180,
    184,
    185,
    186,
    189,
    190,
    191,
    192,
    193,
    194,
    195,
    196,
    197,
    199
  ],
  "correct_rate": 65.0,
  "negative_samples_avg_ppl": 0.15515395490340017,
  "positive_samples_avg_ppl": 0.11504507854456782
}