{
  "correct_idxs": [
    0,
    1,
    2,
    4,
    6,
    7,
    9,
    14,
    15,
    16,
    18,
    19,
    20,
    22,
    23,
    24,
    25,
    27,
    30,
    31,
    32,
    35,
    36,
    38,
    40,
    41,
    42,
    45,
    48,
    49,
    51,
    53,
    55,
    57,
    58,
    59,
    60,
    64,
    65,
    66,
    67,
    69,
    70,
    72,
    75,
    76,
    77,
    79,
    80,
    81,
    83,
    84,
    85,
    87,
    88,
    90,
    91,
    92,
    95,
    98,
    99,
    100,
    101,
    102,
    104,
    108,
    111,
    112,
    115,
    116,
    118,
    119,
    120,
    122,
    123,
    124,
    125,
    127,
    128,
    130,
    132,
    133,
    134,
    135,
    139,
    141,
    143,
    144,
    145,
    146,
    147,
    148,
    149,
    150,
    151,
    152,
    153,
    156,
    157,
    159,
    160,
    161,
    162,
    164,
    165,
    171,
    172,
    173,
    177,
    181,
    182,
    184,
    189,
    192,
    194,
    195,
    197
  ],
  "correct_rate": 58.75,
  "negative_samples_avg_ppl": 173.6156721513173,
  "positive_samples_avg_ppl": 132.66219228907693
}