{
  "correct_idxs": [
    1,
    5,
    7,
    8,
    9,
    11,
    12,
    16,
    20,
    22,
    24,
    31,
    32,
    33,
    34,
    38,
    39,
    40,
    41,
    42,
    45,
    46,
    47,
    48,
    49,
    51,
    54,
    56,
    57,
    61,
    64,
    66,
    67,
    68,
    69,
    74,
    77,
    78,
    79,
    83,
    84,
    85,
    86,
    87,
    89,
    92,
    95,
    96,
    97,
    99,
    100,
    101,
    103,
    104,
    106,
    107,
    109,
    110,
    111,
    113,
    114,
    115,
    118,
    119,
    120,
    122,
    123,
    124,
    129,
    132,
    133,
    136,
    138,
    141,
    142,
    144,
    145,
    149,
    150,
    152,
    154,
    155,
    156,
    157,
    161,
    162,
    163,
    164,
    167,
    170,
    172,
    173,
    174,
    181,
    184,
    185,
    191,
    192,
    193,
    196,
    199
  ],
  "correct_rate": 51.794871794871796,
  "negative_samples_avg_ppl": 237.30639869477028,
  "positive_samples_avg_ppl": 237.86925996929568
}