{
  "correct_idxs": [
    0,
    1,
    2,
    5,
    8,
    9,
    11,
    12,
    13,
    14,
    16,
    18,
    21,
    22,
    24,
    27,
    30,
    32,
    34,
    35,
    36,
    38,
    40,
    41,
    42,
    43,
    45,
    47,
    49,
    50,
    51,
    53,
    55,
    56,
    57,
    58,
    59,
    62,
    64,
    65,
    66,
    68,
    72,
    79,
    83,
    85,
    86,
    89,
    91,
    92,
    95,
    96,
    98,
    99,
    101,
    103,
    104,
    105,
    106,
    108,
    120,
    121,
    123,
    127,
    128,
    129,
    130,
    131,
    132,
    133,
    134,
    135,
    136,
    141,
    142,
    144,
    145,
    149,
    153,
    154,
    155,
    156,
    162,
    163,
    164,
    165,
    167,
    168,
    169,
    172,
    173,
    176,
    177,
    178,
    180,
    181,
    182,
    185,
    186,
    187,
    188,
    192,
    193,
    194,
    196,
    198,
    199
  ],
  "correct_rate": 53.5,
  "negative_samples_avg_ppl": 146.29515201621265,
  "positive_samples_avg_ppl": 137.28575874797644
}