{
  "correct_idxs": [
    1,
    7,
    11,
    12,
    13,
    20,
    32,
    33,
    34,
    38,
    39,
    42,
    45,
    46,
    47,
    48,
    68,
    78,
    83,
    86,
    95,
    96,
    99,
    100,
    103,
    104,
    111,
    114,
    115,
    122,
    123,
    124,
    128,
    133,
    137,
    141,
    150,
    154,
    162,
    167,
    169,
    174,
    181,
    184,
    185,
    198,
    199
  ],
  "correct_rate": 44.76190476190476,
  "negative_samples_avg_ppl": 164.43465011114336,
  "positive_samples_avg_ppl": 168.6307882677598
}