{
  "correct_idxs": [
    0,
    1,
    2,
    5,
    8,
    9,
    11,
    12,
    13,
    20,
    22,
    30,
    36,
    38,
    40,
    42,
    43,
    44,
    45,
    47,
    49,
    50,
    54,
    56,
    57,
    61,
    64,
    66,
    67,
    68,
    69,
    71,
    78,
    81,
    83,
    84,
    85,
    89,
    92,
    93,
    96,
    97,
    98,
    99,
    101,
    104,
    106,
    107,
    108,
    112,
    121,
    122,
    123,
    124,
    125,
    129,
    132,
    133,
    136,
    137,
    138,
    141,
    142,
    149,
    152,
    153,
    154,
    157,
    163,
    164,
    167,
    168,
    169,
    172,
    173,
    174,
    175,
    181,
    182,
    185,
    186,
    187,
    188,
    191,
    192,
    193,
    196,
    197
  ],
  "correct_rate": 44.0,
  "negative_samples_avg_ppl": 140.5733636565965,
  "positive_samples_avg_ppl": 148.42802263971458
}