{
  "correct_idxs": [
    0,
    4,
    6,
    8,
    10,
    11,
    14,
    15,
    16,
    17,
    21,
    22,
    23,
    24,
    28,
    29,
    31,
    33,
    39,
    40,
    41,
    42,
    43,
    45,
    49,
    51,
    52,
    53,
    54,
    60,
    61,
    63,
    68,
    69,
    70,
    72,
    73,
    74,
    75,
    76,
    77,
    78,
    81,
    82,
    83,
    85,
    90,
    92,
    93,
    97,
    98,
    101,
    105,
    107,
    112,
    114,
    115,
    120,
    127,
    131,
    133,
    137,
    138,
    139,
    141,
    142,
    143,
    145,
    150,
    151,
    152,
    153,
    154,
    155,
    157,
    163,
    164,
    167,
    168,
    169,
    170,
    172,
    174,
    175,
    176,
    177,
    180,
    181,
    186,
    188,
    190,
    192,
    193,
    195,
    198,
    199
  ],
  "correct_rate": 48.0,
  "negative_samples_avg_ppl": 6.386362901111431,
  "positive_samples_avg_ppl": 6.155747019141095
}