{
  "correct_idxs": [
    0,
    1,
    2,
    3,
    4,
    5,
    6,
    7,
    8,
    9,
    10,
    11,
    12,
    14,
    15,
    17,
    19,
    20,
    21,
    23,
    24,
    25,
    27,
    28,
    29,
    32,
    33,
    34,
    35,
    36,
    37,
    38,
    39,
    42,
    43,
    44,
    45,
    46,
    48,
    49,
    51,
    53,
    54,
    55,
    57,
    58,
    59,
    63,
    64,
    65,
    66,
    67,
    68,
    69,
    70,
    72,
    73,
    74,
    75,
    76,
    77,
    79,
    80,
    81,
    82,
    83,
    84,
    85,
    86,
    87,
    88,
    89,
    91,
    92,
    93,
    95,
    96,
    97,
    98,
    99,
    101,
    102,
    103,
    104,
    105,
    106,
    107,
    108,
    109,
    110,
    111,
    113,
    114,
    115,
    116,
    117,
    118,
    120,
    121,
    122,
    124,
    126,
    127,
    128,
    130,
    131,
    132,
    133,
    135,
    136,
    138,
    139,
    140,
    141,
    142,
    143,
    144,
    145,
    146,
    147,
    148,
    149,
    150,
    151,
    152,
    153,
    154,
    155,
    157,
    158,
    159,
    165,
    166,
    167,
    168,
    169,
    170,
    171,
    172,
    174,
    175,
    176,
    177,
    178,
    179,
    180,
    182,
    184,
    185,
    187,
    189,
    191,
    192,
    193,
    194,
    195,
    196,
    197,
    199
  ],
  "correct_rate": 79.5,
  "negative_samples_avg_ppl": 0.015043384970825061,
  "positive_samples_avg_ppl": 0.005503735667074033
}