{
  "correct_idxs": [
    1,
    2,
    4,
    5,
    6,
    7,
    8,
    9,
    10,
    13,
    14,
    15,
    16,
    17,
    19,
    20,
    21,
    23,
    25,
    26,
    28,
    29,
    30,
    31,
    33,
    35,
    36,
    37,
    38,
    39,
    40,
    41,
    43,
    44,
    46,
    48,
    49,
    50,
    51,
    52,
    53,
    55,
    57,
    58,
    59,
    61,
    62,
    63,
    64,
    65,
    66,
    67,
    69,
    73,
    74,
    75,
    76,
    77,
    79,
    80,
    81,
    82,
    83,
    84,
    87,
    89,
    90,
    91,
    92,
    93,
    94,
    95,
    96,
    97,
    100,
    102,
    104,
    105,
    106,
    107,
    108,
    110,
    111,
    112,
    113,
    115,
    117,
    118,
    119,
    120,
    121,
    122,
    123,
    124,
    125,
    126,
    127,
    129,
    132,
    133,
    136,
    137,
    138,
    139,
    140,
    142,
    143,
    144,
    146,
    148,
    149,
    150,
    151,
    152,
    153,
    155,
    156,
    158,
    159,
    161,
    163,
    165,
    169,
    171,
    173,
    174,
    175,
    176,
    177,
    179,
    181,
    182,
    183,
    186,
    187,
    188,
    189,
    190,
    191,
    192,
    193,
    194
  ],
  "correct_rate": 71.0,
  "negative_samples_avg_ppl": 0.17456464410338113,
  "positive_samples_avg_ppl": 0.11383900602935951
}