{
  "correct_idxs": [
    6,
    8,
    11,
    13,
    17,
    20,
    21,
    23,
    24,
    28,
    29,
    32,
    38,
    39,
    40,
    41,
    42,
    43,
    44,
    45,
    49,
    50,
    52,
    53,
    54,
    57,
    59,
    60,
    61,
    62,
    68,
    69,
    70,
    73,
    74,
    75,
    78,
    79,
    81,
    82,
    83,
    84,
    85,
    88,
    90,
    92,
    97,
    98,
    99,
    100,
    103,
    105,
    107,
    108,
    109,
    113,
    121,
    122,
    123,
    124,
    125,
    126,
    127,
    128,
    130,
    131,
    132,
    133,
    135,
    137,
    140,
    141,
    142,
    143,
    149,
    150,
    151,
    152,
    157,
    165,
    169,
    172,
    173,
    174,
    175,
    176,
    177,
    179,
    182,
    186,
    187,
    188,
    189,
    191,
    192,
    194,
    197,
    199
  ],
  "correct_rate": 49.0,
  "negative_samples_avg_ppl": 6.623923203197676,
  "positive_samples_avg_ppl": 6.673449243151552
}