{
  "correct_idxs": [
    2,
    4,
    5,
    7,
    8,
    9,
    10,
    13,
    14,
    15,
    16,
    17,
    19,
    20,
    21,
    22,
    23,
    25,
    26,
    28,
    29,
    30,
    31,
    33,
    35,
    37,
    38,
    39,
    40,
    41,
    44,
    46,
    48,
    49,
    51,
    52,
    54,
    55,
    56,
    57,
    58,
    61,
    62,
    63,
    64,
    65,
    66,
    67,
    69,
    73,
    74,
    75,
    76,
    77,
    79,
    81,
    82,
    83,
    84,
    85,
    87,
    89,
    90,
    91,
    92,
    93,
    94,
    95,
    97,
    100,
    101,
    102,
    103,
    105,
    106,
    107,
    108,
    109,
    110,
    111,
    112,
    113,
    114,
    115,
    118,
    119,
    120,
    122,
    123,
    124,
    125,
    126,
    129,
    132,
    133,
    136,
    137,
    138,
    139,
    140,
    142,
    143,
    144,
    145,
    146,
    147,
    148,
    152,
    153,
    154,
    155,
    156,
    157,
    159,
    160,
    161,
    162,
    163,
    164,
    165,
    169,
    171,
    173,
    176,
    177,
    180,
    182,
    183,
    184,
    186,
    188,
    189,
    191,
    192,
    193,
    195,
    197,
    198
  ],
  "correct_rate": 69.0,
  "negative_samples_avg_ppl": 5.13806255237937,
  "positive_samples_avg_ppl": 2.6048290846886495
}