{
  "correct_idxs": [
    1,
    3,
    5,
    8,
    10,
    13,
    15,
    16,
    17,
    18,
    24,
    27,
    28,
    30,
    31,
    36,
    37,
    38,
    39,
    41,
    43,
    44,
    45,
    48,
    49,
    50,
    52,
    54,
    57,
    58,
    61,
    63,
    68,
    69,
    73,
    74,
    76,
    77,
    82,
    84,
    86,
    87,
    88,
    90,
    93,
    95,
    100,
    103,
    107,
    108,
    109,
    112,
    114,
    118,
    120,
    123,
    124,
    125,
    128,
    130,
    132,
    133,
    134,
    137,
    138,
    141,
    143,
    144,
    150,
    153,
    154,
    155,
    157,
    159,
    160,
    161,
    163,
    164,
    165,
    167,
    169,
    170,
    175,
    176,
    179,
    181,
    183,
    186,
    188,
    190,
    191,
    193,
    194,
    195,
    196
  ],
  "correct_rate": 47.5,
  "negative_samples_avg_ppl": 1.0238490215877851,
  "positive_samples_avg_ppl": 1.024061037096709
}