{
  "correct_idxs": [
    4,
    5,
    7,
    8,
    9,
    12,
    13,
    14,
    15,
    16,
    17,
    18,
    19,
    20,
    21,
    22,
    24,
    25,
    26,
    29,
    30,
    31,
    32,
    33,
    36,
    37,
    38,
    39,
    40,
    41,
    42,
    43,
    45,
    47,
    48,
    49,
    50,
    51,
    52,
    53,
    59,
    60,
    63,
    64,
    68,
    71,
    73,
    77,
    80,
    82,
    83,
    84,
    89,
    90,
    91,
    92,
    94,
    95,
    97,
    98,
    101,
    103,
    104,
    108,
    109,
    110,
    111,
    113,
    114,
    115,
    116,
    117,
    118,
    120,
    121,
    122,
    125,
    126,
    127,
    128,
    129,
    130,
    131,
    132,
    134,
    135,
    136,
    139,
    140,
    141,
    146,
    147,
    148,
    149,
    157,
    159,
    160,
    161,
    162,
    163,
    165,
    166,
    167,
    168,
    169,
    171,
    172,
    174,
    175,
    176,
    177,
    178,
    181,
    182,
    183,
    184,
    185,
    190,
    193,
    194,
    195,
    196,
    197,
    199
  ],
  "correct_rate": 62.0,
  "negative_samples_avg_ppl": 0.4733068870586951,
  "positive_samples_avg_ppl": 0.4254531556388761
}