{
  "correct_idxs": [
    2,
    3,
    4,
    8,
    9,
    11,
    14,
    15,
    16,
    18,
    23,
    26,
    27,
    29,
    30,
    32,
    33,
    34,
    37,
    38,
    39,
    40,
    43,
    47,
    50,
    52,
    56,
    58,
    62,
    63,
    65,
    66,
    69,
    70,
    71,
    74,
    76,
    77,
    78,
    79,
    80,
    85,
    86,
    91,
    92,
    93,
    94,
    95,
    97,
    99,
    100,
    101,
    102,
    103,
    104,
    105,
    107,
    108,
    109,
    111,
    112,
    113,
    114,
    116,
    117,
    118,
    119,
    123,
    124,
    125,
    126,
    128,
    133,
    134,
    135,
    136,
    138,
    139,
    144,
    145,
    147,
    148,
    149,
    150,
    151,
    153,
    156,
    162,
    163,
    165,
    166,
    174,
    177,
    181,
    184,
    185,
    187,
    189,
    190,
    193,
    194,
    196,
    198
  ],
  "correct_rate": 53.0,
  "negative_samples_avg_ppl": 4.183903721273487,
  "positive_samples_avg_ppl": 4.431656594047041
}