{
  "correct_idxs": [
    0,
    2,
    5,
    6,
    9,
    10,
    11,
    12,
    18,
    21,
    22,
    24,
    26,
    27,
    28,
    31,
    33,
    34,
    35,
    36,
    37,
    38,
    41,
    42,
    43,
    44,
    45,
    47,
    48,
    50,
    51,
    52,
    53,
    54,
    55,
    59,
    60,
    63,
    65,
    66,
    69,
    70,
    71,
    72,
    73,
    74,
    76,
    77,
    78,
    79,
    81,
    82,
    83,
    84,
    88,
    89,
    90,
    91,
    93,
    95,
    97,
    99,
    102,
    104,
    106,
    108,
    111,
    112,
    113,
    114,
    115,
    117,
    118,
    120,
    121,
    122,
    123,
    125,
    126,
    127,
    129,
    131,
    132,
    134,
    135,
    136,
    138,
    140,
    141,
    144,
    145,
    146,
    147,
    148,
    149,
    150,
    153,
    154,
    156,
    158,
    159,
    160,
    161,
    164,
    166,
    167,
    168,
    172,
    173,
    174,
    178,
    179,
    180,
    181,
    182,
    183,
    184,
    185,
    186,
    187,
    188,
    189,
    190,
    195,
    197,
    199
  ],
  "correct_rate": 63.0,
  "negative_samples_avg_ppl": 5.791211656904548,
  "positive_samples_avg_ppl": 4.875668301582908
}