{
  "correct_idxs": [
    0,
    1,
    2,
    3,
    4,
    5,
    8,
    9,
    10,
    11,
    13,
    14,
    15,
    17,
    20,
    21,
    22,
    23,
    24,
    27,
    28,
    29,
    31,
    32,
    34,
    35,
    36,
    37,
    38,
    39,
    40,
    41,
    43,
    44,
    45,
    46,
    47,
    48,
    49,
    52,
    54,
    55,
    56,
    57,
    58,
    59,
    60,
    63,
    64,
    65,
    67,
    69,
    70,
    71,
    72,
    73,
    75,
    76,
    77,
    78,
    79,
    80,
    82,
    83,
    85,
    86,
    88,
    89,
    90,
    93,
    95,
    98,
    100,
    101,
    102,
    104,
    106,
    111,
    112,
    113,
    115,
    116,
    117,
    118,
    119,
    120,
    121,
    122,
    123,
    124,
    125,
    126,
    128,
    129,
    130,
    131,
    132,
    133,
    135,
    136,
    137,
    138,
    139,
    141,
    142,
    143,
    145,
    146,
    147,
    149,
    150,
    152,
    154,
    155,
    156,
    159,
    161,
    166,
    167,
    169,
    170,
    171,
    172,
    173,
    174,
    175,
    177,
    178,
    179,
    186,
    187,
    188,
    189,
    190,
    193,
    196,
    198,
    199
  ],
  "correct_rate": 69.25,
  "negative_samples_avg_ppl": 6.688501845964445,
  "positive_samples_avg_ppl": 4.998112231664081
}