{
  "correct_idxs": [
    1,
    4,
    5,
    7,
    8,
    11,
    13,
    14,
    16,
    17,
    19,
    20,
    22,
    23,
    24,
    26,
    27,
    32,
    35,
    36,
    37,
    38,
    40,
    41,
    42,
    45,
    49,
    50,
    51,
    52,
    53,
    55,
    57,
    58,
    61,
    62,
    63,
    64,
    65,
    67,
    68,
    69,
    70,
    72,
    76,
    77,
    79,
    80,
    81,
    86,
    87,
    89,
    90,
    91,
    92,
    95,
    97,
    98,
    99,
    100,
    103,
    104,
    106,
    108,
    109,
    111,
    115,
    119,
    120,
    126,
    128,
    130,
    133,
    136,
    138,
    139,
    142,
    151,
    152,
    153,
    154,
    156,
    159,
    160,
    162,
    163,
    165,
    167,
    168,
    173,
    175,
    180,
    181,
    182,
    185,
    186,
    187,
    193,
    194,
    196,
    199
  ],
  "correct_rate": 50.5,
  "negative_samples_avg_ppl": 307.13277315009844,
  "positive_samples_avg_ppl": 317.2136009436052
}