{
  "correct_idxs": [
    1,
    4,
    6,
    7,
    11,
    13,
    14,
    16,
    17,
    19,
    21,
    22,
    23,
    24,
    26,
    27,
    29,
    32,
    35,
    36,
    37,
    40,
    41,
    44,
    45,
    49,
    50,
    51,
    52,
    53,
    55,
    56,
    58,
    62,
    63,
    64,
    65,
    67,
    69,
    71,
    75,
    76,
    77,
    79,
    81,
    82,
    85,
    86,
    87,
    89,
    90,
    91,
    92,
    95,
    97,
    98,
    99,
    100,
    103,
    104,
    108,
    109,
    110,
    112,
    113,
    114,
    115,
    117,
    119,
    120,
    122,
    123,
    124,
    126,
    128,
    130,
    136,
    138,
    139,
    144,
    149,
    153,
    154,
    156,
    159,
    160,
    161,
    163,
    167,
    172,
    173,
    175,
    177,
    180,
    181,
    183,
    186,
    187,
    192,
    194,
    196,
    197,
    199
  ],
  "correct_rate": 51.5,
  "negative_samples_avg_ppl": 367.94894878692855,
  "positive_samples_avg_ppl": 369.8312560402499
}