{
  "correct_idxs": [
    0,
    6,
    7,
    9,
    10,
    11,
    12,
    13,
    14,
    15,
    16,
    19,
    20,
    21,
    22,
    23,
    24,
    25,
    30,
    31,
    32,
    33,
    34,
    35,
    38,
    40,
    42,
    45,
    46,
    47,
    48,
    49,
    53,
    54,
    55,
    56,
    58,
    60,
    61,
    62,
    63,
    64,
    65,
    66,
    67,
    68,
    69,
    70,
    71,
    73,
    76,
    77,
    78,
    81,
    82,
    83,
    84,
    85,
    87,
    88,
    89,
    91,
    92,
    93,
    95,
    97,
    98,
    100,
    101,
    102,
    103,
    105,
    107,
    110,
    114,
    116,
    117,
    118,
    119,
    120,
    121,
    122,
    123,
    124,
    127,
    128,
    131,
    132,
    133,
    136,
    137,
    138,
    140,
    141,
    143,
    144,
    145,
    146,
    147,
    148,
    149,
    150,
    151,
    152,
    153,
    155,
    157,
    158,
    159,
    161,
    163,
    164,
    165,
    167,
    168,
    169,
    170,
    171,
    172,
    173,
    174,
    175,
    176,
    178,
    179,
    180,
    181,
    182,
    184,
    186,
    187,
    188,
    189,
    191,
    192,
    193,
    194,
    195,
    197
  ],
  "correct_rate": 69.5,
  "negative_samples_avg_ppl": 13.736334423998876,
  "positive_samples_avg_ppl": 6.79501701300491
}