{
  "correct_idxs": [
    1,
    6,
    8,
    9,
    17,
    20,
    21,
    25,
    28,
    29,
    30,
    31,
    36,
    37,
    39,
    40,
    42,
    45,
    46,
    47,
    48,
    50,
    57,
    58,
    59,
    61,
    65,
    66,
    67,
    68,
    69,
    70,
    71,
    72,
    73,
    75,
    76,
    79,
    80,
    81,
    83,
    85,
    91,
    94,
    95,
    97,
    100,
    104,
    105,
    110,
    112,
    113,
    122,
    127,
    128,
    129,
    132,
    134,
    135,
    136,
    138,
    142,
    143,
    145,
    147,
    148,
    150,
    152,
    153,
    154,
    155,
    157,
    159,
    160,
    161,
    165,
    175,
    176,
    182,
    184,
    186,
    188,
    189,
    191,
    198,
    199
  ],
  "correct_rate": 43.0,
  "negative_samples_avg_ppl": 3766.303567056475,
  "positive_samples_avg_ppl": 4347.847103696994
}