{
  "correct_idxs": [
    1,
    5,
    6,
    9,
    13,
    17,
    19,
    21,
    24,
    29,
    30,
    39,
    41,
    42,
    44,
    45,
    47,
    48,
    50,
    51,
    52,
    53,
    54,
    55,
    57,
    58,
    61,
    65,
    67,
    68,
    69,
    70,
    71,
    74,
    76,
    79,
    80,
    83,
    85,
    87,
    88,
    92,
    94,
    97,
    100,
    104,
    109,
    110,
    112,
    113,
    116,
    119,
    121,
    128,
    129,
    131,
    132,
    135,
    136,
    141,
    143,
    148,
    150,
    152,
    155,
    158,
    160,
    161,
    164,
    165,
    170,
    173,
    175,
    176,
    177,
    180,
    182,
    183,
    186,
    189,
    191,
    193,
    197,
    198
  ],
  "correct_rate": 42.0,
  "negative_samples_avg_ppl": 6837.354137668505,
  "positive_samples_avg_ppl": 9347.95442599545
}