{
  "correct_idxs": [
    4,
    8,
    9,
    11,
    12,
    23,
    27,
    29,
    37,
    42,
    51,
    54,
    57,
    58,
    61,
    76,
    80,
    82,
    85,
    92,
    95,
    96,
    97,
    98,
    100,
    104,
    105,
    109,
    110,
    113,
    115,
    116,
    119,
    120,
    121,
    122,
    129,
    131,
    132,
    138,
    141,
    157,
    158,
    160,
    169,
    170,
    176,
    177,
    180,
    183,
    187,
    191,
    192,
    193,
    196,
    199
  ],
  "correct_rate": 46.28099173553719,
  "negative_samples_avg_ppl": 15722.982711132556,
  "positive_samples_avg_ppl": 17948.25067766924
}