{
  "correct_idxs": [
    3,
    4,
    5,
    9,
    11,
    12,
    13,
    21,
    27,
    29,
    37,
    38,
    39,
    42,
    44,
    48,
    51,
    52,
    53,
    54,
    55,
    57,
    58,
    59,
    61,
    62,
    69,
    70,
    71,
    73,
    76,
    79,
    80,
    81,
    82,
    85,
    91,
    92,
    95,
    96,
    97,
    98,
    100,
    104,
    105,
    108,
    109,
    110,
    112,
    113,
    115,
    116,
    119,
    120,
    121,
    124,
    128,
    129,
    131,
    132,
    136,
    138,
    141,
    143,
    146,
    148,
    150,
    152,
    157,
    158,
    160,
    161,
    164,
    165,
    168,
    169,
    170,
    171,
    176,
    180,
    182,
    183,
    186,
    187,
    188,
    190,
    191,
    192,
    193,
    196,
    198,
    199
  ],
  "correct_rate": 47.422680412371136,
  "negative_samples_avg_ppl": 23407.494816939226,
  "positive_samples_avg_ppl": 25135.303652867893
}