{
  "correct_idxs": [
    1,
    2,
    3,
    5,
    6,
    7,
    8,
    9,
    10,
    11,
    12,
    13,
    15,
    18,
    19,
    20,
    23,
    27,
    28,
    29,
    34,
    35,
    37,
    39,
    40,
    41,
    46,
    47,
    49,
    51,
    55,
    58,
    60,
    61,
    62,
    64,
    66,
    67,
    69,
    71,
    72,
    76,
    77,
    79,
    83,
    84,
    86,
    87,
    88,
    92,
    96,
    97,
    98,
    102,
    105,
    107,
    110,
    112,
    120,
    122,
    123,
    124,
    125,
    126,
    127,
    128,
    129,
    130,
    134,
    135,
    137,
    139,
    146,
    147,
    150,
    151,
    153,
    156,
    157,
    161,
    164,
    165,
    166,
    167,
    168,
    169,
    173,
    174,
    175,
    176,
    177,
    178,
    179,
    180,
    182,
    183,
    184,
    185,
    187,
    190,
    196,
    197
  ],
  "correct_rate": 51.0,
  "negative_samples_avg_ppl": 0.02512541683376476,
  "positive_samples_avg_ppl": 0.023667937721249435
}