{
  "correct_idxs": [
    0,
    1,
    2,
    3,
    4,
    5,
    8,
    9,
    10,
    11,
    13,
    14,
    20,
    21,
    24,
    25,
    26,
    27,
    29,
    30,
    31,
    32,
    33,
    34,
    38,
    40,
    42,
    43,
    47,
    48,
    50,
    51,
    52,
    55,
    56,
    57,
    59,
    60,
    61,
    62,
    64,
    65,
    66,
    67,
    68,
    69,
    70,
    71,
    72,
    74,
    76,
    77,
    79,
    84,
    85,
    86,
    87,
    90,
    92,
    93,
    95,
    96,
    97,
    98,
    99,
    100,
    101,
    102,
    103,
    104,
    105,
    106,
    108,
    109,
    110,
    111,
    112,
    113,
    114,
    115,
    116,
    117,
    118,
    120,
    123,
    124,
    125,
    126,
    127,
    128,
    129,
    130,
    132,
    133,
    134,
    136,
    138,
    140,
    141,
    142,
    143,
    144,
    145,
    146,
    147,
    148,
    149,
    150,
    152,
    153,
    154,
    155,
    156,
    158,
    159,
    162,
    164,
    165,
    166,
    167,
    168,
    169,
    170,
    171,
    172,
    173,
    174,
    175,
    176,
    177,
    178,
    179,
    181,
    182,
    183,
    185,
    187,
    188,
    190,
    191,
    192,
    193,
    194,
    195,
    197,
    199
  ],
  "correct_rate": 73.0,
  "negative_samples_avg_ppl": 382.6623820558912,
  "positive_samples_avg_ppl": 286.23240472735785
}