{
  "correct_idxs": [
    0,
    2,
    3,
    4,
    5,
    6,
    7,
    9,
    10,
    13,
    15,
    16,
    19,
    22,
    23,
    24,
    25,
    26,
    27,
    31,
    33,
    34,
    35,
    36,
    37,
    38,
    39,
    44,
    45,
    46,
    47,
    48,
    50,
    51,
    52,
    54,
    55,
    56,
    57,
    58,
    60,
    61,
    62,
    63,
    64,
    67,
    70,
    71,
    72,
    74,
    77,
    78,
    80,
    81,
    83,
    85,
    87,
    88,
    89,
    90,
    92,
    93,
    98,
    99,
    100,
    101,
    102,
    104,
    106,
    108,
    112,
    113,
    116,
    118,
    119,
    120,
    121,
    122,
    123,
    125,
    130,
    131,
    132,
    133,
    135,
    138,
    141,
    142,
    145,
    146,
    147,
    149,
    150,
    152,
    154,
    155,
    158,
    165,
    166,
    168,
    172,
    174,
    175,
    177,
    179,
    181,
    182,
    184,
    185,
    186,
    188,
    189,
    190,
    191,
    194,
    195,
    196,
    197,
    198,
    199
  ],
  "correct_rate": 60.0,
  "negative_samples_avg_ppl": 119.51126617362281,
  "positive_samples_avg_ppl": 91.36143062111516
}