{
  "correct_idxs": [
    0,
    4,
    6,
    7,
    9,
    10,
    13,
    15,
    19,
    20,
    21,
    22,
    23,
    26,
    27,
    28,
    31,
    33,
    34,
    36,
    37,
    38,
    39,
    40,
    42,
    44,
    45,
    46,
    48,
    51,
    54,
    55,
    57,
    58,
    60,
    61,
    62,
    64,
    65,
    67,
    68,
    70,
    72,
    73,
    74,
    77,
    78,
    80,
    81,
    82,
    83,
    88,
    90,
    91,
    93,
    98,
    99,
    100,
    101,
    102,
    103,
    106,
    109,
    110,
    112,
    113,
    116,
    118,
    119,
    120,
    122,
    123,
    127,
    128,
    130,
    131,
    132,
    133,
    134,
    138,
    139,
    140,
    141,
    143,
    145,
    146,
    149,
    152,
    154,
    155,
    156,
    158,
    162,
    167,
    168,
    172,
    174,
    177,
    178,
    179,
    182,
    185,
    186,
    188,
    189,
    191,
    194,
    195,
    196,
    197,
    198,
    199
  ],
  "correct_rate": 56.0,
  "negative_samples_avg_ppl": 22.310533215775347,
  "positive_samples_avg_ppl": 19.64455362811419
}