{
  "correct_idxs": [
    2,
    4,
    5,
    7,
    8,
    10,
    11,
    12,
    13,
    14,
    15,
    20,
    24,
    26,
    28,
    29,
    31,
    38,
    39,
    41,
    42,
    43,
    46,
    49,
    50,
    52,
    54,
    56,
    57,
    59,
    61,
    62,
    66,
    68,
    70,
    73,
    74,
    76,
    77,
    83,
    87,
    88,
    90,
    92,
    94,
    96,
    98,
    99,
    100,
    103,
    105,
    106,
    107,
    108,
    111,
    113,
    114,
    117,
    118,
    121,
    122,
    123,
    124,
    125,
    127,
    128,
    131,
    132,
    134,
    135,
    137,
    138,
    140,
    141,
    142,
    145,
    148,
    149,
    150,
    151,
    152,
    154,
    155,
    157,
    160,
    161,
    162,
    167,
    169,
    170,
    173,
    174,
    175,
    177,
    185,
    186,
    189,
    192,
    196,
    198,
    199
  ],
  "correct_rate": 50.5,
  "negative_samples_avg_ppl": 3.820850553581658,
  "positive_samples_avg_ppl": 3.776091409392056
}