{
  "correct_idxs": [
    2,
    3,
    6,
    7,
    8,
    10,
    16,
    18,
    19,
    21,
    22,
    25,
    26,
    27,
    29,
    35,
    38,
    39,
    40,
    42,
    43,
    44,
    46,
    47,
    56,
    57,
    60,
    62,
    64,
    66,
    68,
    69,
    70,
    71,
    73,
    74,
    76,
    77,
    79,
    81,
    82,
    84,
    85,
    88,
    89,
    91,
    92,
    94,
    95,
    97,
    99,
    100,
    102,
    103,
    105,
    107,
    109,
    110,
    111,
    113,
    114,
    115,
    119,
    121,
    123,
    128,
    130,
    132,
    133,
    134,
    135,
    136,
    138,
    140,
    141,
    142,
    143,
    144,
    146,
    147,
    150,
    151,
    154,
    155,
    156,
    157,
    158,
    159,
    160,
    161,
    162,
    163,
    164,
    166,
    167,
    169,
    170,
    171,
    172,
    173,
    175,
    176,
    177,
    178,
    179,
    180,
    181,
    184,
    186,
    187,
    188,
    189,
    190,
    192,
    195,
    196,
    197,
    199
  ],
  "correct_rate": 59.0,
  "negative_samples_avg_ppl": 0.4259658374079331,
  "positive_samples_avg_ppl": 0.24428898479081124
}