{
  "correct_idxs": [
    0,
    1,
    2,
    6,
    8,
    9,
    11,
    17,
    20,
    21,
    22,
    23,
    24,
    26,
    27,
    32,
    35,
    36,
    37,
    38,
    39,
    40,
    43,
    45,
    49,
    50,
    53,
    56,
    59,
    60,
    61,
    63,
    64,
    66,
    67,
    68,
    71,
    72,
    74,
    76,
    77,
    80,
    81,
    82,
    83,
    84,
    85,
    86,
    88,
    89,
    92,
    93,
    94,
    96,
    98,
    99,
    100,
    102,
    103,
    105,
    109,
    112,
    114,
    115,
    116,
    117,
    118,
    119,
    120,
    121,
    124,
    125,
    129,
    130,
    131,
    133,
    134,
    135,
    137,
    139,
    142,
    143,
    144,
    145,
    146,
    149,
    150,
    152,
    156,
    159,
    162,
    163,
    165,
    167,
    168,
    169,
    171,
    172,
    174,
    176,
    180,
    182,
    184,
    185,
    186,
    187,
    189,
    191,
    192,
    193,
    194,
    195,
    196,
    197
  ],
  "correct_rate": 57.0,
  "negative_samples_avg_ppl": 255.4813649284296,
  "positive_samples_avg_ppl": 171.76155327346808
}