{
  "correct_idxs": [
    0,
    3,
    4,
    5,
    6,
    7,
    8,
    12,
    13,
    15,
    16,
    17,
    20,
    21,
    23,
    27,
    28,
    31,
    34,
    35,
    36,
    37,
    38,
    40,
    41,
    43,
    44,
    45,
    48,
    49,
    51,
    54,
    58,
    60,
    61,
    62,
    63,
    64,
    65,
    67,
    71,
    72,
    73,
    75,
    77,
    78,
    79,
    81,
    83,
    86,
    88,
    90,
    93,
    94,
    96,
    98,
    100,
    101,
    104,
    106,
    110,
    113,
    115,
    117,
    118,
    119,
    120,
    122,
    123,
    127,
    129,
    131,
    138,
    139,
    142,
    143,
    144,
    145,
    146,
    147,
    149,
    151,
    152,
    154,
    155,
    156,
    158,
    160,
    163,
    167,
    168,
    169,
    170,
    171,
    172,
    174,
    177,
    178,
    179,
    180,
    182,
    185,
    189,
    191,
    193,
    196,
    198,
    199
  ],
  "correct_rate": 54.0,
  "negative_samples_avg_ppl": 6.383181642951274,
  "positive_samples_avg_ppl": 5.8195494191453
}