{
  "correct_idxs": [
    0,
    1,
    4,
    5,
    6,
    7,
    8,
    9,
    10,
    15,
    20,
    23,
    26,
    27,
    30,
    31,
    32,
    34,
    35,
    36,
    39,
    40,
    43,
    47,
    49,
    50,
    51,
    53,
    55,
    57,
    60,
    61,
    62,
    64,
    65,
    67,
    68,
    73,
    78,
    81,
    82,
    87,
    88,
    90,
    93,
    97,
    98,
    99,
    100,
    101,
    102,
    103,
    104,
    105,
    106,
    108,
    111,
    116,
    118,
    120,
    121,
    126,
    127,
    129,
    130,
    131,
    132,
    133,
    138,
    139,
    141,
    143,
    145,
    146,
    147,
    152,
    153,
    154,
    155,
    159,
    160,
    162,
    164,
    167,
    168,
    169,
    171,
    172,
    174,
    177,
    178,
    179,
    180,
    185,
    187,
    189,
    192,
    193,
    195,
    196,
    199
  ],
  "correct_rate": 50.5,
  "negative_samples_avg_ppl": 0.5070526941008249,
  "positive_samples_avg_ppl": 0.4998604367393485
}