{
  "correct_idxs": [
    0,
    2,
    3,
    7,
    8,
    11,
    12,
    13,
    16,
    17,
    18,
    20,
    21,
    23,
    24,
    25,
    27,
    30,
    31,
    32,
    34,
    36,
    37,
    40,
    44,
    45,
    46,
    47,
    48,
    49,
    50,
    51,
    52,
    53,
    54,
    56,
    57,
    58,
    59,
    60,
    61,
    62,
    63,
    64,
    66,
    67,
    68,
    69,
    70,
    71,
    72,
    74,
    76,
    77,
    79,
    80,
    81,
    83,
    84,
    85,
    86,
    87,
    88,
    89,
    90,
    92,
    93,
    94,
    96,
    98,
    99,
    100,
    101,
    102,
    103,
    104,
    105,
    107,
    108,
    109,
    110,
    111,
    113,
    114,
    115,
    116,
    117,
    118,
    119,
    120,
    121,
    123,
    126,
    128,
    129,
    130,
    132,
    133,
    135,
    138,
    141,
    142,
    143,
    144,
    145,
    146,
    147,
    150,
    151,
    152,
    154,
    157,
    158,
    159,
    160,
    161,
    162,
    164,
    166,
    167,
    168,
    172,
    176,
    177,
    181,
    182,
    183,
    185,
    186,
    187,
    188,
    189,
    191,
    193,
    194,
    195,
    196
  ],
  "correct_rate": 68.5,
  "negative_samples_avg_ppl": 11.019509172485717,
  "positive_samples_avg_ppl": 7.160840294410877
}