{
  "correct_idxs": [
    2,
    7,
    8,
    9,
    10,
    14,
    15,
    16,
    18,
    20,
    22,
    24,
    26,
    27,
    28,
    31,
    32,
    33,
    34,
    35,
    38,
    40,
    43,
    45,
    46,
    48,
    49,
    51,
    52,
    54,
    55,
    56,
    58,
    59,
    60,
    61,
    64,
    67,
    69,
    75,
    76,
    77,
    81,
    82,
    85,
    87,
    90,
    91,
    92,
    94,
    95,
    96,
    97,
    99,
    101,
    102,
    104,
    106,
    107,
    115,
    116,
    119,
    120,
    123,
    125,
    126,
    127,
    128,
    130,
    132,
    135,
    137,
    139,
    140,
    141,
    144,
    145,
    146,
    148,
    149,
    150,
    152,
    153,
    154,
    155,
    157,
    158,
    159,
    160,
    165,
    166,
    167,
    169,
    171,
    172,
    174,
    175,
    176,
    177,
    178,
    180,
    181,
    182,
    185,
    186,
    188,
    189,
    191,
    193,
    194,
    195,
    197,
    198
  ],
  "correct_rate": 56.5,
  "negative_samples_avg_ppl": 0.43329228657317426,
  "positive_samples_avg_ppl": 0.41332354255810744
}