{
  "correct_idxs": [
    3,
    5,
    7,
    8,
    10,
    11,
    13,
    15,
    17,
    18,
    24,
    25,
    27,
    28,
    35,
    37,
    39,
    41,
    43,
    44,
    45,
    47,
    48,
    49,
    50,
    54,
    57,
    58,
    61,
    62,
    63,
    66,
    67,
    68,
    71,
    72,
    74,
    75,
    77,
    78,
    81,
    82,
    84,
    86,
    87,
    90,
    92,
    93,
    94,
    95,
    97,
    99,
    100,
    103,
    107,
    108,
    111,
    112,
    114,
    116,
    118,
    120,
    122,
    124,
    125,
    127,
    128,
    130,
    131,
    132,
    134,
    136,
    137,
    138,
    141,
    143,
    144,
    146,
    148,
    149,
    150,
    153,
    154,
    157,
    159,
    160,
    161,
    163,
    165,
    167,
    169,
    170,
    172,
    173,
    175,
    176,
    179,
    181,
    183,
    185,
    186,
    187,
    188,
    191,
    193,
    195
  ],
  "correct_rate": 53.0,
  "negative_samples_avg_ppl": 1.020984807102161,
  "positive_samples_avg_ppl": 1.0210106591826336
}