{
  "correct_idxs": [
    0,
    1,
    2,
    3,
    5,
    6,
    8,
    9,
    11,
    12,
    13,
    15,
    17,
    19,
    20,
    23,
    25,
    26,
    28,
    31,
    35,
    37,
    38,
    39,
    41,
    42,
    44,
    45,
    46,
    49,
    50,
    51,
    52,
    54,
    55,
    56,
    58,
    59,
    61,
    62,
    63,
    64,
    65,
    67,
    68,
    70,
    71,
    72,
    75,
    76,
    77,
    78,
    80,
    81,
    82,
    84,
    85,
    86,
    87,
    88,
    92,
    93,
    94,
    95,
    96,
    97,
    98,
    99,
    100,
    103,
    104,
    106,
    107,
    108,
    111,
    114,
    116,
    117,
    120,
    121,
    123,
    124,
    125,
    127,
    128,
    130,
    132,
    134,
    135,
    136,
    137,
    138,
    139,
    141,
    142,
    144,
    145,
    146,
    147,
    148,
    149,
    150,
    151,
    154,
    155,
    156,
    157,
    159,
    161,
    162,
    164,
    165,
    168,
    169,
    170,
    172,
    173,
    174,
    175,
    176,
    177,
    178,
    179,
    180,
    181,
    182,
    184,
    185,
    186,
    189,
    193,
    194,
    195,
    196,
    198,
    199
  ],
  "correct_rate": 68.0,
  "negative_samples_avg_ppl": 129.06175415326598,
  "positive_samples_avg_ppl": 82.73776240225821
}