{
  "correct_idxs": [
    2,
    3,
    6,
    8,
    9,
    10,
    11,
    14,
    16,
    17,
    21,
    22,
    23,
    24,
    25,
    26,
    27,
    28,
    29,
    30,
    32,
    33,
    34,
    39,
    43,
    44,
    45,
    46,
    47,
    48,
    51,
    53,
    54,
    55,
    56,
    57,
    61,
    63,
    65,
    71,
    72,
    73,
    75,
    76,
    81,
    83,
    84,
    85,
    86,
    89,
    93,
    95,
    96,
    97,
    102,
    105,
    107,
    112,
    118,
    120,
    122,
    123,
    128,
    129,
    130,
    131,
    133,
    134,
    135,
    137,
    139,
    141,
    144,
    145,
    146,
    147,
    148,
    153,
    155,
    159,
    161,
    164,
    165,
    166,
    171,
    172,
    173,
    174,
    178,
    179,
    180,
    183,
    185,
    189,
    191,
    192,
    193,
    194,
    195
  ],
  "correct_rate": 49.5,
  "negative_samples_avg_ppl": 65.2632223556397,
  "positive_samples_avg_ppl": 64.02597752374491
}