{
  "correct_idxs": [
    1,
    2,
    3,
    5,
    6,
    9,
    10,
    11,
    14,
    15,
    16,
    20,
    21,
    22,
    23,
    24,
    25,
    26,
    27,
    28,
    32,
    35,
    36,
    37,
    38,
    39,
    40,
    41,
    42,
    43,
    44,
    45,
    48,
    51,
    52,
    53,
    54,
    56,
    57,
    65,
    71,
    73,
    75,
    76,
    79,
    82,
    83,
    84,
    85,
    86,
    88,
    89,
    91,
    93,
    96,
    97,
    101,
    102,
    104,
    105,
    106,
    107,
    109,
    112,
    114,
    115,
    118,
    122,
    123,
    126,
    127,
    128,
    129,
    130,
    132,
    133,
    134,
    141,
    143,
    144,
    145,
    146,
    147,
    148,
    153,
    154,
    157,
    159,
    161,
    168,
    171,
    174,
    178,
    182,
    183,
    189,
    195,
    196,
    198,
    199
  ],
  "correct_rate": 50.0,
  "negative_samples_avg_ppl": 62.70457458179638,
  "positive_samples_avg_ppl": 63.26863034481193
}