{
  "correct_idxs": [
    3,
    14,
    18,
    24,
    31,
    32,
    38,
    40,
    41,
    43,
    51,
    52,
    53,
    56,
    58,
    61,
    63,
    71,
    73,
    76,
    77,
    78,
    83,
    93,
    100,
    104,
    106,
    111,
    112,
    114,
    116,
    118,
    119,
    128,
    129,
    135,
    141,
    145,
    148,
    153,
    155,
    157,
    158,
    160,
    164,
    165,
    171,
    179,
    192
  ],
  "correct_rate": 55.68181818181818,
  "negative_samples_avg_ppl": 71.90389564399949,
  "positive_samples_avg_ppl": 70.35807473593137
}