{
  "correct_idxs": [
    3,
    5,
    6,
    7,
    10,
    16,
    18,
    21,
    23,
    24,
    25,
    27,
    28,
    30,
    31,
    32,
    33,
    38,
    39,
    41,
    43,
    46,
    48,
    49,
    51,
    52,
    53,
    54,
    55,
    56,
    57,
    58,
    61,
    63,
    65,
    71,
    72,
    73,
    74,
    75,
    76,
    77,
    78,
    81,
    82,
    83,
    84,
    85,
    86,
    93,
    96,
    97,
    100,
    102,
    103,
    104,
    111,
    113,
    114,
    116,
    118,
    119,
    127,
    128,
    133,
    134,
    135,
    137,
    138,
    141,
    144,
    145,
    146,
    147,
    151,
    153,
    155,
    157,
    160,
    161,
    165,
    166,
    171,
    172,
    173,
    174,
    179,
    182,
    183,
    185,
    191,
    192,
    194,
    195,
    198,
    199
  ],
  "correct_rate": 48.484848484848484,
  "negative_samples_avg_ppl": 102.56357966999386,
  "positive_samples_avg_ppl": 100.90012791777444
}