{
  "correct_idxs": [
    1,
    2,
    3,
    4,
    6,
    8,
    10,
    11,
    14,
    16,
    19,
    22,
    25,
    27,
    29,
    31,
    34,
    35,
    38,
    39,
    42,
    43,
    44,
    45,
    46,
    48,
    49,
    51,
    54,
    60,
    61,
    62,
    63,
    64,
    65,
    68,
    69,
    70,
    71,
    73,
    74,
    75,
    77,
    79,
    81,
    83,
    84,
    89,
    91,
    92,
    93,
    96,
    97,
    99,
    100,
    101,
    103,
    104,
    106,
    107,
    110,
    111,
    112,
    116,
    122,
    126,
    131,
    135,
    138,
    140,
    142,
    148,
    149,
    150,
    154,
    155,
    157,
    162,
    163,
    164,
    165,
    166,
    168,
    169,
    170,
    171,
    173,
    175,
    177,
    183,
    186,
    192,
    193,
    194,
    195,
    196,
    197,
    198,
    199
  ],
  "correct_rate": 49.5,
  "negative_samples_avg_ppl": 0.30864211655632023,
  "positive_samples_avg_ppl": 0.3059297302166325
}