{
  "correct_idxs": [
    1,
    2,
    3,
    5,
    6,
    7,
    8,
    9,
    11,
    13,
    15,
    16,
    19,
    20,
    21,
    23,
    24,
    26,
    27,
    28,
    29,
    33,
    35,
    36,
    40,
    41,
    42,
    43,
    47,
    48,
    49,
    51,
    52,
    55,
    56,
    59,
    60,
    61,
    63,
    69,
    70,
    74,
    76,
    77,
    78,
    79,
    81,
    89,
    90,
    91,
    92,
    94,
    95,
    97,
    99,
    100,
    101,
    102,
    103,
    104,
    105,
    107,
    108,
    112,
    113,
    114,
    119,
    121,
    122,
    124,
    125,
    128,
    129,
    130,
    131,
    134,
    135,
    136,
    138,
    139,
    140,
    141,
    144,
    146,
    147,
    148,
    149,
    150,
    154,
    155,
    156,
    157,
    158,
    160,
    163,
    169,
    170,
    173,
    174,
    176,
    181,
    182,
    183,
    184,
    186,
    190,
    192,
    194,
    199
  ],
  "correct_rate": 54.5,
  "negative_samples_avg_ppl": 8.51969037450869,
  "positive_samples_avg_ppl": 7.026071688251369
}