{
  "correct_idxs": [
    0,
    1,
    2,
    3,
    5,
    6,
    7,
    8,
    9,
    10,
    11,
    12,
    14,
    16,
    20,
    21,
    22,
    23,
    24,
    25,
    27,
    28,
    29,
    30,
    31,
    32,
    33,
    34,
    35,
    36,
    37,
    38,
    39,
    40,
    41,
    44,
    46,
    47,
    48,
    49,
    51,
    52,
    53,
    54,
    57,
    59,
    62,
    63,
    64,
    65,
    66,
    67,
    68,
    69,
    70,
    72,
    73,
    74,
    75,
    76,
    77,
    80,
    81,
    82,
    83,
    84,
    85,
    86,
    87,
    89,
    92,
    93,
    94,
    95,
    96,
    97,
    98,
    99,
    100,
    101,
    102,
    103,
    104,
    105,
    106,
    107,
    109,
    110,
    111,
    113,
    114,
    115,
    116,
    117,
    118,
    120,
    121,
    122,
    126,
    127,
    128,
    130,
    131,
    132,
    133,
    135,
    136,
    138,
    140,
    141,
    142,
    143,
    144,
    145,
    147,
    148,
    149,
    154,
    155,
    156,
    157,
    158,
    159,
    165,
    166,
    167,
    168,
    169,
    170,
    171,
    172,
    174,
    175,
    177,
    178,
    179,
    182,
    183,
    184,
    185,
    186,
    189,
    190,
    191,
    195,
    196,
    197,
    198,
    199
  ],
  "correct_rate": 74.5,
  "negative_samples_avg_ppl": 212.66026905431247,
  "positive_samples_avg_ppl": 110.3241164361101
}