{
  "correct_idxs": [
    2,
    3,
    4,
    5,
    7,
    8,
    9,
    12,
    13,
    15,
    16,
    18,
    19,
    20,
    21,
    23,
    24,
    25,
    26,
    27,
    28,
    30,
    31,
    34,
    37,
    40,
    42,
    43,
    44,
    45,
    46,
    47,
    48,
    49,
    50,
    51,
    52,
    53,
    54,
    55,
    56,
    57,
    60,
    61,
    64,
    66,
    67,
    68,
    69,
    71,
    72,
    74,
    75,
    78,
    79,
    80,
    81,
    84,
    85,
    86,
    87,
    89,
    90,
    92,
    93,
    94,
    96,
    97,
    98,
    99,
    100,
    102,
    103,
    104,
    105,
    106,
    107,
    108,
    109,
    110,
    111,
    113,
    114,
    115,
    116,
    117,
    118,
    119,
    120,
    123,
    125,
    126,
    129,
    130,
    131,
    132,
    135,
    136,
    137,
    139,
    141,
    142,
    143,
    144,
    145,
    146,
    147,
    148,
    150,
    151,
    154,
    157,
    160,
    161,
    162,
    164,
    167,
    168,
    170,
    171,
    172,
    177,
    178,
    181,
    182,
    183,
    184,
    185,
    186,
    187,
    188,
    190,
    191,
    192,
    193,
    195,
    196
  ],
  "correct_rate": 68.5,
  "negative_samples_avg_ppl": 137.48900222007003,
  "positive_samples_avg_ppl": 78.31522998031885
}