{
  "correct_idxs": [
    1,
    4,
    6,
    8,
    9,
    10,
    11,
    12,
    13,
    14,
    15,
    18,
    19,
    21,
    23,
    25,
    26,
    27,
    28,
    29,
    30,
    31,
    33,
    34,
    36,
    38,
    39,
    40,
    41,
    42,
    43,
    44,
    45,
    46,
    48,
    49,
    50,
    55,
    56,
    60,
    62,
    63,
    65,
    66,
    67,
    69,
    71,
    72,
    75,
    76,
    77,
    79,
    80,
    82,
    83,
    85,
    87,
    88,
    90,
    95,
    97,
    98,
    102,
    103,
    105,
    106,
    107,
    108,
    109,
    112,
    113,
    114,
    115,
    117,
    120,
    121,
    125,
    126,
    128,
    129,
    130,
    131,
    134,
    135,
    136,
    137,
    138,
    139,
    140,
    142,
    143,
    144,
    148,
    149,
    150,
    152,
    154,
    155,
    156,
    157,
    158,
    161,
    163,
    164,
    166,
    167,
    168,
    170,
    171,
    172,
    173,
    174,
    175,
    176,
    178,
    179,
    180,
    181,
    185,
    186,
    187,
    188,
    189,
    190,
    192,
    193,
    196,
    198,
    199
  ],
  "correct_rate": 64.5,
  "negative_samples_avg_ppl": 4.402256589293726,
  "positive_samples_avg_ppl": 3.9171967854731933
}