{
  "correct_idxs": [
    2,
    4,
    6,
    8,
    10,
    11,
    12,
    13,
    15,
    17,
    18,
    20,
    21,
    23,
    27,
    28,
    29,
    30,
    31,
    33,
    35,
    37,
    38,
    40,
    41,
    42,
    43,
    44,
    46,
    49,
    52,
    53,
    54,
    56,
    57,
    59,
    60,
    61,
    62,
    64,
    66,
    68,
    70,
    72,
    73,
    74,
    77,
    78,
    83,
    87,
    88,
    90,
    92,
    94,
    96,
    99,
    100,
    103,
    105,
    107,
    108,
    110,
    111,
    114,
    115,
    117,
    121,
    122,
    123,
    124,
    125,
    126,
    127,
    128,
    131,
    132,
    133,
    134,
    135,
    137,
    139,
    140,
    141,
    142,
    143,
    145,
    148,
    149,
    150,
    151,
    152,
    154,
    155,
    161,
    162,
    166,
    167,
    168,
    169,
    170,
    171,
    173,
    174,
    175,
    177,
    178,
    180,
    182,
    185,
    186,
    188,
    189,
    192,
    197,
    198,
    199
  ],
  "correct_rate": 58.0,
  "negative_samples_avg_ppl": 10.674418642428352,
  "positive_samples_avg_ppl": 9.584873923827361
}