{
  "correct_idxs": [
    0,
    1,
    2,
    3,
    4,
    6,
    7,
    8,
    9,
    10,
    13,
    15,
    17,
    18,
    19,
    20,
    21,
    22,
    25,
    26,
    27,
    28,
    29,
    31,
    32,
    34,
    35,
    36,
    37,
    38,
    39,
    40,
    41,
    43,
    44,
    45,
    46,
    48,
    49,
    51,
    55,
    56,
    57,
    58,
    59,
    60,
    61,
    63,
    64,
    65,
    66,
    67,
    71,
    72,
    74,
    75,
    78,
    81,
    82,
    83,
    85,
    86,
    88,
    91,
    92,
    93,
    96,
    98,
    99,
    100,
    101,
    102,
    103,
    104,
    105,
    106,
    108,
    109,
    110,
    112,
    113,
    114,
    115,
    116,
    118,
    119,
    121,
    122,
    123,
    124,
    126,
    127,
    128,
    129,
    130,
    135,
    138,
    139,
    141,
    142,
    143,
    145,
    146,
    147,
    148,
    149,
    150,
    152,
    153,
    154,
    155,
    156,
    157,
    158,
    159,
    160,
    161,
    162,
    163,
    164,
    165,
    166,
    167,
    168,
    170,
    171,
    172,
    175,
    178,
    179,
    180,
    182,
    185,
    186,
    187,
    188,
    189,
    193,
    196,
    198,
    199
  ],
  "correct_rate": 70.5,
  "negative_samples_avg_ppl": 34.23374002098604,
  "positive_samples_avg_ppl": 21.99474636389358
}