{
  "correct_idxs": [
    1,
    4,
    5,
    8,
    11,
    13,
    16,
    18,
    21,
    23,
    28,
    31,
    33,
    34,
    38,
    40,
    48,
    53,
    54,
    56,
    58,
    60,
    62,
    63,
    65,
    66,
    67,
    69,
    71,
    72,
    77,
    79,
    81,
    84,
    85,
    86,
    87,
    88,
    89,
    90,
    91,
    94,
    95,
    100,
    101,
    102,
    107,
    108,
    109,
    110,
    112,
    113,
    114,
    115,
    116,
    117,
    119,
    122,
    124,
    125,
    127,
    128,
    129,
    130,
    131,
    134,
    135,
    136,
    137,
    138,
    139,
    140,
    142,
    147,
    148,
    150,
    151,
    152,
    155,
    158,
    161,
    163,
    164,
    165,
    166,
    167,
    170,
    171,
    173,
    176,
    177,
    178,
    179,
    182,
    183,
    186,
    187,
    192,
    195,
    196,
    197,
    199
  ],
  "correct_rate": 51.0,
  "negative_samples_avg_ppl": 8090.273804668778,
  "positive_samples_avg_ppl": 6577.992145969185
}