{
  "correct_idxs": [
    1,
    2,
    4,
    5,
    8,
    11,
    13,
    14,
    15,
    16,
    18,
    21,
    23,
    26,
    28,
    31,
    34,
    35,
    37,
    38,
    40,
    41,
    48,
    53,
    54,
    56,
    58,
    60,
    63,
    65,
    66,
    67,
    69,
    71,
    74,
    77,
    79,
    81,
    83,
    84,
    85,
    87,
    88,
    90,
    95,
    97,
    100,
    101,
    102,
    106,
    107,
    108,
    109,
    110,
    112,
    114,
    115,
    116,
    117,
    119,
    122,
    124,
    125,
    126,
    127,
    128,
    129,
    130,
    134,
    136,
    137,
    139,
    150,
    151,
    152,
    158,
    159,
    165,
    166,
    167,
    169,
    170,
    171,
    173,
    176,
    177,
    178,
    179,
    182,
    183,
    186,
    187,
    191,
    192,
    195,
    196,
    197,
    198,
    199
  ],
  "correct_rate": 49.5,
  "negative_samples_avg_ppl": 10090.559706241793,
  "positive_samples_avg_ppl": 9017.772823707779
}