{
  "correct_idxs": [],
  "correct_rate": 0.0,
  "negative_samples_avg_ppl": 22.792395171128923,
  "positive_samples_avg_ppl": 22.792395171128923
}