{
  "correct_idxs": [
    1,
    2,
    8,
    10,
    13,
    15,
    19,
    22,
    23,
    27,
    31,
    33,
    34,
    35,
    36,
    38,
    40,
    43,
    45,
    47,
    48,
    49,
    51,
    52,
    56,
    57,
    61,
    62,
    63,
    64,
    66,
    69,
    72,
    76,
    80,
    82,
    85,
    87,
    89,
    90,
    91,
    92,
    95,
    96,
    99,
    104,
    106,
    107,
    110,
    112,
    114,
    115,
    116,
    118,
    119,
    120,
    122,
    123,
    124,
    125,
    126,
    127,
    128,
    130,
    131,
    132,
    133,
    134,
    135,
    136,
    137,
    138,
    139,
    140,
    141,
    144,
    146,
    148,
    149,
    150,
    152,
    153,
    154,
    156,
    158,
    159,
    160,
    161,
    165,
    166,
    167,
    168,
    169,
    172,
    173,
    175,
    176,
    177,
    178,
    179,
    180,
    182,
    185,
    186,
    188,
    190,
    191,
    193,
    194,
    195,
    197,
    198
  ],
  "correct_rate": 56.0,
  "negative_samples_avg_ppl": 0.7778637067938892,
  "positive_samples_avg_ppl": 0.7612020548163001
}