{
  "correct_idxs": [
    0,
    2,
    3,
    5,
    6,
    7,
    8,
    9,
    10,
    11,
    12,
    13,
    14,
    15,
    16,
    18,
    19,
    20,
    21,
    22,
    25,
    27,
    28,
    29,
    30,
    31,
    32,
    35,
    36,
    37,
    39,
    40,
    41,
    43,
    47,
    48,
    49,
    50,
    52,
    53,
    55,
    56,
    57,
    58,
    59,
    60,
    62,
    63,
    65,
    66,
    70,
    73,
    74,
    75,
    76,
    77,
    78,
    80,
    81,
    82,
    83,
    85,
    87,
    88,
    90,
    91,
    95,
    97,
    98,
    104,
    108,
    109,
    110,
    111,
    112,
    113,
    115,
    117,
    118,
    120,
    121,
    122,
    124,
    125,
    131,
    133,
    134,
    135,
    136,
    138,
    139,
    140,
    141,
    145,
    146,
    150,
    153,
    155,
    156,
    157,
    159,
    161,
    162,
    164,
    165,
    168,
    172,
    173,
    174,
    175,
    176,
    177,
    178,
    181,
    184,
    186,
    187,
    189,
    190,
    192,
    193,
    194,
    196,
    197,
    198,
    199
  ],
  "correct_rate": 63.0,
  "negative_samples_avg_ppl": 21.342444596185047,
  "positive_samples_avg_ppl": 16.284990641522118
}