{
  "correct_idxs": [
    0,
    1,
    2,
    3,
    4,
    8,
    10,
    11,
    12,
    13,
    14,
    15,
    17,
    18,
    19,
    21,
    22,
    23,
    24,
    25,
    28,
    29,
    31,
    33,
    34,
    36,
    37,
    38,
    39,
    40,
    42,
    44,
    45,
    46,
    48,
    50,
    52,
    53,
    57,
    58,
    59,
    60,
    61,
    62,
    64,
    65,
    70,
    72,
    73,
    74,
    76,
    77,
    78,
    79,
    81,
    82,
    84,
    85,
    88,
    91,
    92,
    93,
    94,
    95,
    98,
    102,
    103,
    109,
    110,
    111,
    113,
    115,
    117,
    118,
    120,
    124,
    125,
    126,
    128,
    129,
    130,
    131,
    132,
    134,
    135,
    136,
    137,
    138,
    139,
    140,
    142,
    144,
    145,
    146,
    149,
    150,
    152,
    155,
    157,
    158,
    159,
    162,
    169,
    170,
    171,
    172,
    173,
    174,
    175,
    176,
    177,
    179,
    180,
    182,
    183,
    184,
    185,
    186,
    187,
    190,
    191,
    192,
    193,
    194,
    195,
    196,
    198
  ],
  "correct_rate": 63.5,
  "negative_samples_avg_ppl": 0.6734348265386473,
  "positive_samples_avg_ppl": 0.4586913087929677
}