{
  "correct_idxs": [
    0,
    1,
    2,
    5,
    6,
    8,
    9,
    12,
    13,
    14,
    16,
    18,
    22,
    24,
    27,
    30,
    31,
    32,
    33,
    34,
    35,
    36,
    38,
    40,
    41,
    43,
    45,
    47,
    48,
    49,
    50,
    51,
    53,
    55,
    56,
    57,
    58,
    59,
    62,
    65,
    66,
    68,
    72,
    75,
    76,
    79,
    82,
    85,
    86,
    89,
    91,
    92,
    95,
    96,
    98,
    99,
    101,
    102,
    103,
    104,
    106,
    108,
    120,
    121,
    123,
    127,
    128,
    129,
    130,
    131,
    132,
    133,
    134,
    135,
    136,
    138,
    141,
    143,
    144,
    145,
    149,
    153,
    154,
    155,
    156,
    159,
    162,
    163,
    164,
    165,
    166,
    167,
    168,
    169,
    173,
    175,
    176,
    177,
    178,
    179,
    180,
    181,
    182,
    183,
    185,
    186,
    187,
    188,
    190,
    192,
    194,
    196
  ],
  "correct_rate": 56.0,
  "negative_samples_avg_ppl": 78.07265064270813,
  "positive_samples_avg_ppl": 72.6534931575812
}