{
  "correct_idxs": [
    1,
    2,
    4,
    5,
    7,
    8,
    12,
    13,
    16,
    17,
    18,
    20,
    23,
    24,
    30,
    31,
    33,
    35,
    36,
    40,
    42,
    43,
    44,
    45,
    47,
    48,
    50,
    51,
    52,
    54,
    56,
    62,
    66,
    68,
    76,
    77,
    81,
    82,
    83,
    84,
    86,
    89,
    91,
    92,
    93,
    96,
    97,
    98,
    99,
    101,
    102,
    103,
    105,
    106,
    107,
    108,
    114,
    121,
    122,
    123,
    125,
    128,
    132,
    133,
    137,
    138,
    141,
    142,
    144,
    149,
    151,
    152,
    154,
    156,
    163,
    164,
    167,
    168,
    169,
    171,
    174,
    178,
    181,
    182,
    186,
    187,
    188,
    191,
    192,
    194,
    196,
    197
  ],
  "correct_rate": 46.0,
  "negative_samples_avg_ppl": 73.606607087328,
  "positive_samples_avg_ppl": 77.72598187051155
}