{
  "correct_idxs": [
    4,
    7,
    12,
    17,
    20,
    24,
    33,
    34,
    38,
    39,
    46,
    48,
    55,
    68,
    79,
    83,
    84,
    95,
    96,
    98,
    99,
    100,
    101,
    103,
    109,
    111,
    114,
    120,
    122,
    123,
    130,
    133,
    137,
    141,
    150,
    154,
    159,
    162,
    166,
    167,
    174,
    178,
    180,
    181,
    184,
    185,
    190,
    196
  ],
  "correct_rate": 45.714285714285715,
  "negative_samples_avg_ppl": 88.01872739770154,
  "positive_samples_avg_ppl": 90.4157058347804
}