{
  "correct_idxs": [
    5,
    7,
    8,
    12,
    16,
    17,
    20,
    22,
    23,
    24,
    30,
    31,
    33,
    34,
    38,
    39,
    40,
    41,
    45,
    46,
    48,
    49,
    51,
    52,
    54,
    55,
    56,
    57,
    68,
    74,
    75,
    79,
    83,
    84,
    89,
    91,
    92,
    93,
    95,
    96,
    97,
    98,
    99,
    100,
    101,
    103,
    105,
    106,
    108,
    109,
    110,
    111,
    114,
    118,
    119,
    122,
    123,
    124,
    130,
    132,
    133,
    136,
    137,
    138,
    141,
    142,
    143,
    144,
    145,
    149,
    150,
    152,
    154,
    156,
    159,
    161,
    162,
    163,
    164,
    166,
    167,
    171,
    173,
    174,
    178,
    179,
    180,
    181,
    184,
    185,
    188,
    190,
    191,
    193,
    196
  ],
  "correct_rate": 48.717948717948715,
  "negative_samples_avg_ppl": 122.93371571884147,
  "positive_samples_avg_ppl": 125.44611813069342
}