{
  "correct_idxs": [
    0,
    2,
    3,
    5,
    7,
    8,
    11,
    12,
    14,
    15,
    16,
    17,
    20,
    23,
    25,
    26,
    27,
    28,
    29,
    30,
    32,
    33,
    34,
    35,
    36,
    37,
    38,
    40,
    41,
    42,
    43,
    44,
    46,
    47,
    48,
    51,
    52,
    53,
    54,
    55,
    56,
    59,
    60,
    63,
    66,
    67,
    68,
    72,
    74,
    75,
    78,
    79,
    80,
    84,
    85,
    86,
    88,
    90,
    91,
    93,
    94,
    96,
    98,
    103,
    104,
    107,
    108,
    114,
    115,
    119,
    122,
    123,
    125,
    126,
    128,
    129,
    130,
    131,
    133,
    134,
    137,
    138,
    140,
    142,
    143,
    144,
    146,
    148,
    150,
    152,
    154,
    155,
    156,
    158,
    160,
    162,
    165,
    166,
    167,
    168,
    169,
    170,
    171,
    172,
    173,
    174,
    175,
    176,
    177,
    180,
    181,
    182,
    183,
    184,
    185,
    186,
    187,
    188,
    193,
    194,
    195,
    198,
    199
  ],
  "correct_rate": 61.5,
  "negative_samples_avg_ppl": 5053.097451516599,
  "positive_samples_avg_ppl": 3484.9866149326735
}