{
  "correct_idxs": [
    0,
    3,
    4,
    5,
    6,
    7,
    9,
    10,
    11,
    12,
    13,
    14,
    15,
    16,
    20,
    21,
    23,
    26,
    28,
    29,
    30,
    31,
    32,
    33,
    34,
    36,
    37,
    38,
    39,
    41,
    42,
    43,
    45,
    46,
    48,
    49,
    50,
    51,
    52,
    54,
    55,
    58,
    59,
    60,
    63,
    66,
    68,
    69,
    71,
    72,
    73,
    74,
    76,
    78,
    82,
    83,
    84,
    85,
    89,
    91,
    93,
    97,
    99,
    100,
    103,
    105,
    106,
    107,
    109,
    110,
    111,
    112,
    113,
    115,
    116,
    118,
    120,
    121,
    122,
    123,
    124,
    126,
    127,
    128,
    129,
    130,
    134,
    135,
    136,
    138,
    140,
    141,
    143,
    144,
    145,
    146,
    149,
    151,
    152,
    154,
    155,
    156,
    158,
    160,
    161,
    162,
    163,
    165,
    166,
    168,
    169,
    170,
    173,
    174,
    175,
    178,
    180,
    181,
    183,
    184,
    185,
    186,
    188,
    189,
    191,
    192,
    193,
    195,
    196,
    197,
    198
  ],
  "correct_rate": 65.5,
  "negative_samples_avg_ppl": 1.034195831073001,
  "positive_samples_avg_ppl": 1.032570093713534
}