{
  "correct_idxs": [
    0,
    6,
    7,
    8,
    9,
    14,
    15,
    17,
    18,
    19,
    20,
    21,
    28,
    30,
    31,
    32,
    33,
    34,
    35,
    37,
    38,
    41,
    45,
    47,
    50,
    51,
    52,
    53,
    58,
    59,
    60,
    62,
    64,
    69,
    70,
    72,
    73,
    74,
    75,
    77,
    78,
    79,
    83,
    85,
    86,
    87,
    88,
    90,
    93,
    94,
    95,
    98,
    99,
    101,
    104,
    105,
    107,
    112,
    113,
    114,
    116,
    117,
    118,
    119,
    121,
    123,
    124,
    126,
    127,
    128,
    130,
    132,
    134,
    136,
    137,
    138,
    141,
    142,
    145,
    147,
    150,
    151,
    152,
    153,
    155,
    158,
    159,
    160,
    161,
    162,
    166,
    167,
    168,
    169,
    172,
    173,
    175,
    176,
    178,
    179,
    180,
    181,
    182,
    186,
    188,
    189,
    190,
    193,
    194,
    196
  ],
  "correct_rate": 55.0,
  "negative_samples_avg_ppl": 0.6626703675815532,
  "positive_samples_avg_ppl": 0.5098579989742666
}