{
  "correct_idxs": [
    1,
    2,
    3,
    4,
    6,
    7,
    8,
    9,
    11,
    16,
    17,
    19,
    20,
    21,
    22,
    24,
    25,
    26,
    27,
    29,
    31,
    33,
    34,
    35,
    36,
    37,
    38,
    39,
    40,
    41,
    43,
    49,
    50,
    51,
    53,
    59,
    60,
    62,
    63,
    66,
    68,
    70,
    71,
    72,
    73,
    76,
    78,
    82,
    83,
    84,
    85,
    86,
    87,
    88,
    89,
    96,
    97,
    98,
    99,
    100,
    102,
    105,
    106,
    107,
    110,
    113,
    114,
    115,
    116,
    120,
    121,
    122,
    123,
    124,
    127,
    129,
    130,
    131,
    132,
    133,
    134,
    135,
    139,
    143,
    144,
    145,
    146,
    149,
    151,
    153,
    158,
    160,
    161,
    162,
    163,
    164,
    166,
    168,
    169,
    172,
    174,
    179,
    180,
    182,
    183,
    186,
    191,
    192,
    193,
    194,
    195,
    196,
    197,
    198,
    199
  ],
  "correct_rate": 57.5,
  "negative_samples_avg_ppl": 0.29113932196564807,
  "positive_samples_avg_ppl": 0.13743928725398524
}