{
  "correct_idxs": [
    1,
    2,
    3,
    4,
    5,
    6,
    11,
    13,
    14,
    17,
    18,
    19,
    21,
    23,
    25,
    29,
    30,
    33,
    34,
    35,
    36,
    37,
    42,
    43,
    46,
    48,
    50,
    53,
    56,
    57,
    60,
    61,
    65,
    66,
    67,
    68,
    71,
    72,
    73,
    74,
    76,
    78,
    79,
    80,
    81,
    82,
    83,
    84,
    85,
    86,
    87,
    88,
    93,
    94,
    96,
    97,
    98,
    100,
    102,
    103,
    104,
    107,
    108,
    109,
    113,
    114,
    115,
    116,
    117,
    118,
    119,
    120,
    122,
    123,
    125,
    126,
    128,
    129,
    130,
    131,
    132,
    134,
    138,
    140,
    142,
    146,
    150,
    151,
    152,
    154,
    155,
    156,
    157,
    161,
    163,
    164,
    166,
    167,
    169,
    174,
    175,
    177,
    180,
    182,
    189,
    190,
    192,
    193,
    196,
    197
  ],
  "correct_rate": 55.0,
  "negative_samples_avg_ppl": 97.88307097460367,
  "positive_samples_avg_ppl": 93.00686976976745
}