{
  "correct_idxs": [
    1,
    2,
    4,
    6,
    9,
    12,
    14,
    16,
    17,
    19,
    20,
    21,
    23,
    25,
    26,
    27,
    29,
    30,
    31,
    33,
    34,
    35,
    36,
    38,
    40,
    42,
    44,
    46,
    49,
    51,
    53,
    55,
    56,
    58,
    59,
    60,
    65,
    67,
    70,
    73,
    77,
    79,
    80,
    82,
    84,
    86,
    88,
    89,
    91,
    94,
    96,
    98,
    100,
    101,
    102,
    104,
    105,
    106,
    107,
    109,
    110,
    113,
    115,
    119,
    121,
    125,
    126,
    129,
    133,
    135,
    139,
    142,
    145,
    147,
    149,
    151,
    152,
    155,
    160,
    162,
    163,
    164,
    165,
    166,
    167,
    168,
    171,
    174,
    176,
    177,
    178,
    180,
    182,
    184,
    186,
    189,
    190,
    192,
    194,
    195,
    197,
    198,
    199
  ],
  "correct_rate": 51.5,
  "negative_samples_avg_ppl": 3.662615830458774,
  "positive_samples_avg_ppl": 3.4950957585606055
}