{
  "correct_idxs": [
    1,
    9,
    11,
    12,
    14,
    15,
    17,
    21,
    24,
    25,
    28,
    29,
    30,
    33,
    34,
    35,
    36,
    37,
    41,
    43,
    47,
    48,
    49,
    50,
    52,
    53,
    55,
    59,
    62,
    63,
    64,
    65,
    66,
    68,
    69,
    71,
    73,
    79,
    83,
    87,
    90,
    91,
    93,
    94,
    95,
    96,
    100,
    106,
    107,
    108,
    110,
    115,
    119,
    120,
    121,
    122,
    125,
    126,
    128,
    130,
    136,
    139,
    141,
    142,
    143,
    145,
    146,
    147,
    148,
    149,
    154,
    155,
    156,
    158,
    159,
    160,
    162,
    163,
    164,
    165,
    166,
    170,
    171,
    172,
    173,
    175,
    177,
    178,
    180,
    185,
    186,
    188,
    190,
    192,
    194,
    195,
    196,
    198,
    199
  ],
  "correct_rate": 49.5,
  "negative_samples_avg_ppl": 14.500015982440658,
  "positive_samples_avg_ppl": 14.747251528366698
}