{
  "correct_idxs": [
    1,
    3,
    4,
    5,
    7,
    8,
    12,
    13,
    14,
    15,
    16,
    19,
    20,
    23,
    24,
    25,
    26,
    28,
    29,
    32,
    34,
    35,
    37,
    38,
    39,
    40,
    42,
    43,
    45,
    47,
    49,
    50,
    53,
    54,
    56,
    59,
    61,
    62,
    67,
    69,
    70,
    72,
    74,
    75,
    76,
    77,
    81,
    83,
    84,
    87,
    88,
    89,
    90,
    91,
    93,
    97,
    98,
    99,
    100,
    101,
    108,
    112,
    113,
    114,
    117,
    122,
    125,
    128,
    131,
    133,
    137,
    142,
    146,
    148,
    149,
    150,
    151,
    153,
    157,
    158,
    162,
    166,
    167,
    172,
    173,
    174,
    175,
    176,
    179,
    182,
    183,
    187,
    188,
    189,
    191,
    194,
    197
  ],
  "correct_rate": 48.5,
  "negative_samples_avg_ppl": 0.5034828217213543,
  "positive_samples_avg_ppl": 0.5012932118116762
}