{
  "correct_idxs": [
    0,
    1,
    3,
    4,
    5,
    6,
    7,
    9,
    10,
    11,
    12,
    14,
    15,
    18,
    19,
    21,
    23,
    24,
    25,
    26,
    27,
    28,
    29,
    31,
    32,
    33,
    34,
    35,
    36,
    37,
    38,
    40,
    42,
    43,
    44,
    45,
    47,
    48,
    49,
    51,
    52,
    55,
    56,
    59,
    60,
    61,
    62,
    63,
    64,
    65,
    68,
    71,
    72,
    73,
    74,
    76,
    77,
    79,
    80,
    82,
    83,
    84,
    85,
    86,
    87,
    95,
    96,
    97,
    100,
    102,
    103,
    104,
    106,
    108,
    109,
    111,
    112,
    113,
    114,
    115,
    116,
    117,
    120,
    121,
    122,
    125,
    126,
    127,
    128,
    130,
    132,
    134,
    135,
    136,
    138,
    140,
    141,
    143,
    144,
    145,
    148,
    149,
    150,
    152,
    154,
    155,
    157,
    159,
    162,
    164,
    165,
    166,
    168,
    169,
    170,
    171,
    172,
    173,
    174,
    175,
    176,
    177,
    181,
    182,
    183,
    184,
    185,
    186,
    187,
    188,
    189,
    190,
    191,
    193,
    194,
    195,
    198,
    199
  ],
  "correct_rate": 69.0,
  "negative_samples_avg_ppl": 1.0178692981270814,
  "positive_samples_avg_ppl": 1.016920933552958
}