{
  "correct_idxs": [
    2,
    5,
    6,
    7,
    8,
    9,
    11,
    12,
    14,
    18,
    19,
    21,
    25,
    26,
    27,
    28,
    29,
    30,
    33,
    36,
    37,
    38,
    39,
    42,
    43,
    44,
    45,
    46,
    48,
    49,
    50,
    52,
    53,
    54,
    55,
    59,
    60,
    63,
    66,
    67,
    68,
    69,
    71,
    73,
    74,
    77,
    78,
    79,
    80,
    82,
    83,
    84,
    88,
    89,
    91,
    92,
    93,
    95,
    97,
    99,
    103,
    104,
    108,
    109,
    110,
    111,
    112,
    113,
    114,
    115,
    117,
    118,
    120,
    121,
    122,
    123,
    125,
    126,
    127,
    128,
    129,
    130,
    131,
    132,
    133,
    134,
    135,
    136,
    140,
    141,
    143,
    144,
    146,
    147,
    148,
    149,
    154,
    156,
    157,
    158,
    159,
    160,
    161,
    162,
    163,
    165,
    166,
    167,
    168,
    170,
    171,
    172,
    174,
    176,
    177,
    178,
    179,
    180,
    181,
    182,
    183,
    184,
    185,
    186,
    187,
    190,
    192,
    194,
    195,
    196,
    197,
    199
  ],
  "correct_rate": 66.0,
  "negative_samples_avg_ppl": 4.334723208364773,
  "positive_samples_avg_ppl": 3.8352580915671717
}