{
  "correct_idxs": [
    0,
    1,
    3,
    4,
    8,
    10,
    13,
    14,
    15,
    16,
    17,
    18,
    19,
    20,
    21,
    23,
    24,
    25,
    27,
    30,
    31,
    35,
    39,
    40,
    41,
    42,
    43,
    47,
    49,
    50,
    52,
    53,
    59,
    60,
    61,
    63,
    65,
    68,
    70,
    71,
    72,
    77,
    81,
    83,
    85,
    87,
    88,
    90,
    93,
    96,
    97,
    98,
    101,
    103,
    104,
    105,
    106,
    108,
    110,
    112,
    114,
    117,
    119,
    123,
    124,
    125,
    126,
    128,
    129,
    130,
    132,
    135,
    136,
    137,
    138,
    139,
    140,
    141,
    142,
    144,
    145,
    146,
    147,
    150,
    151,
    153,
    154,
    156,
    157,
    160,
    162,
    164,
    165,
    168,
    171,
    174,
    175,
    176,
    177,
    179,
    181,
    183,
    184,
    186,
    188,
    189,
    191,
    192,
    193,
    194,
    198
  ],
  "correct_rate": 55.5,
  "negative_samples_avg_ppl": 0.35628013075996345,
  "positive_samples_avg_ppl": 0.3115382045755287
}