{
  "correct_idxs": [
    0,
    1,
    2,
    3,
    5,
    6,
    7,
    8,
    9,
    10,
    12,
    13,
    14,
    16,
    19,
    21,
    23,
    25,
    26,
    30,
    31,
    32,
    34,
    35,
    36,
    37,
    39,
    40,
    42,
    43,
    46,
    48,
    49,
    50,
    51,
    54,
    55,
    56,
    57,
    60,
    62,
    63,
    65,
    68,
    70,
    73,
    74,
    78,
    80,
    82,
    83,
    86,
    90,
    91,
    92,
    96,
    97,
    99,
    100,
    101,
    102,
    103,
    105,
    106,
    107,
    112,
    113,
    115,
    117,
    120,
    121,
    122,
    125,
    132,
    133,
    134,
    135,
    136,
    138,
    139,
    140,
    141,
    142,
    143,
    144,
    146,
    147,
    149,
    151,
    152,
    153,
    154,
    155,
    156,
    158,
    159,
    160,
    162,
    163,
    167,
    170,
    174,
    175,
    176,
    177,
    178,
    179,
    180,
    181,
    182,
    186,
    189,
    190,
    193,
    194,
    198,
    199
  ],
  "correct_rate": 58.5,
  "negative_samples_avg_ppl": 0.8253745282336795,
  "positive_samples_avg_ppl": 0.7787945283459891
}