{
  "correct_idxs": [
    1,
    3,
    4,
    6,
    8,
    9,
    10,
    11,
    12,
    14,
    16,
    18,
    19,
    20,
    24,
    27,
    28,
    29,
    30,
    31,
    35,
    36,
    39,
    40,
    43,
    45,
    46,
    47,
    48,
    49,
    51,
    56,
    57,
    58,
    60,
    61,
    62,
    63,
    64,
    65,
    66,
    67,
    69,
    70,
    74,
    75,
    76,
    77,
    78,
    82,
    84,
    85,
    90,
    95,
    97,
    104,
    106,
    109,
    111,
    112,
    115,
    117,
    121,
    122,
    127,
    129,
    131,
    134,
    135,
    137,
    141,
    144,
    145,
    146,
    149,
    150,
    151,
    152,
    158,
    160,
    162,
    164,
    168,
    169,
    170,
    171,
    174,
    175,
    177,
    178,
    179,
    185,
    189,
    190,
    194,
    195,
    196,
    197,
    199
  ],
  "correct_rate": 49.5,
  "negative_samples_avg_ppl": 0.26326456951594285,
  "positive_samples_avg_ppl": 0.18636993945208544
}