{
  "correct_idxs": [
    0,
    1,
    3,
    4,
    6,
    7,
    10,
    11,
    12,
    13,
    15,
    16,
    18,
    19,
    20,
    22,
    23,
    24,
    25,
    27,
    28,
    29,
    31,
    32,
    34,
    35,
    36,
    37,
    38,
    40,
    41,
    42,
    43,
    45,
    46,
    48,
    50,
    51,
    52,
    53,
    54,
    55,
    56,
    57,
    58,
    59,
    60,
    61,
    63,
    64,
    65,
    66,
    67,
    68,
    70,
    71,
    73,
    75,
    76,
    77,
    78,
    82,
    83,
    84,
    85,
    86,
    87,
    89,
    91,
    93,
    95,
    96,
    97,
    98,
    99,
    100,
    101,
    102,
    103,
    106,
    107,
    109,
    110,
    113,
    116,
    118,
    119,
    120,
    121,
    122,
    124,
    125,
    126,
    129,
    130,
    132,
    133,
    135,
    136,
    138,
    140,
    141,
    142,
    143,
    144,
    146,
    147,
    148,
    150,
    151,
    153,
    154,
    155,
    156,
    157,
    158,
    160,
    161,
    162,
    163,
    165,
    167,
    168,
    169,
    170,
    171,
    174,
    177,
    178,
    179,
    184,
    185,
    189,
    190,
    191,
    192,
    193,
    195,
    196,
    197,
    198,
    199
  ],
  "correct_rate": 71.0,
  "negative_samples_avg_ppl": 285.3707018786521,
  "positive_samples_avg_ppl": 101.09973085297395
}