{
  "correct_idxs": [
    0,
    3,
    4,
    5,
    6,
    7,
    11,
    12,
    15,
    16,
    18,
    19,
    20,
    21,
    23,
    24,
    27,
    28,
    29,
    32,
    34,
    35,
    36,
    37,
    38,
    39,
    40,
    42,
    43,
    44,
    45,
    46,
    48,
    50,
    51,
    52,
    53,
    54,
    56,
    57,
    59,
    61,
    62,
    64,
    65,
    67,
    69,
    70,
    72,
    73,
    75,
    76,
    77,
    78,
    80,
    81,
    82,
    83,
    84,
    85,
    87,
    89,
    93,
    94,
    95,
    96,
    97,
    98,
    101,
    102,
    103,
    104,
    105,
    106,
    107,
    110,
    111,
    113,
    117,
    118,
    119,
    120,
    121,
    122,
    124,
    126,
    127,
    130,
    131,
    132,
    133,
    135,
    136,
    138,
    140,
    141,
    143,
    144,
    146,
    147,
    148,
    150,
    151,
    154,
    155,
    156,
    157,
    161,
    162,
    163,
    166,
    167,
    168,
    169,
    171,
    173,
    174,
    175,
    177,
    178,
    179,
    181,
    184,
    185,
    186,
    188,
    189,
    190,
    191,
    195,
    196,
    197,
    198,
    199
  ],
  "correct_rate": 67.0,
  "negative_samples_avg_ppl": 0.812708789850807,
  "positive_samples_avg_ppl": 0.29067126482221006
}