{
  "correct_idxs": [
    0,
    1,
    3,
    4,
    6,
    7,
    8,
    10,
    13,
    14,
    15,
    18,
    21,
    23,
    26,
    27,
    29,
    30,
    31,
    32,
    33,
    34,
    36,
    37,
    38,
    39,
    40,
    42,
    43,
    44,
    45,
    47,
    51,
    54,
    56,
    57,
    60,
    61,
    63,
    68,
    69,
    77,
    80,
    81,
    82,
    83,
    86,
    88,
    95,
    96,
    97,
    98,
    99,
    101,
    103,
    104,
    106,
    108,
    109,
    111,
    112,
    114,
    115,
    116,
    117,
    119,
    121,
    122,
    123,
    125,
    127,
    129,
    132,
    134,
    135,
    137,
    138,
    139,
    142,
    144,
    146,
    150,
    152,
    154,
    157,
    161,
    162,
    163,
    164,
    166,
    167,
    168,
    172,
    174,
    175,
    178,
    179,
    182,
    185,
    187,
    188,
    189,
    190,
    195,
    196,
    197
  ],
  "correct_rate": 53.0,
  "negative_samples_avg_ppl": 1.0390354718407633,
  "positive_samples_avg_ppl": 1.0392316812811386
}