{
  "correct_idxs": [
    0,
    2,
    4,
    6,
    7,
    8,
    9,
    10,
    12,
    13,
    14,
    15,
    17,
    18,
    19,
    21,
    22,
    23,
    24,
    26,
    27,
    30,
    31,
    32,
    33,
    35,
    37,
    38,
    39,
    40,
    41,
    42,
    43,
    45,
    46,
    47,
    48,
    49,
    50,
    52,
    57,
    59,
    63,
    64,
    65,
    66,
    67,
    68,
    70,
    71,
    72,
    74,
    75,
    76,
    77,
    78,
    82,
    86,
    87,
    88,
    89,
    90,
    92,
    94,
    95,
    96,
    97,
    100,
    101,
    102,
    103,
    104,
    106,
    107,
    108,
    109,
    111,
    112,
    113,
    114,
    115,
    116,
    117,
    120,
    122,
    123,
    125,
    128,
    129,
    130,
    131,
    132,
    134,
    135,
    136,
    138,
    139,
    140,
    141,
    142,
    143,
    144,
    145,
    146,
    148,
    150,
    151,
    152,
    153,
    154,
    155,
    157,
    160,
    162,
    163,
    164,
    166,
    167,
    169,
    170,
    171,
    173,
    175,
    176,
    177,
    179,
    180,
    181,
    182,
    183,
    184,
    187,
    188,
    189,
    191,
    192,
    193,
    194,
    195,
    196,
    197,
    198,
    199
  ],
  "correct_rate": 71.5,
  "negative_samples_avg_ppl": 4.1412087291165545,
  "positive_samples_avg_ppl": 3.560194623316413
}