{
  "correct_idxs": [
    0,
    2,
    3,
    6,
    8,
    10,
    11,
    12,
    13,
    14,
    16,
    17,
    18,
    19,
    20,
    21,
    25,
    27,
    29,
    30,
    31,
    35,
    39,
    40,
    41,
    42,
    43,
    44,
    47,
    48,
    50,
    52,
    53,
    55,
    57,
    59,
    60,
    61,
    63,
    65,
    66,
    70,
    71,
    73,
    76,
    77,
    78,
    80,
    82,
    85,
    87,
    88,
    91,
    92,
    93,
    97,
    98,
    100,
    101,
    104,
    106,
    108,
    109,
    112,
    113,
    117,
    118,
    119,
    120,
    121,
    124,
    125,
    126,
    130,
    131,
    134,
    136,
    137,
    138,
    139,
    140,
    141,
    146,
    150,
    152,
    153,
    156,
    157,
    164,
    165,
    168,
    171,
    172,
    174,
    175,
    176,
    180,
    183,
    186,
    187,
    189,
    192,
    195,
    196,
    197,
    198
  ],
  "correct_rate": 53.0,
  "negative_samples_avg_ppl": 16.810414350945127,
  "positive_samples_avg_ppl": 14.142587910848153
}