{
  "correct_idxs": [
    0,
    2,
    4,
    5,
    7,
    9,
    10,
    11,
    12,
    14,
    17,
    18,
    23,
    24,
    30,
    33,
    34,
    36,
    39,
    40,
    42,
    44,
    45,
    48,
    49,
    50,
    52,
    53,
    60,
    61,
    62,
    63,
    67,
    70,
    71,
    74,
    78,
    79,
    80,
    81,
    82,
    83,
    84,
    85,
    86,
    87,
    88,
    89,
    92,
    93,
    101,
    102,
    103,
    104,
    105,
    106,
    109,
    111,
    114,
    115,
    117,
    119,
    120,
    121,
    122,
    125,
    126,
    127,
    129,
    130,
    131,
    132,
    133,
    134,
    138,
    141,
    142,
    143,
    145,
    146,
    147,
    148,
    149,
    151,
    156,
    158,
    161,
    162,
    163,
    164,
    166,
    167,
    171,
    174,
    176,
    177,
    178,
    179,
    183,
    187,
    188,
    189,
    190,
    192,
    195,
    198,
    199
  ],
  "correct_rate": 53.5,
  "negative_samples_avg_ppl": 57.339127335634934,
  "positive_samples_avg_ppl": 55.37726364541625
}