{
  "correct_idxs": [
    2,
    4,
    7,
    9,
    10,
    11,
    13,
    14,
    17,
    18,
    25,
    30,
    32,
    33,
    36,
    38,
    39,
    40,
    43,
    44,
    45,
    46,
    48,
    50,
    52,
    56,
    58,
    60,
    61,
    62,
    65,
    71,
    79,
    81,
    82,
    83,
    84,
    85,
    86,
    91,
    94,
    96,
    98,
    100,
    101,
    102,
    103,
    104,
    109,
    114,
    115,
    117,
    120,
    121,
    124,
    126,
    127,
    128,
    131,
    132,
    133,
    134,
    135,
    141,
    142,
    143,
    147,
    148,
    149,
    152,
    153,
    154,
    161,
    163,
    166,
    170,
    171,
    172,
    174,
    176,
    177,
    178,
    179,
    181,
    182,
    185,
    187,
    189,
    190,
    198
  ],
  "correct_rate": 45.0,
  "negative_samples_avg_ppl": 934.7063093354626,
  "positive_samples_avg_ppl": 937.3848016649007
}