{
  "correct_idxs": [
    0,
    1,
    2,
    5,
    7,
    8,
    9,
    10,
    11,
    12,
    16,
    18,
    19,
    21,
    23,
    24,
    27,
    28,
    29,
    31,
    32,
    37,
    38,
    40,
    41,
    43,
    44,
    50,
    51,
    52,
    53,
    56,
    57,
    61,
    63,
    64,
    65,
    67,
    68,
    69,
    71,
    72,
    73,
    75,
    76,
    78,
    79,
    80,
    82,
    83,
    84,
    85,
    86,
    87,
    88,
    89,
    90,
    91,
    92,
    93,
    94,
    95,
    96,
    98,
    99,
    100,
    102,
    104,
    105,
    106,
    109,
    111,
    113,
    115,
    117,
    118,
    119,
    120,
    128,
    129,
    130,
    132,
    133,
    135,
    137,
    138,
    139,
    142,
    143,
    145,
    146,
    147,
    148,
    149,
    151,
    152,
    153,
    154,
    155,
    159,
    162,
    163,
    164,
    166,
    168,
    169,
    170,
    171,
    172,
    173,
    175,
    176,
    178,
    179,
    182,
    183,
    186,
    188,
    189,
    192,
    193,
    194,
    195,
    199
  ],
  "correct_rate": 62.0,
  "negative_samples_avg_ppl": 35.76168672639416,
  "positive_samples_avg_ppl": 25.744694060059178
}