{
  "correct_idxs": [
    1,
    4,
    6,
    7,
    13,
    14,
    16,
    17,
    19,
    21,
    22,
    23,
    24,
    26,
    27,
    30,
    32,
    35,
    36,
    40,
    41,
    44,
    45,
    46,
    49,
    50,
    51,
    53,
    55,
    56,
    58,
    59,
    60,
    63,
    65,
    67,
    70,
    71,
    73,
    76,
    77,
    79,
    80,
    81,
    82,
    85,
    86,
    87,
    89,
    90,
    91,
    92,
    96,
    98,
    99,
    100,
    101,
    103,
    104,
    106,
    108,
    109,
    110,
    112,
    113,
    114,
    115,
    117,
    119,
    120,
    124,
    126,
    127,
    128,
    130,
    133,
    138,
    139,
    144,
    145,
    149,
    150,
    151,
    153,
    154,
    156,
    159,
    161,
    163,
    166,
    171,
    173,
    177,
    178,
    180,
    181,
    186,
    190,
    192,
    194,
    197,
    199
  ],
  "correct_rate": 51.0,
  "negative_samples_avg_ppl": 3004.807853277258,
  "positive_samples_avg_ppl": 2868.1033336271867
}