{
  "correct_idxs": [
    0,
    3,
    5,
    7,
    8,
    10,
    11,
    13,
    15,
    17,
    18,
    20,
    22,
    23,
    24,
    28,
    38,
    39,
    41,
    44,
    45,
    46,
    48,
    50,
    52,
    54,
    57,
    58,
    59,
    61,
    63,
    64,
    67,
    68,
    69,
    73,
    74,
    75,
    76,
    78,
    81,
    84,
    85,
    86,
    89,
    92,
    93,
    94,
    97,
    98,
    102,
    103,
    104,
    108,
    109,
    110,
    111,
    112,
    114,
    115,
    116,
    122,
    123,
    124,
    125,
    127,
    130,
    131,
    132,
    134,
    138,
    141,
    143,
    144,
    145,
    149,
    150,
    152,
    153,
    154,
    156,
    157,
    159,
    161,
    162,
    163,
    165,
    167,
    169,
    170,
    173,
    175,
    176,
    177,
    179,
    181,
    183,
    185,
    187,
    188,
    190,
    191,
    193,
    195,
    196,
    198
  ],
  "correct_rate": 53.0,
  "negative_samples_avg_ppl": 56.306494250587626,
  "positive_samples_avg_ppl": 54.492500541810664
}