{
  "correct_idxs": [
    3,
    5,
    7,
    8,
    10,
    11,
    14,
    16,
    20,
    26,
    27,
    31,
    33,
    39,
    41,
    44,
    45,
    46,
    47,
    48,
    49,
    50,
    51,
    52,
    54,
    56,
    57,
    63,
    64,
    66,
    67,
    68,
    69,
    73,
    74,
    75,
    76,
    77,
    78,
    81,
    84,
    86,
    88,
    92,
    93,
    94,
    95,
    96,
    97,
    98,
    99,
    100,
    101,
    104,
    108,
    109,
    112,
    113,
    114,
    115,
    118,
    122,
    125,
    127,
    128,
    129,
    130,
    137,
    138,
    139,
    142,
    143,
    144,
    147,
    150,
    151,
    152,
    153,
    154,
    155,
    156,
    157,
    159,
    162,
    163,
    165,
    167,
    169,
    170,
    171,
    176,
    177,
    179,
    181,
    183,
    184,
    185,
    186,
    189,
    192,
    193,
    196,
    198
  ],
  "correct_rate": 51.5,
  "negative_samples_avg_ppl": 26.219948132894107,
  "positive_samples_avg_ppl": 26.037050182993188
}