{
  "correct_idxs": [
    1,
    2,
    3,
    9,
    10,
    12,
    14,
    15,
    16,
    19,
    20,
    21,
    22,
    23,
    24,
    25,
    26,
    28,
    29,
    30,
    33,
    34,
    35,
    37,
    39,
    45,
    46,
    49,
    50,
    51,
    54,
    57,
    60,
    63,
    64,
    69,
    70,
    75,
    76,
    78,
    81,
    82,
    83,
    84,
    87,
    89,
    92,
    97,
    100,
    103,
    104,
    105,
    108,
    110,
    112,
    113,
    114,
    117,
    119,
    121,
    122,
    124,
    127,
    131,
    133,
    135,
    136,
    137,
    139,
    140,
    143,
    144,
    146,
    148,
    149,
    154,
    156,
    160,
    161,
    162,
    164,
    166,
    168,
    169,
    171,
    175,
    176,
    177,
    179,
    180,
    183,
    184,
    185,
    192,
    193,
    196,
    197,
    199
  ],
  "correct_rate": 49.0,
  "negative_samples_avg_ppl": 27.883752627564796,
  "positive_samples_avg_ppl": 26.714501794218382
}