{
  "correct_idxs": [
    4,
    5,
    6,
    7,
    9,
    10,
    12,
    14,
    23,
    28,
    29,
    30,
    31,
    34,
    36,
    37,
    38,
    39,
    42,
    44,
    46,
    47,
    48,
    51,
    55,
    57,
    60,
    61,
    62,
    64,
    67,
    70,
    71,
    72,
    73,
    74,
    75,
    77,
    79,
    80,
    81,
    83,
    87,
    88,
    89,
    90,
    91,
    93,
    94,
    96,
    99,
    100,
    101,
    102,
    103,
    104,
    106,
    108,
    111,
    112,
    113,
    116,
    117,
    118,
    126,
    127,
    128,
    129,
    130,
    132,
    133,
    134,
    135,
    136,
    139,
    141,
    143,
    145,
    146,
    147,
    149,
    152,
    154,
    155,
    158,
    159,
    161,
    163,
    165,
    168,
    170,
    172,
    174,
    175,
    177,
    178,
    182,
    184,
    185,
    186,
    187,
    188,
    189,
    191,
    194,
    195,
    198,
    199
  ],
  "correct_rate": 54.0,
  "negative_samples_avg_ppl": 10.163861654363194,
  "positive_samples_avg_ppl": 9.468662070229213
}