{
  "correct_idxs": [
    0,
    2,
    4,
    5,
    6,
    7,
    9,
    12,
    14,
    16,
    21,
    22,
    23,
    28,
    30,
    31,
    34,
    36,
    37,
    38,
    39,
    42,
    43,
    44,
    46,
    48,
    51,
    57,
    59,
    60,
    61,
    62,
    64,
    67,
    70,
    72,
    73,
    74,
    75,
    77,
    78,
    79,
    80,
    81,
    82,
    83,
    88,
    91,
    93,
    94,
    99,
    100,
    103,
    104,
    106,
    108,
    110,
    111,
    112,
    113,
    116,
    118,
    120,
    123,
    126,
    127,
    128,
    129,
    130,
    133,
    134,
    135,
    136,
    139,
    141,
    143,
    145,
    146,
    147,
    149,
    152,
    153,
    154,
    155,
    158,
    159,
    162,
    163,
    165,
    167,
    168,
    170,
    172,
    174,
    175,
    178,
    182,
    184,
    185,
    186,
    187,
    188,
    189,
    194,
    196,
    198,
    199
  ],
  "correct_rate": 53.5,
  "negative_samples_avg_ppl": 10.213598224015588,
  "positive_samples_avg_ppl": 9.468662070229213
}