{
  "correct_idxs": [
    0,
    2,
    3,
    4,
    8,
    10,
    11,
    13,
    16,
    21,
    22,
    25,
    26,
    33,
    36,
    37,
    38,
    39,
    40,
    42,
    43,
    44,
    47,
    48,
    50,
    52,
    54,
    56,
    59,
    60,
    63,
    64,
    67,
    69,
    70,
    72,
    73,
    74,
    79,
    81,
    85,
    86,
    87,
    89,
    91,
    93,
    94,
    95,
    97,
    100,
    103,
    104,
    106,
    107,
    108,
    109,
    113,
    115,
    116,
    117,
    118,
    119,
    120,
    121,
    123,
    124,
    127,
    129,
    130,
    132,
    134,
    136,
    140,
    141,
    143,
    148,
    149,
    151,
    155,
    156,
    157,
    162,
    163,
    164,
    165,
    166,
    167,
    170,
    172,
    173,
    175,
    177,
    178,
    179,
    183,
    184,
    186,
    191,
    195,
    196,
    199
  ],
  "correct_rate": 50.5,
  "negative_samples_avg_ppl": 0.9287260720948493,
  "positive_samples_avg_ppl": 1.0767437569017355
}