{
  "correct_idxs": [],
  "correct_rate": 0.0,
  "negative_samples_avg_ppl": 4.618656226316406,
  "positive_samples_avg_ppl": 4.618656226316406
}