{
  "correct_idxs": [
    0,
    5,
    6,
    7,
    8,
    9,
    10,
    12,
    15,
    16,
    17,
    21,
    22,
    24,
    26,
    27,
    28,
    31,
    32,
    34,
    36,
    37,
    38,
    40,
    44,
    45,
    46,
    47,
    48,
    50,
    51,
    52,
    53,
    54,
    55,
    57,
    59,
    61,
    68,
    70,
    71,
    72,
    74,
    76,
    77,
    78,
    80,
    81,
    82,
    83,
    84,
    85,
    86,
    87,
    89,
    90,
    91,
    92,
    93,
    94,
    95,
    96,
    97,
    98,
    99,
    101,
    103,
    104,
    106,
    108,
    111,
    112,
    113,
    114,
    115,
    116,
    117,
    119,
    124,
    125,
    126,
    127,
    129,
    131,
    133,
    134,
    137,
    138,
    140,
    141,
    142,
    143,
    145,
    146,
    148,
    149,
    155,
    158,
    160,
    161,
    162,
    163,
    164,
    165,
    166,
    167,
    169,
    170,
    171,
    172,
    174,
    175,
    176,
    178,
    180,
    181,
    182,
    183,
    185,
    186,
    187,
    188,
    189,
    190,
    191,
    192,
    195,
    196,
    198
  ],
  "correct_rate": 64.5,
  "negative_samples_avg_ppl": 10.574001981080162,
  "positive_samples_avg_ppl": 9.384742599122745
}