{
  "correct_idxs": [
    3,
    4,
    5,
    6,
    9,
    14,
    15,
    16,
    20,
    21,
    22,
    25,
    26,
    29,
    31,
    32,
    33,
    34,
    36,
    37,
    38,
    39,
    43,
    46,
    48,
    49,
    50,
    53,
    54,
    55,
    56,
    58,
    60,
    63,
    64,
    66,
    67,
    68,
    70,
    71,
    72,
    74,
    75,
    78,
    81,
    82,
    83,
    84,
    85,
    88,
    89,
    91,
    93,
    94,
    97,
    98,
    100,
    103,
    105,
    107,
    109,
    110,
    111,
    112,
    113,
    114,
    115,
    116,
    120,
    122,
    123,
    124,
    126,
    127,
    128,
    129,
    131,
    134,
    135,
    136,
    138,
    140,
    141,
    143,
    144,
    149,
    151,
    152,
    153,
    154,
    158,
    160,
    161,
    162,
    165,
    166,
    168,
    169,
    170,
    172,
    174,
    175,
    177,
    178,
    180,
    181,
    183,
    184,
    185,
    186,
    188,
    189,
    191,
    192,
    195,
    196,
    198
  ],
  "correct_rate": 58.5,
  "negative_samples_avg_ppl": 37.6932157062918,
  "positive_samples_avg_ppl": 31.799050047696195
}