{
  "correct_idxs": [
    0,
    1,
    2,
    5,
    7,
    9,
    11,
    12,
    15,
    16,
    18,
    20,
    21,
    22,
    23,
    24,
    28,
    30,
    31,
    32,
    33,
    34,
    35,
    36,
    37,
    38,
    39,
    40,
    45,
    46,
    47,
    49,
    52,
    53,
    55,
    56,
    57,
    60,
    63,
    64,
    66,
    68,
    71,
    72,
    73,
    75,
    76,
    77,
    78,
    79,
    80,
    81,
    83,
    84,
    85,
    90,
    91,
    92,
    94,
    96,
    98,
    100,
    103,
    104,
    107,
    108,
    112,
    113,
    116,
    118,
    119,
    120,
    122,
    123,
    125,
    126,
    127,
    128,
    130,
    131,
    133,
    134,
    136,
    139,
    141,
    142,
    143,
    146,
    147,
    149,
    150,
    152,
    153,
    154,
    156,
    159,
    160,
    164,
    166,
    167,
    168,
    169,
    172,
    173,
    175,
    177,
    180,
    182,
    184,
    185,
    187,
    189,
    196,
    197,
    199
  ],
  "correct_rate": 57.5,
  "negative_samples_avg_ppl": 14.72836722363322,
  "positive_samples_avg_ppl": 12.895544838609192
}