{
  "correct_idxs": [
    2,
    5,
    6,
    7,
    8,
    9,
    11,
    12,
    14,
    16,
    17,
    19,
    21,
    23,
    25,
    26,
    28,
    29,
    30,
    31,
    34,
    36,
    38,
    39,
    42,
    44,
    46,
    48,
    52,
    53,
    54,
    55,
    56,
    57,
    61,
    62,
    64,
    67,
    68,
    69,
    70,
    72,
    74,
    75,
    78,
    80,
    81,
    85,
    90,
    91,
    92,
    94,
    95,
    96,
    97,
    99,
    102,
    103,
    107,
    109,
    111,
    113,
    114,
    115,
    117,
    119,
    120,
    122,
    124,
    125,
    127,
    131,
    133,
    134,
    135,
    136,
    137,
    138,
    140,
    144,
    145,
    147,
    148,
    149,
    150,
    151,
    152,
    154,
    158,
    160,
    161,
    163,
    164,
    165,
    167,
    169,
    172,
    173,
    174,
    175,
    177,
    178,
    180,
    181,
    183,
    184,
    185,
    186,
    189,
    190,
    191,
    192,
    194,
    197,
    199
  ],
  "correct_rate": 57.5,
  "negative_samples_avg_ppl": 0.18347514168273035,
  "positive_samples_avg_ppl": 0.14244280194412273
}