{
  "correct_idxs": [
    0,
    3,
    4,
    5,
    6,
    7,
    8,
    9,
    10,
    12,
    13,
    14,
    15,
    16,
    18,
    20,
    21,
    22,
    23,
    26,
    28,
    29,
    33,
    34,
    35,
    36,
    38,
    40,
    43,
    44,
    45,
    48,
    50,
    53,
    55,
    57,
    58,
    59,
    65,
    66,
    69,
    71,
    72,
    75,
    76,
    77,
    78,
    79,
    81,
    85,
    88,
    89,
    90,
    91,
    92,
    93,
    94,
    95,
    96,
    97,
    98,
    99,
    100,
    101,
    102,
    104,
    105,
    106,
    107,
    108,
    109,
    110,
    111,
    113,
    114,
    115,
    116,
    118,
    119,
    120,
    121,
    123,
    124,
    125,
    126,
    127,
    128,
    129,
    130,
    132,
    134,
    136,
    138,
    139,
    144,
    146,
    150,
    151,
    152,
    153,
    155,
    158,
    159,
    161,
    162,
    164,
    167,
    168,
    169,
    170,
    171,
    172,
    173,
    175,
    176,
    177,
    179,
    180,
    181,
    182,
    184,
    185,
    186,
    188,
    189,
    190,
    193,
    194,
    195,
    198
  ],
  "correct_rate": 65.0,
  "negative_samples_avg_ppl": 0.6148989648930069,
  "positive_samples_avg_ppl": 0.3849616118870353
}