{
  "correct_idxs": [
    0,
    1,
    2,
    3,
    5,
    7,
    9,
    11,
    12,
    14,
    15,
    16,
    17,
    19,
    20,
    22,
    23,
    24,
    25,
    26,
    29,
    30,
    32,
    33,
    34,
    35,
    37,
    41,
    42,
    44,
    45,
    47,
    48,
    49,
    50,
    52,
    53,
    56,
    57,
    58,
    59,
    60,
    61,
    62,
    63,
    64,
    68,
    69,
    70,
    71,
    72,
    74,
    75,
    82,
    83,
    84,
    85,
    90,
    92,
    94,
    97,
    100,
    102,
    106,
    107,
    108,
    110,
    111,
    113,
    114,
    115,
    116,
    120,
    121,
    123,
    124,
    125,
    126,
    132,
    136,
    137,
    142,
    145,
    149,
    150,
    152,
    153,
    154,
    155,
    157,
    160,
    161,
    162,
    163,
    165,
    166,
    167,
    169,
    175,
    176,
    177,
    181,
    182,
    183,
    184,
    186,
    187,
    188,
    191,
    197,
    198
  ],
  "correct_rate": 55.5,
  "negative_samples_avg_ppl": 0.3231442891473135,
  "positive_samples_avg_ppl": 0.19179139838350429
}