{
  "correct_idxs": [
    3,
    4,
    5,
    6,
    7,
    14,
    15,
    16,
    19,
    20,
    25,
    26,
    27,
    30,
    32,
    33,
    34,
    35,
    37,
    39,
    43,
    46,
    48,
    50,
    52,
    53,
    56,
    60,
    61,
    63,
    64,
    68,
    69,
    70,
    71,
    72,
    73,
    74,
    76,
    78,
    80,
    82,
    84,
    85,
    87,
    92,
    94,
    97,
    100,
    102,
    103,
    105,
    107,
    109,
    111,
    112,
    113,
    115,
    116,
    117,
    119,
    120,
    122,
    123,
    126,
    128,
    132,
    134,
    135,
    136,
    140,
    145,
    146,
    149,
    151,
    154,
    157,
    158,
    160,
    161,
    162,
    165,
    166,
    168,
    172,
    173,
    174,
    175,
    179,
    180,
    181,
    183,
    184,
    185,
    186,
    189,
    191,
    192,
    193,
    198
  ],
  "correct_rate": 50.0,
  "negative_samples_avg_ppl": 16.611834073583008,
  "positive_samples_avg_ppl": 17.280453312583575
}