{
  "correct_idxs": [
    2,
    3,
    4,
    6,
    8,
    10,
    12,
    16,
    17,
    18,
    19,
    21,
    22,
    23,
    26,
    27,
    30,
    31,
    32,
    33,
    34,
    36,
    39,
    40,
    41,
    42,
    43,
    44,
    46,
    49,
    51,
    53,
    55,
    58,
    61,
    64,
    65,
    67,
    68,
    70,
    73,
    77,
    79,
    80,
    81,
    84,
    85,
    86,
    87,
    88,
    89,
    90,
    91,
    92,
    93,
    94,
    95,
    96,
    97,
    98,
    99,
    100,
    102,
    103,
    104,
    109,
    110,
    111,
    112,
    113,
    115,
    117,
    119,
    120,
    121,
    126,
    128,
    129,
    133,
    134,
    138,
    139,
    140,
    144,
    145,
    147,
    149,
    150,
    151,
    155,
    157,
    159,
    160,
    161,
    162,
    163,
    164,
    166,
    167,
    168,
    169,
    170,
    171,
    174,
    176,
    180,
    181,
    182,
    183,
    184,
    186,
    187,
    189,
    190,
    191,
    192,
    194,
    197,
    198,
    199
  ],
  "correct_rate": 60.0,
  "negative_samples_avg_ppl": 0.005744622597592569,
  "positive_samples_avg_ppl": 0.004249419957494318
}