{
  "correct_idxs": [
    0,
    3,
    5,
    7,
    8,
    10,
    11,
    13,
    14,
    15,
    18,
    24,
    27,
    28,
    37,
    41,
    45,
    47,
    48,
    50,
    51,
    52,
    54,
    57,
    59,
    61,
    62,
    63,
    64,
    66,
    69,
    71,
    72,
    74,
    75,
    76,
    77,
    78,
    85,
    87,
    90,
    93,
    95,
    99,
    103,
    107,
    108,
    111,
    112,
    114,
    115,
    116,
    118,
    122,
    123,
    124,
    125,
    127,
    129,
    130,
    131,
    132,
    133,
    134,
    135,
    137,
    138,
    140,
    141,
    142,
    143,
    144,
    146,
    148,
    150,
    152,
    153,
    154,
    157,
    158,
    161,
    165,
    167,
    169,
    170,
    172,
    173,
    174,
    175,
    178,
    179,
    185,
    187,
    188,
    191,
    193,
    195,
    196,
    198
  ],
  "correct_rate": 49.5,
  "negative_samples_avg_ppl": 12.346992060885638,
  "positive_samples_avg_ppl": 14.244873737344445
}