{
  "correct_idxs": [
    0,
    1,
    3,
    4,
    5,
    6,
    7,
    12,
    13,
    18,
    19,
    20,
    21,
    22,
    25,
    26,
    27,
    28,
    30,
    31,
    34,
    37,
    38,
    39,
    40,
    43,
    44,
    46,
    48,
    49,
    51,
    52,
    55,
    57,
    58,
    59,
    60,
    61,
    62,
    63,
    65,
    67,
    68,
    70,
    71,
    73,
    78,
    79,
    85,
    88,
    90,
    91,
    93,
    98,
    99,
    100,
    102,
    103,
    104,
    105,
    112,
    113,
    117,
    119,
    120,
    121,
    122,
    123,
    127,
    128,
    130,
    134,
    135,
    138,
    140,
    143,
    145,
    146,
    147,
    148,
    149,
    150,
    151,
    154,
    155,
    156,
    157,
    159,
    162,
    165,
    166,
    168,
    169,
    170,
    171,
    172,
    174,
    175,
    178,
    179,
    184,
    185,
    187,
    190,
    193,
    194,
    196,
    198,
    199
  ],
  "correct_rate": 54.5,
  "negative_samples_avg_ppl": 3595.2039322419328,
  "positive_samples_avg_ppl": 3159.738990416815
}