{
  "correct_idxs": [
    2,
    3,
    7,
    10,
    11,
    12,
    13,
    14,
    15,
    16,
    18,
    20,
    21,
    24,
    25,
    27,
    29,
    30,
    31,
    32,
    33,
    34,
    35,
    36,
    39,
    40,
    43,
    44,
    46,
    47,
    48,
    49,
    51,
    52,
    53,
    55,
    56,
    58,
    60,
    62,
    63,
    64,
    65,
    67,
    68,
    69,
    71,
    74,
    75,
    77,
    78,
    79,
    81,
    82,
    83,
    84,
    85,
    86,
    88,
    89,
    90,
    92,
    93,
    94,
    95,
    97,
    98,
    102,
    103,
    104,
    105,
    106,
    107,
    108,
    110,
    112,
    114,
    116,
    117,
    118,
    119,
    120,
    121,
    122,
    127,
    128,
    130,
    131,
    133,
    136,
    137,
    138,
    139,
    140,
    141,
    142,
    143,
    144,
    145,
    146,
    147,
    148,
    149,
    150,
    151,
    152,
    153,
    154,
    157,
    158,
    160,
    161,
    162,
    164,
    165,
    169,
    170,
    172,
    173,
    175,
    176,
    177,
    178,
    179,
    180,
    181,
    182,
    183,
    184,
    187,
    188,
    191,
    192,
    193,
    194,
    195,
    196,
    197,
    198,
    199
  ],
  "correct_rate": 70.0,
  "negative_samples_avg_ppl": 12002.038656328361,
  "positive_samples_avg_ppl": 7083.391373301969
}