{
  "correct_idxs": [
    0,
    3,
    8,
    9,
    13,
    15,
    20,
    22,
    23,
    26,
    28,
    31,
    34,
    36,
    40,
    41,
    47,
    50,
    52,
    55,
    56,
    57,
    58,
    62,
    63,
    65,
    67,
    68,
    71,
    72,
    74,
    75,
    77,
    80,
    82,
    83,
    86,
    90,
    91,
    97,
    99,
    100,
    102,
    103,
    104,
    105,
    107,
    108,
    112,
    113,
    115,
    117,
    119,
    123,
    127,
    131,
    132,
    135,
    136,
    138,
    146,
    150,
    151,
    153,
    154,
    155,
    158,
    159,
    170,
    177,
    178,
    181,
    185,
    187,
    193,
    194,
    196,
    198,
    199
  ],
  "correct_rate": 41.578947368421055,
  "negative_samples_avg_ppl": 1485.8440205033392,
  "positive_samples_avg_ppl": 1665.051457289714
}