{
  "correct_idxs": [
    2,
    7,
    13,
    16,
    22,
    26,
    36,
    40,
    47,
    52,
    57,
    62,
    68,
    69,
    71,
    74,
    75,
    77,
    80,
    83,
    86,
    100,
    103,
    108,
    112,
    115,
    119,
    127,
    135,
    137,
    138,
    141,
    146,
    150,
    151,
    154,
    155,
    168,
    170,
    177,
    187,
    194,
    196,
    198,
    199
  ],
  "correct_rate": 45.91836734693877,
  "negative_samples_avg_ppl": 1142.805515442692,
  "positive_samples_avg_ppl": 1103.719729643574
}