{
  "correct_idxs": [
    0,
    1,
    2,
    3,
    8,
    9,
    13,
    15,
    16,
    19,
    20,
    21,
    22,
    23,
    25,
    26,
    30,
    31,
    32,
    33,
    36,
    38,
    40,
    41,
    44,
    45,
    47,
    49,
    50,
    51,
    54,
    56,
    61,
    62,
    63,
    67,
    70,
    74,
    75,
    76,
    77,
    79,
    80,
    83,
    86,
    91,
    94,
    97,
    105,
    107,
    108,
    111,
    113,
    114,
    115,
    117,
    118,
    119,
    123,
    125,
    128,
    131,
    133,
    134,
    136,
    138,
    140,
    143,
    146,
    150,
    152,
    153,
    154,
    155,
    156,
    157,
    158,
    159,
    162,
    170,
    173,
    174,
    175,
    179,
    180,
    181,
    185,
    186,
    189,
    190,
    191,
    192,
    193,
    194,
    199
  ],
  "correct_rate": 47.5,
  "negative_samples_avg_ppl": 747.295018410199,
  "positive_samples_avg_ppl": 791.410735661213
}