{
  "correct_idxs": [
    1,
    3,
    5,
    7,
    8,
    9,
    13,
    16,
    18,
    20,
    21,
    22,
    23,
    28,
    30,
    31,
    32,
    33,
    34,
    36,
    38,
    40,
    41,
    45,
    46,
    49,
    50,
    51,
    52,
    54,
    56,
    60,
    61,
    62,
    65,
    71,
    75,
    77,
    79,
    86,
    89,
    90,
    93,
    96,
    97,
    99,
    101,
    104,
    105,
    107,
    108,
    111,
    113,
    114,
    116,
    119,
    120,
    122,
    123,
    125,
    127,
    130,
    131,
    132,
    133,
    134,
    135,
    140,
    141,
    143,
    146,
    149,
    150,
    152,
    153,
    154,
    155,
    156,
    158,
    159,
    160,
    161,
    162,
    163,
    168,
    170,
    172,
    173,
    174,
    175,
    178,
    180,
    185,
    186,
    188,
    189,
    191,
    192,
    193,
    199
  ],
  "correct_rate": 50.0,
  "negative_samples_avg_ppl": 456.9052336388895,
  "positive_samples_avg_ppl": 474.823321984805
}