{
  "correct_idxs": [
    0,
    2,
    4,
    5,
    6,
    8,
    9,
    11,
    13,
    15,
    16,
    20,
    22,
    26,
    27,
    28,
    30,
    31,
    33,
    35,
    36,
    39,
    43,
    44,
    46,
    48,
    51,
    59,
    60,
    62,
    63,
    65,
    66,
    67,
    69,
    70,
    71,
    72,
    73,
    75,
    76,
    79,
    81,
    83,
    87,
    88,
    89,
    91,
    92,
    93,
    94,
    95,
    96,
    97,
    98,
    99,
    100,
    102,
    103,
    104,
    105,
    106,
    108,
    109,
    110,
    113,
    114,
    115,
    116,
    117,
    118,
    119,
    120,
    123,
    128,
    129,
    130,
    131,
    132,
    134,
    135,
    138,
    139,
    140,
    142,
    143,
    144,
    145,
    147,
    150,
    151,
    152,
    155,
    156,
    157,
    158,
    160,
    164,
    166,
    167,
    169,
    170,
    172,
    173,
    177,
    178,
    179,
    180,
    181,
    185,
    186,
    188,
    192,
    195,
    196,
    197
  ],
  "correct_rate": 58.0,
  "negative_samples_avg_ppl": 0.35408863783983013,
  "positive_samples_avg_ppl": 0.3424969001538346
}