{
  "correct_idxs": [
    0,
    2,
    4,
    5,
    6,
    7,
    8,
    13,
    16,
    17,
    19,
    21,
    22,
    23,
    25,
    26,
    27,
    29,
    32,
    33,
    34,
    35,
    39,
    40,
    42,
    43,
    49,
    50,
    51,
    52,
    53,
    55,
    56,
    57,
    58,
    60,
    61,
    65,
    66,
    67,
    68,
    69,
    71,
    72,
    77,
    78,
    82,
    83,
    84,
    85,
    86,
    87,
    88,
    90,
    93,
    96,
    97,
    99,
    101,
    104,
    106,
    109,
    110,
    112,
    115,
    116,
    117,
    119,
    120,
    122,
    124,
    125,
    127,
    130,
    132,
    137,
    138,
    139,
    140,
    148,
    149,
    150,
    152,
    153,
    155,
    157,
    158,
    159,
    161,
    163,
    164,
    165,
    166,
    168,
    170,
    171,
    173,
    174,
    175,
    176,
    177,
    180,
    181,
    182,
    188,
    192,
    197,
    198
  ],
  "correct_rate": 54.0,
  "negative_samples_avg_ppl": 1448.333921486364,
  "positive_samples_avg_ppl": 1402.471378933366
}