{
  "correct_idxs": [
    0,
    1,
    2,
    4,
    5,
    7,
    9,
    14,
    16,
    17,
    19,
    20,
    22,
    23,
    25,
    27,
    29,
    31,
    34,
    35,
    37,
    39,
    40,
    41,
    44,
    46,
    47,
    49,
    51,
    52,
    53,
    58,
    60,
    61,
    62,
    65,
    66,
    68,
    69,
    75,
    76,
    77,
    78,
    80,
    82,
    83,
    86,
    87,
    89,
    91,
    92,
    93,
    100,
    103,
    104,
    105,
    107,
    109,
    110,
    112,
    114,
    116,
    121,
    125,
    126,
    127,
    130,
    131,
    132,
    133,
    134,
    140,
    144,
    145,
    146,
    147,
    150,
    153,
    156,
    158,
    162,
    165,
    166,
    167,
    169,
    170,
    173,
    175,
    176,
    179,
    180,
    181,
    183,
    184,
    188,
    191,
    192,
    193,
    194,
    198,
    199
  ],
  "correct_rate": 50.5,
  "negative_samples_avg_ppl": 12.825475276283605,
  "positive_samples_avg_ppl": 13.377693100530257
}