{
  "correct_idxs": [
    1,
    3,
    5,
    8,
    11,
    13,
    14,
    15,
    16,
    17,
    18,
    20,
    21,
    22,
    27,
    28,
    37,
    38,
    41,
    44,
    45,
    48,
    49,
    50,
    54,
    56,
    57,
    58,
    60,
    61,
    62,
    64,
    67,
    68,
    69,
    71,
    73,
    74,
    75,
    76,
    77,
    78,
    81,
    84,
    86,
    89,
    90,
    92,
    93,
    94,
    95,
    96,
    103,
    107,
    108,
    109,
    110,
    111,
    112,
    114,
    115,
    116,
    118,
    120,
    121,
    124,
    125,
    127,
    128,
    129,
    130,
    131,
    134,
    137,
    138,
    141,
    143,
    144,
    148,
    150,
    153,
    154,
    155,
    156,
    157,
    159,
    161,
    163,
    165,
    166,
    167,
    169,
    175,
    176,
    177,
    179,
    181,
    182,
    183,
    184,
    185,
    186,
    187,
    191,
    192,
    193,
    195,
    198
  ],
  "correct_rate": 54.0,
  "negative_samples_avg_ppl": 9.324712359895592,
  "positive_samples_avg_ppl": 8.917183860217854
}