{
  "correct_idxs": [
    0,
    1,
    2,
    3,
    5,
    6,
    8,
    9,
    11,
    12,
    15,
    17,
    19,
    20,
    22,
    23,
    25,
    26,
    28,
    31,
    32,
    35,
    37,
    38,
    39,
    45,
    46,
    47,
    49,
    50,
    51,
    52,
    54,
    55,
    56,
    58,
    61,
    62,
    63,
    64,
    65,
    67,
    68,
    69,
    70,
    71,
    72,
    75,
    76,
    77,
    78,
    80,
    81,
    82,
    83,
    84,
    85,
    86,
    87,
    88,
    89,
    91,
    92,
    95,
    96,
    97,
    98,
    99,
    101,
    103,
    104,
    106,
    107,
    110,
    111,
    116,
    117,
    120,
    121,
    123,
    124,
    125,
    127,
    128,
    130,
    132,
    134,
    135,
    136,
    137,
    138,
    139,
    140,
    141,
    142,
    144,
    145,
    147,
    148,
    149,
    150,
    151,
    152,
    154,
    155,
    156,
    157,
    159,
    161,
    162,
    164,
    165,
    167,
    168,
    169,
    170,
    172,
    175,
    176,
    177,
    179,
    180,
    181,
    182,
    185,
    186,
    187,
    189,
    193,
    195,
    196,
    199
  ],
  "correct_rate": 66.0,
  "negative_samples_avg_ppl": 44.77406504151751,
  "positive_samples_avg_ppl": 28.22198381270817
}