{
  "correct_idxs": [
    0,
    1,
    2,
    3,
    6,
    7,
    8,
    9,
    10,
    14,
    16,
    21,
    22,
    24,
    26,
    27,
    28,
    29,
    31,
    32,
    33,
    34,
    35,
    37,
    38,
    39,
    40,
    42,
    44,
    45,
    47,
    50,
    51,
    52,
    53,
    54,
    55,
    57,
    59,
    60,
    61,
    64,
    66,
    67,
    68,
    69,
    70,
    72,
    73,
    74,
    75,
    76,
    77,
    78,
    83,
    84,
    86,
    87,
    88,
    91,
    92,
    93,
    96,
    97,
    98,
    99,
    102,
    103,
    104,
    109,
    110,
    111,
    112,
    113,
    114,
    115,
    116,
    118,
    120,
    122,
    124,
    126,
    127,
    129,
    132,
    133,
    134,
    136,
    137,
    138,
    140,
    141,
    144,
    145,
    146,
    149,
    150,
    153,
    154,
    156,
    158,
    159,
    161,
    163,
    164,
    165,
    166,
    170,
    171,
    174,
    175,
    178,
    179,
    180,
    181,
    182,
    183,
    184,
    185,
    186,
    187,
    188,
    189,
    192,
    195,
    196,
    197,
    199
  ],
  "correct_rate": 64.0,
  "negative_samples_avg_ppl": 33.746813635364475,
  "positive_samples_avg_ppl": 22.95441867329079
}