{
  "correct_idxs": [
    0,
    2,
    5,
    6,
    10,
    11,
    13,
    15,
    18,
    20,
    21,
    22,
    25,
    32,
    34,
    36,
    38,
    42,
    44,
    45,
    46,
    47,
    49,
    50,
    53,
    55,
    57,
    58,
    59,
    60,
    64,
    67,
    69,
    71,
    72,
    73,
    74,
    76,
    77,
    78,
    79,
    80,
    81,
    83,
    84,
    85,
    88,
    90,
    91,
    92,
    93,
    94,
    95,
    97,
    98,
    100,
    102,
    103,
    104,
    105,
    107,
    108,
    110,
    112,
    113,
    114,
    116,
    119,
    120,
    122,
    123,
    125,
    127,
    128,
    130,
    132,
    133,
    134,
    135,
    138,
    141,
    142,
    143,
    145,
    147,
    148,
    149,
    150,
    152,
    153,
    154,
    155,
    156,
    162,
    164,
    165,
    166,
    171,
    172,
    175,
    177,
    182,
    183,
    184,
    187,
    188,
    189,
    191,
    194,
    197,
    199
  ],
  "correct_rate": 55.5,
  "negative_samples_avg_ppl": 1.0166676705313047,
  "positive_samples_avg_ppl": 1.0165173076402594
}