{
  "correct_idxs": [
    0,
    1,
    4,
    7,
    9,
    13,
    17,
    21,
    23,
    24,
    30,
    32,
    34,
    37,
    41,
    43,
    44,
    47,
    48,
    49,
    50,
    52,
    53,
    57,
    61,
    62,
    63,
    64,
    68,
    69,
    71,
    72,
    73,
    77,
    78,
    80,
    81,
    82,
    83,
    85,
    86,
    87,
    90,
    91,
    93,
    94,
    95,
    96,
    98,
    100,
    101,
    102,
    103,
    104,
    105,
    108,
    109,
    110,
    111,
    115,
    120,
    121,
    126,
    128,
    129,
    131,
    133,
    135,
    136,
    139,
    141,
    142,
    143,
    147,
    148,
    150,
    151,
    153,
    154,
    155,
    159,
    162,
    163,
    165,
    166,
    167,
    169,
    170,
    179,
    182,
    185,
    187,
    191,
    192,
    193,
    195
  ],
  "correct_rate": 48.97959183673469,
  "negative_samples_avg_ppl": 1807.1285932924784,
  "positive_samples_avg_ppl": 1698.7077877172844
}