{
  "correct_idxs": [
    0,
    1,
    2,
    4,
    5,
    7,
    9,
    11,
    13,
    16,
    17,
    21,
    23,
    24,
    33,
    36,
    37,
    41,
    42,
    44,
    45,
    47,
    48,
    49,
    50,
    52,
    53,
    56,
    58,
    61,
    62,
    63,
    68,
    69,
    71,
    73,
    77,
    78,
    79,
    80,
    81,
    82,
    83,
    85,
    87,
    89,
    90,
    91,
    92,
    93,
    94,
    95,
    96,
    97,
    98,
    100,
    102,
    103,
    105,
    110,
    111,
    114,
    115,
    117,
    118,
    119,
    121,
    125,
    126,
    128,
    129,
    130,
    131,
    132,
    133,
    134,
    135,
    136,
    138,
    140,
    142,
    143,
    144,
    145,
    147,
    148,
    149,
    151,
    152,
    153,
    154,
    155,
    158,
    159,
    163,
    165,
    166,
    169,
    171,
    173,
    176,
    179,
    183,
    185,
    189,
    192,
    195,
    199
  ],
  "correct_rate": 54.0,
  "negative_samples_avg_ppl": 925.3619257371847,
  "positive_samples_avg_ppl": 884.4550162301974
}