{
  "correct_idxs": [
    0,
    4,
    6,
    7,
    11,
    13,
    16,
    18,
    21,
    23,
    31,
    33,
    36,
    41,
    42,
    43,
    44,
    45,
    46,
    49,
    50,
    51,
    52,
    53,
    58,
    60,
    61,
    63,
    65,
    67,
    68,
    69,
    70,
    71,
    73,
    78,
    79,
    80,
    81,
    82,
    83,
    84,
    85,
    86,
    88,
    91,
    92,
    93,
    94,
    95,
    100,
    102,
    103,
    104,
    105,
    110,
    111,
    114,
    115,
    116,
    117,
    119,
    120,
    121,
    122,
    124,
    125,
    126,
    127,
    128,
    129,
    132,
    134,
    135,
    138,
    142,
    143,
    144,
    145,
    146,
    147,
    148,
    151,
    153,
    155,
    158,
    163,
    165,
    170,
    171,
    176,
    177,
    179,
    183,
    185,
    186,
    189,
    191,
    192,
    195,
    196,
    198,
    199
  ],
  "correct_rate": 51.5,
  "negative_samples_avg_ppl": 564.6692771759591,
  "positive_samples_avg_ppl": 541.2777664296265
}