{
  "correct_idxs": [
    2,
    6,
    8,
    30,
    31,
    36,
    42,
    44,
    48,
    49,
    53,
    60,
    61,
    63,
    69,
    76,
    80,
    85,
    90,
    91,
    95,
    102,
    103,
    107,
    108,
    117,
    118,
    120,
    121,
    128,
    135,
    141,
    142,
    154,
    157,
    159,
    162,
    169,
    170,
    179,
    185
  ],
  "correct_rate": 41.41414141414141,
  "negative_samples_avg_ppl": 1032.0358879051116,
  "positive_samples_avg_ppl": 1073.345143998758
}