{
  "correct_idxs": [
    0,
    1,
    4,
    5,
    6,
    7,
    9,
    10,
    13,
    16,
    17,
    19,
    21,
    23,
    24,
    32,
    34,
    36,
    37,
    42,
    45,
    47,
    48,
    52,
    53,
    58,
    60,
    63,
    65,
    68,
    71,
    73,
    77,
    78,
    79,
    80,
    81,
    82,
    83,
    85,
    86,
    87,
    90,
    91,
    92,
    93,
    95,
    96,
    97,
    98,
    99,
    100,
    102,
    104,
    105,
    109,
    110,
    111,
    113,
    115,
    117,
    119,
    120,
    122,
    125,
    126,
    127,
    128,
    129,
    130,
    131,
    132,
    133,
    135,
    138,
    141,
    142,
    143,
    148,
    149,
    153,
    154,
    155,
    158,
    159,
    160,
    161,
    162,
    163,
    165,
    169,
    171,
    173,
    176,
    177,
    179,
    181,
    183,
    184,
    185,
    191,
    192,
    195,
    196,
    198,
    199
  ],
  "correct_rate": 53.0,
  "negative_samples_avg_ppl": 6042.7615352346575,
  "positive_samples_avg_ppl": 6528.476518342349
}