{
  "correct_idxs": [
    0,
    1,
    4,
    5,
    6,
    7,
    15,
    17,
    23,
    24,
    30,
    32,
    34,
    37,
    39,
    41,
    42,
    47,
    49,
    50,
    51,
    53,
    58,
    60,
    62,
    63,
    64,
    65,
    68,
    73,
    77,
    78,
    80,
    81,
    82,
    83,
    85,
    87,
    90,
    91,
    93,
    94,
    95,
    96,
    98,
    100,
    101,
    103,
    104,
    105,
    108,
    109,
    110,
    111,
    113,
    115,
    120,
    122,
    126,
    128,
    129,
    130,
    131,
    133,
    135,
    136,
    139,
    140,
    141,
    142,
    143,
    147,
    148,
    149,
    150,
    152,
    154,
    155,
    156,
    158,
    159,
    160,
    162,
    163,
    166,
    167,
    169,
    170,
    177,
    182,
    184,
    185,
    188,
    190,
    192,
    193,
    195,
    196
  ],
  "correct_rate": 50.0,
  "negative_samples_avg_ppl": 16457.03780364586,
  "positive_samples_avg_ppl": 15880.506353521096
}