{
  "correct_idxs": [
    5,
    24,
    30,
    31,
    33,
    37,
    49,
    60,
    63,
    65,
    76,
    85,
    90,
    91,
    95,
    99,
    108,
    111,
    117,
    120,
    122,
    128,
    130,
    135,
    142,
    145,
    149,
    152,
    154,
    156,
    157,
    159,
    162,
    168,
    169,
    170,
    171,
    174,
    180,
    184,
    185,
    195
  ],
  "correct_rate": 42.42424242424242,
  "negative_samples_avg_ppl": 9720.852695960171,
  "positive_samples_avg_ppl": 10287.00126021244
}