{
  "correct_idxs": [
    0,
    2,
    4,
    5,
    6,
    7,
    12,
    13,
    14,
    18,
    23,
    24,
    26,
    32,
    36,
    37,
    42,
    43,
    44,
    45,
    46,
    48,
    49,
    50,
    51,
    53,
    60,
    62,
    63,
    65,
    67,
    70,
    71,
    78,
    79,
    80,
    81,
    83,
    84,
    85,
    86,
    87,
    90,
    91,
    92,
    93,
    94,
    95,
    97,
    100,
    103,
    104,
    105,
    110,
    111,
    114,
    115,
    116,
    117,
    119,
    121,
    122,
    124,
    125,
    126,
    128,
    129,
    131,
    134,
    135,
    136,
    138,
    139,
    141,
    143,
    144,
    145,
    146,
    147,
    148,
    150,
    151,
    153,
    154,
    155,
    158,
    163,
    166,
    170,
    171,
    176,
    177,
    179,
    183,
    185,
    189,
    191,
    192,
    195,
    196
  ],
  "correct_rate": 50.0,
  "negative_samples_avg_ppl": 3276.6967111975555,
  "positive_samples_avg_ppl": 2986.8174946179115
}