{
  "correct_idxs": [
    0,
    3,
    4,
    6,
    7,
    8,
    9,
    10,
    11,
    12,
    13,
    14,
    19,
    21,
    22,
    23,
    25,
    26,
    27,
    29,
    30,
    33,
    35,
    38,
    39,
    40,
    41,
    42,
    43,
    44,
    45,
    46,
    49,
    53,
    54,
    55,
    56,
    57,
    58,
    59,
    60,
    62,
    63,
    64,
    65,
    67,
    69,
    71,
    73,
    74,
    75,
    76,
    77,
    81,
    83,
    85,
    86,
    88,
    89,
    91,
    92,
    93,
    94,
    95,
    96,
    97,
    98,
    99,
    101,
    103,
    104,
    105,
    106,
    108,
    110,
    111,
    113,
    114,
    115,
    117,
    118,
    119,
    120,
    122,
    123,
    125,
    126,
    127,
    128,
    129,
    130,
    131,
    132,
    133,
    134,
    137,
    138,
    139,
    140,
    141,
    142,
    143,
    145,
    146,
    147,
    148,
    149,
    152,
    153,
    154,
    156,
    157,
    158,
    160,
    162,
    163,
    165,
    167,
    168,
    169,
    170,
    171,
    172,
    175,
    176,
    177,
    178,
    180,
    181,
    182,
    183,
    185,
    187,
    189,
    190,
    192,
    193,
    194,
    195,
    196,
    197,
    199
  ],
  "correct_rate": 71.0,
  "negative_samples_avg_ppl": 0.5200474729591189,
  "positive_samples_avg_ppl": 0.2995798992139981
}