{
  "correct_idxs": [
    0,
    3,
    5,
    8,
    10,
    11,
    13,
    15,
    18,
    24,
    28,
    37,
    38,
    39,
    41,
    43,
    44,
    45,
    48,
    50,
    52,
    54,
    57,
    59,
    61,
    62,
    63,
    64,
    66,
    67,
    68,
    71,
    72,
    74,
    75,
    76,
    77,
    78,
    81,
    84,
    85,
    87,
    92,
    93,
    94,
    95,
    97,
    99,
    103,
    104,
    107,
    108,
    111,
    112,
    114,
    115,
    116,
    120,
    121,
    122,
    123,
    124,
    125,
    127,
    128,
    130,
    131,
    132,
    133,
    134,
    138,
    140,
    141,
    143,
    144,
    146,
    150,
    152,
    153,
    154,
    157,
    159,
    161,
    162,
    163,
    165,
    167,
    169,
    170,
    172,
    173,
    175,
    178,
    179,
    181,
    183,
    185,
    186,
    187,
    188,
    190,
    191,
    193,
    195,
    196,
    198
  ],
  "correct_rate": 53.0,
  "negative_samples_avg_ppl": 34.07613735069359,
  "positive_samples_avg_ppl": 33.43464947010692
}