{
  "correct_idxs": [
    0,
    1,
    3,
    4,
    8,
    9,
    10,
    12,
    13,
    15,
    16,
    18,
    19,
    20,
    23,
    24,
    25,
    26,
    27,
    28,
    30,
    31,
    34,
    35,
    37,
    39,
    40,
    41,
    43,
    44,
    46,
    47,
    49,
    50,
    52,
    53,
    54,
    59,
    60,
    61,
    63,
    68,
    69,
    70,
    71,
    72,
    75,
    76,
    78,
    79,
    80,
    81,
    82,
    83,
    86,
    88,
    92,
    93,
    95,
    99,
    102,
    103,
    105,
    106,
    107,
    108,
    110,
    112,
    115,
    117,
    118,
    119,
    120,
    122,
    123,
    125,
    126,
    129,
    130,
    134,
    135,
    136,
    137,
    138,
    140,
    141,
    142,
    143,
    144,
    146,
    147,
    151,
    153,
    156,
    157,
    159,
    160,
    162,
    164,
    165,
    167,
    168,
    171,
    173,
    174,
    175,
    178,
    181,
    182,
    183,
    185,
    186,
    188,
    192,
    194,
    195,
    198,
    199
  ],
  "correct_rate": 59.0,
  "negative_samples_avg_ppl": 0.7030251358066205,
  "positive_samples_avg_ppl": 0.6437762267155406
}