{
  "correct_idxs": [
    0,
    2,
    3,
    5,
    6,
    7,
    8,
    9,
    10,
    11,
    12,
    13,
    16,
    17,
    20,
    22,
    24,
    26,
    27,
    28,
    29,
    31,
    32,
    33,
    34,
    36,
    37,
    38,
    39,
    40,
    42,
    43,
    44,
    45,
    47,
    48,
    49,
    50,
    53,
    55,
    57,
    60,
    62,
    63,
    64,
    65,
    66,
    67,
    69,
    71,
    72,
    73,
    74,
    77,
    79,
    83,
    86,
    92,
    93,
    95,
    96,
    98,
    99,
    100,
    101,
    103,
    104,
    107,
    108,
    109,
    110,
    111,
    112,
    113,
    114,
    115,
    116,
    117,
    118,
    120,
    122,
    123,
    124,
    125,
    126,
    129,
    130,
    133,
    134,
    136,
    138,
    140,
    141,
    142,
    143,
    144,
    145,
    147,
    148,
    149,
    150,
    152,
    154,
    155,
    157,
    158,
    159,
    160,
    162,
    163,
    164,
    165,
    168,
    169,
    170,
    171,
    173,
    174,
    177,
    178,
    179,
    180,
    181,
    182,
    183,
    184,
    185,
    187,
    188,
    189,
    191,
    192,
    193,
    194,
    195,
    196,
    199
  ],
  "correct_rate": 68.5,
  "negative_samples_avg_ppl": 2127.0854978956827,
  "positive_samples_avg_ppl": 1434.7000616684952
}