{
  "correct_idxs": [
    0,
    2,
    3,
    4,
    6,
    8,
    9,
    11,
    14,
    15,
    16,
    17,
    21,
    22,
    24,
    25,
    27,
    28,
    29,
    33,
    34,
    37,
    38,
    39,
    41,
    43,
    45,
    46,
    48,
    49,
    50,
    52,
    53,
    56,
    57,
    63,
    71,
    72,
    75,
    76,
    77,
    80,
    81,
    82,
    84,
    85,
    86,
    88,
    89,
    93,
    96,
    97,
    99,
    100,
    102,
    105,
    106,
    107,
    109,
    112,
    116,
    120,
    123,
    127,
    128,
    129,
    132,
    137,
    138,
    139,
    141,
    142,
    144,
    145,
    146,
    147,
    150,
    151,
    153,
    154,
    157,
    158,
    159,
    160,
    161,
    162,
    164,
    165,
    166,
    167,
    171,
    172,
    173,
    174,
    177,
    178,
    179,
    180,
    182,
    183,
    186,
    189,
    190,
    192,
    193,
    194,
    195,
    198,
    199
  ],
  "correct_rate": 54.5,
  "negative_samples_avg_ppl": 719.1426030477093,
  "positive_samples_avg_ppl": 664.2152077264734
}