{
  "correct_idxs": [
    0,
    2,
    3,
    5,
    6,
    9,
    10,
    11,
    14,
    17,
    20,
    22,
    24,
    26,
    28,
    31,
    32,
    33,
    35,
    37,
    38,
    39,
    40,
    41,
    45,
    48,
    49,
    50,
    52,
    53,
    56,
    57,
    65,
    71,
    72,
    73,
    75,
    76,
    77,
    80,
    82,
    84,
    86,
    88,
    89,
    93,
    96,
    97,
    100,
    102,
    103,
    105,
    106,
    107,
    109,
    110,
    112,
    114,
    115,
    116,
    118,
    121,
    123,
    124,
    126,
    127,
    128,
    129,
    130,
    132,
    133,
    134,
    141,
    142,
    145,
    146,
    147,
    150,
    151,
    153,
    154,
    157,
    159,
    161,
    167,
    171,
    174,
    175,
    177,
    179,
    182,
    183,
    188,
    189,
    191,
    195,
    196,
    198,
    199
  ],
  "correct_rate": 49.5,
  "negative_samples_avg_ppl": 39.36662870977249,
  "positive_samples_avg_ppl": 38.182040165783725
}