{
  "correct_idxs": [
    2,
    4,
    6,
    8,
    9,
    10,
    12,
    13,
    14,
    16,
    17,
    18,
    19,
    20,
    21,
    22,
    23,
    24,
    26,
    27,
    30,
    31,
    32,
    34,
    36,
    37,
    38,
    40,
    41,
    42,
    45,
    46,
    47,
    48,
    50,
    51,
    57,
    59,
    63,
    64,
    65,
    66,
    67,
    70,
    71,
    72,
    73,
    74,
    75,
    76,
    77,
    78,
    82,
    86,
    87,
    88,
    89,
    90,
    91,
    92,
    93,
    94,
    96,
    97,
    99,
    100,
    101,
    102,
    103,
    104,
    107,
    108,
    109,
    110,
    111,
    112,
    113,
    114,
    115,
    116,
    117,
    120,
    121,
    122,
    123,
    125,
    128,
    129,
    130,
    131,
    134,
    135,
    136,
    138,
    139,
    140,
    141,
    143,
    144,
    145,
    146,
    148,
    149,
    150,
    151,
    152,
    153,
    155,
    157,
    160,
    162,
    163,
    164,
    165,
    166,
    167,
    169,
    170,
    172,
    173,
    174,
    176,
    177,
    179,
    180,
    181,
    183,
    184,
    185,
    187,
    188,
    189,
    191,
    193,
    194,
    195,
    196,
    197,
    198,
    199
  ],
  "correct_rate": 70.0,
  "negative_samples_avg_ppl": 5.081617717947915,
  "positive_samples_avg_ppl": 3.8528294012140334
}