{
  "correct_idxs": [
    0,
    6,
    7,
    11,
    15,
    16,
    18,
    19,
    20,
    22,
    23,
    24,
    26,
    29,
    30,
    33,
    37,
    39,
    40,
    41,
    43,
    47,
    49,
    50,
    51,
    57,
    59,
    60,
    61,
    62,
    63,
    67,
    68,
    69,
    71,
    73,
    74,
    75,
    79,
    80,
    82,
    83,
    84,
    85,
    89,
    91,
    92,
    93,
    97,
    101,
    104,
    106,
    108,
    110,
    111,
    112,
    115,
    120,
    121,
    126,
    130,
    132,
    134,
    135,
    140,
    141,
    142,
    146,
    151,
    152,
    153,
    155,
    159,
    160,
    163,
    164,
    166,
    167,
    168,
    169,
    170,
    174,
    175,
    176,
    178,
    181,
    185,
    186,
    187,
    188,
    191,
    193,
    194,
    198
  ],
  "correct_rate": 47.0,
  "negative_samples_avg_ppl": 10.544500139206663,
  "positive_samples_avg_ppl": 11.817755000657128
}