{
  "correct_idxs": [
    0,
    1,
    2,
    3,
    4,
    6,
    7,
    8,
    9,
    11,
    12,
    14,
    16,
    19,
    21,
    22,
    23,
    24,
    25,
    26,
    27,
    29,
    30,
    31,
    32,
    33,
    34,
    36,
    37,
    38,
    39,
    40,
    41,
    42,
    44,
    45,
    46,
    47,
    48,
    49,
    50,
    52,
    54,
    55,
    56,
    58,
    59,
    60,
    62,
    65,
    67,
    72,
    73,
    74,
    77,
    79,
    82,
    84,
    86,
    87,
    95,
    96,
    98,
    99,
    100,
    102,
    103,
    104,
    106,
    108,
    109,
    110,
    111,
    112,
    114,
    115,
    118,
    120,
    123,
    125,
    128,
    129,
    130,
    131,
    133,
    134,
    135,
    138,
    139,
    140,
    143,
    144,
    146,
    148,
    149,
    150,
    152,
    153,
    155,
    162,
    164,
    167,
    168,
    169,
    171,
    172,
    174,
    175,
    176,
    179,
    180,
    181,
    182,
    184,
    185,
    186,
    187,
    194,
    196,
    198,
    199
  ],
  "correct_rate": 60.5,
  "negative_samples_avg_ppl": 5.575033470512111,
  "positive_samples_avg_ppl": 4.762954248794042
}