{
  "correct_idxs": [
    2,
    4,
    8,
    10,
    11,
    12,
    13,
    15,
    18,
    20,
    21,
    23,
    27,
    28,
    29,
    30,
    31,
    38,
    39,
    40,
    41,
    42,
    43,
    44,
    45,
    46,
    49,
    52,
    53,
    54,
    56,
    57,
    59,
    60,
    61,
    62,
    65,
    66,
    68,
    70,
    72,
    73,
    74,
    77,
    78,
    82,
    83,
    87,
    88,
    89,
    90,
    92,
    94,
    98,
    99,
    100,
    103,
    106,
    107,
    108,
    113,
    114,
    115,
    117,
    120,
    121,
    122,
    123,
    124,
    125,
    126,
    127,
    128,
    131,
    132,
    133,
    134,
    135,
    137,
    140,
    141,
    142,
    143,
    145,
    148,
    149,
    150,
    151,
    152,
    154,
    155,
    157,
    158,
    161,
    162,
    166,
    167,
    168,
    169,
    173,
    174,
    175,
    177,
    178,
    185,
    186,
    188,
    189,
    192,
    197,
    198,
    199
  ],
  "correct_rate": 56.0,
  "negative_samples_avg_ppl": 6.446475496734385,
  "positive_samples_avg_ppl": 6.1347483527978195
}