{
  "correct_idxs": [
    0,
    5,
    6,
    9,
    10,
    11,
    12,
    15,
    16,
    17,
    18,
    19,
    21,
    23,
    24,
    25,
    27,
    28,
    30,
    31,
    32,
    34,
    35,
    36,
    37,
    38,
    39,
    40,
    43,
    45,
    46,
    48,
    49,
    53,
    56,
    57,
    58,
    60,
    62,
    63,
    64,
    68,
    69,
    70,
    72,
    73,
    74,
    76,
    77,
    78,
    80,
    81,
    83,
    84,
    85,
    87,
    90,
    92,
    94,
    97,
    98,
    100,
    102,
    103,
    104,
    105,
    106,
    107,
    114,
    116,
    118,
    119,
    120,
    121,
    122,
    123,
    125,
    126,
    127,
    128,
    129,
    133,
    134,
    135,
    136,
    138,
    141,
    142,
    143,
    144,
    145,
    146,
    148,
    149,
    150,
    151,
    152,
    153,
    156,
    158,
    160,
    161,
    164,
    165,
    169,
    170,
    171,
    175,
    177,
    178,
    182,
    184,
    189,
    193,
    194,
    195,
    196,
    197
  ],
  "correct_rate": 59.25,
  "negative_samples_avg_ppl": 6.350284124538828,
  "positive_samples_avg_ppl": 5.903808950655969
}