{
  "correct_idxs": [
    0,
    1,
    2,
    3,
    7,
    8,
    9,
    13,
    14,
    17,
    21,
    23,
    24,
    27,
    28,
    36,
    37,
    38,
    39,
    40,
    41,
    42,
    45,
    51,
    54,
    58,
    59,
    61,
    62,
    67,
    70,
    73,
    75,
    78,
    80,
    82,
    88,
    89,
    90,
    91,
    94,
    95,
    96,
    99,
    101,
    102,
    107,
    108,
    111,
    118,
    120,
    121,
    126,
    127,
    128,
    131,
    135,
    136,
    137,
    138,
    141,
    143,
    145,
    148,
    149,
    150,
    153,
    154,
    155,
    156,
    157,
    159,
    160,
    164,
    165,
    168,
    169,
    172,
    173,
    174,
    175,
    176,
    178,
    181,
    182,
    183,
    185,
    187,
    193,
    194,
    195,
    199
  ],
  "correct_rate": 46.0,
  "negative_samples_avg_ppl": 5.200607565783272,
  "positive_samples_avg_ppl": 5.246967819302062
}