{
  "correct_idxs": [
    0,
    1,
    2,
    3,
    5,
    6,
    7,
    8,
    10,
    12,
    13,
    14,
    15,
    16,
    18,
    20,
    22,
    24,
    27,
    28,
    29,
    30,
    31,
    36,
    37,
    39,
    40,
    41,
    43,
    44,
    46,
    49,
    50,
    51,
    53,
    54,
    55,
    58,
    59,
    60,
    63,
    65,
    66,
    67,
    68,
    69,
    70,
    71,
    72,
    74,
    76,
    77,
    79,
    80,
    82,
    83,
    84,
    87,
    89,
    92,
    95,
    96,
    97,
    98,
    103,
    104,
    105,
    107,
    108,
    110,
    112,
    113,
    117,
    118,
    120,
    121,
    122,
    123,
    124,
    126,
    127,
    129,
    130,
    131,
    132,
    133,
    134,
    135,
    136,
    137,
    139,
    140,
    141,
    142,
    144,
    146,
    147,
    148,
    149,
    153,
    154,
    155,
    157,
    159,
    160,
    161,
    162,
    165,
    167,
    168,
    169,
    171,
    172,
    174,
    175,
    176,
    177,
    178,
    180,
    181,
    187,
    188,
    189,
    190,
    191,
    192,
    194,
    197,
    199
  ],
  "correct_rate": 64.5,
  "negative_samples_avg_ppl": 5.549028834465396,
  "positive_samples_avg_ppl": 4.759374118256678
}