{
  "correct_idxs": [
    0,
    3,
    8,
    9,
    10,
    11,
    13,
    14,
    15,
    16,
    19,
    21,
    22,
    23,
    24,
    26,
    29,
    31,
    33,
    34,
    35,
    37,
    38,
    39,
    40,
    41,
    43,
    46,
    47,
    53,
    57,
    59,
    64,
    65,
    66,
    67,
    68,
    69,
    72,
    73,
    76,
    80,
    86,
    87,
    89,
    90,
    91,
    92,
    94,
    95,
    96,
    97,
    98,
    99,
    100,
    101,
    103,
    104,
    108,
    110,
    111,
    114,
    115,
    118,
    119,
    120,
    122,
    125,
    127,
    128,
    129,
    130,
    131,
    132,
    134,
    135,
    141,
    142,
    143,
    144,
    145,
    146,
    147,
    149,
    150,
    155,
    156,
    157,
    158,
    161,
    163,
    164,
    165,
    167,
    169,
    170,
    171,
    173,
    175,
    176,
    177,
    178,
    179,
    180,
    182,
    183,
    184,
    187,
    188,
    192,
    195,
    197,
    198,
    199
  ],
  "correct_rate": 57.0,
  "negative_samples_avg_ppl": 0.26675415244614037,
  "positive_samples_avg_ppl": 0.21206743029907454
}