{
  "correct_idxs": [
    0,
    2,
    3,
    4,
    5,
    7,
    8,
    9,
    10,
    11,
    12,
    14,
    15,
    16,
    17,
    19,
    20,
    21,
    22,
    23,
    24,
    25,
    26,
    27,
    28,
    30,
    31,
    32,
    33,
    34,
    35,
    36,
    37,
    38,
    40,
    41,
    42,
    43,
    44,
    45,
    46,
    47,
    48,
    49,
    52,
    53,
    54,
    55,
    56,
    57,
    58,
    59,
    60,
    67,
    68,
    69,
    70,
    71,
    72,
    74,
    76,
    77,
    78,
    79,
    80,
    83,
    86,
    88,
    89,
    90,
    91,
    93,
    94,
    96,
    104,
    106,
    107,
    108,
    110,
    112,
    113,
    114,
    115,
    116,
    117,
    119,
    120,
    122,
    123,
    125,
    126,
    128,
    129,
    130,
    131,
    132,
    133,
    134,
    137,
    138,
    140,
    141,
    142,
    144,
    145,
    147,
    150,
    152,
    153,
    154,
    155,
    156,
    157,
    158,
    161,
    162,
    163,
    165,
    166,
    167,
    168,
    174,
    175,
    176,
    177,
    178,
    179,
    180,
    181,
    182,
    183,
    184,
    185,
    186,
    187,
    189,
    190,
    191,
    192,
    193,
    194,
    195,
    197,
    198
  ],
  "correct_rate": 72.0,
  "negative_samples_avg_ppl": 1822.5880429528797,
  "positive_samples_avg_ppl": 809.2800762314461
}