{
  "correct_idxs": [
    0,
    4,
    5,
    6,
    7,
    10,
    12,
    14,
    15,
    16,
    20,
    22,
    23,
    27,
    28,
    31,
    34,
    36,
    37,
    38,
    39,
    40,
    42,
    44,
    45,
    46,
    48,
    51,
    54,
    57,
    58,
    60,
    62,
    64,
    67,
    69,
    71,
    72,
    73,
    74,
    75,
    77,
    78,
    79,
    80,
    81,
    82,
    83,
    90,
    93,
    94,
    95,
    96,
    98,
    99,
    100,
    101,
    102,
    103,
    106,
    108,
    109,
    110,
    112,
    113,
    116,
    117,
    118,
    119,
    122,
    123,
    125,
    127,
    131,
    133,
    134,
    138,
    141,
    142,
    143,
    145,
    146,
    147,
    149,
    152,
    154,
    155,
    156,
    158,
    161,
    162,
    167,
    168,
    170,
    171,
    172,
    174,
    175,
    177,
    178,
    179,
    185,
    186,
    188,
    189,
    191,
    193,
    196,
    197,
    198,
    199
  ],
  "correct_rate": 55.5,
  "negative_samples_avg_ppl": 5.971383515426471,
  "positive_samples_avg_ppl": 5.592614706337022
}