{
  "correct_idxs": [
    2,
    3,
    4,
    5,
    8,
    10,
    11,
    13,
    15,
    16,
    21,
    22,
    23,
    26,
    28,
    33,
    34,
    35,
    36,
    37,
    39,
    40,
    43,
    46,
    47,
    48,
    54,
    60,
    62,
    63,
    64,
    69,
    71,
    72,
    73,
    74,
    77,
    79,
    85,
    86,
    87,
    88,
    91,
    93,
    94,
    95,
    97,
    100,
    103,
    104,
    105,
    106,
    107,
    108,
    109,
    110,
    112,
    113,
    115,
    116,
    117,
    119,
    120,
    121,
    123,
    124,
    127,
    129,
    130,
    134,
    136,
    137,
    140,
    141,
    143,
    147,
    148,
    150,
    151,
    155,
    156,
    157,
    158,
    160,
    161,
    163,
    164,
    165,
    166,
    167,
    170,
    172,
    173,
    176,
    177,
    178,
    179,
    180,
    183,
    184,
    186,
    187,
    191,
    196,
    197
  ],
  "correct_rate": 52.5,
  "negative_samples_avg_ppl": 1.0185781799408562,
  "positive_samples_avg_ppl": 0.9817606735479696
}