{
  "correct_idxs": [
    0,
    5,
    7,
    9,
    11,
    14,
    15,
    16,
    18,
    20,
    21,
    22,
    23,
    24,
    25,
    28,
    30,
    32,
    33,
    34,
    35,
    36,
    37,
    38,
    39,
    40,
    45,
    46,
    47,
    49,
    51,
    52,
    53,
    55,
    56,
    57,
    58,
    59,
    60,
    61,
    63,
    64,
    66,
    68,
    70,
    71,
    72,
    73,
    75,
    76,
    78,
    79,
    80,
    81,
    83,
    84,
    85,
    88,
    91,
    92,
    96,
    97,
    98,
    103,
    104,
    105,
    107,
    108,
    110,
    116,
    118,
    119,
    120,
    122,
    123,
    124,
    125,
    126,
    127,
    128,
    130,
    131,
    132,
    133,
    134,
    135,
    136,
    139,
    141,
    142,
    143,
    146,
    147,
    149,
    152,
    154,
    155,
    156,
    160,
    161,
    162,
    164,
    166,
    167,
    169,
    171,
    172,
    173,
    182,
    184,
    185,
    187,
    189,
    192,
    196,
    197,
    198,
    199
  ],
  "correct_rate": 59.0,
  "negative_samples_avg_ppl": 49.34829663119055,
  "positive_samples_avg_ppl": 41.2756626927981
}