{
  "correct_idxs": [
    2,
    5,
    7,
    11,
    14,
    15,
    16,
    20,
    21,
    22,
    23,
    25,
    28,
    30,
    32,
    34,
    35,
    36,
    37,
    38,
    39,
    40,
    45,
    46,
    47,
    49,
    53,
    55,
    56,
    58,
    59,
    60,
    61,
    64,
    66,
    68,
    71,
    72,
    73,
    74,
    75,
    76,
    77,
    78,
    79,
    80,
    81,
    83,
    84,
    85,
    91,
    92,
    94,
    95,
    97,
    98,
    99,
    103,
    104,
    107,
    108,
    110,
    116,
    118,
    119,
    120,
    122,
    123,
    124,
    125,
    126,
    127,
    128,
    130,
    131,
    132,
    133,
    134,
    135,
    136,
    141,
    142,
    143,
    146,
    149,
    152,
    154,
    155,
    156,
    159,
    160,
    161,
    164,
    166,
    167,
    169,
    172,
    173,
    175,
    177,
    182,
    184,
    185,
    187,
    189,
    192,
    194,
    196,
    197,
    198,
    199
  ],
  "correct_rate": 55.5,
  "negative_samples_avg_ppl": 49.9902875696594,
  "positive_samples_avg_ppl": 41.2756626927981
}