{
  "correct_idxs": [
    5,
    6,
    7,
    8,
    9,
    11,
    12,
    13,
    14,
    15,
    16,
    17,
    20,
    21,
    23,
    24,
    25,
    26,
    27,
    29,
    30,
    31,
    32,
    33,
    37,
    39,
    40,
    43,
    45,
    46,
    47,
    48,
    53,
    56,
    60,
    61,
    62,
    63,
    64,
    66,
    67,
    68,
    71,
    73,
    74,
    76,
    77,
    78,
    81,
    83,
    84,
    85,
    89,
    90,
    92,
    93,
    94,
    95,
    100,
    103,
    104,
    105,
    106,
    108,
    111,
    112,
    113,
    114,
    116,
    118,
    119,
    120,
    122,
    123,
    124,
    125,
    127,
    128,
    130,
    131,
    133,
    134,
    137,
    139,
    141,
    142,
    143,
    146,
    147,
    149,
    152,
    154,
    160,
    161,
    163,
    164,
    165,
    167,
    168,
    171,
    172,
    173,
    175,
    178,
    180,
    182,
    183,
    184,
    185,
    187,
    191,
    192,
    193,
    194,
    196,
    197
  ],
  "correct_rate": 58.0,
  "negative_samples_avg_ppl": 1521.5112073952484,
  "positive_samples_avg_ppl": 1100.6580859847923
}