{
  "correct_idxs": [
    0,
    4,
    8,
    13,
    16,
    17,
    20,
    22,
    24,
    25,
    26,
    27,
    28,
    29,
    30,
    31,
    33,
    34,
    35,
    36,
    37,
    39,
    40,
    41,
    42,
    43,
    44,
    46,
    48,
    49,
    52,
    53,
    54,
    55,
    56,
    57,
    59,
    61,
    62,
    63,
    64,
    65,
    68,
    70,
    71,
    74,
    76,
    77,
    78,
    79,
    85,
    86,
    87,
    88,
    90,
    91,
    92,
    93,
    95,
    96,
    97,
    98,
    99,
    100,
    101,
    102,
    103,
    105,
    106,
    107,
    108,
    111,
    112,
    113,
    114,
    115,
    116,
    117,
    120,
    121,
    122,
    123,
    124,
    126,
    127,
    130,
    131,
    134,
    139,
    140,
    141,
    142,
    143,
    144,
    145,
    146,
    150,
    151,
    152,
    153,
    154,
    155,
    157,
    158,
    159,
    161,
    163,
    164,
    165,
    168,
    169,
    171,
    172,
    173,
    174,
    175,
    177,
    178,
    180,
    181,
    183,
    184,
    186,
    187,
    189,
    192,
    196,
    197,
    198,
    199
  ],
  "correct_rate": 65.0,
  "negative_samples_avg_ppl": 368.18518261901585,
  "positive_samples_avg_ppl": 231.86284496522435
}