{
  "correct_idxs": [
    0,
    1,
    2,
    3,
    5,
    6,
    8,
    9,
    10,
    12,
    14,
    16,
    17,
    18,
    19,
    21,
    22,
    24,
    26,
    27,
    28,
    29,
    30,
    33,
    34,
    36,
    37,
    42,
    44,
    45,
    46,
    47,
    50,
    51,
    52,
    53,
    54,
    55,
    57,
    59,
    60,
    63,
    64,
    66,
    67,
    69,
    70,
    71,
    72,
    73,
    74,
    76,
    77,
    78,
    79,
    83,
    84,
    85,
    88,
    89,
    93,
    95,
    97,
    99,
    101,
    102,
    103,
    104,
    106,
    108,
    110,
    111,
    112,
    113,
    114,
    115,
    117,
    119,
    120,
    121,
    122,
    123,
    125,
    126,
    127,
    129,
    130,
    133,
    134,
    136,
    137,
    138,
    140,
    141,
    145,
    146,
    147,
    148,
    154,
    156,
    157,
    158,
    159,
    160,
    161,
    163,
    164,
    166,
    167,
    168,
    170,
    173,
    174,
    175,
    177,
    178,
    179,
    180,
    181,
    182,
    183,
    184,
    185,
    186,
    187,
    188,
    189,
    190,
    192,
    195,
    196,
    197,
    199
  ],
  "correct_rate": 66.5,
  "negative_samples_avg_ppl": 5.5663170234727355,
  "positive_samples_avg_ppl": 4.676147101983852
}