{
  "correct_idxs": [
    0,
    2,
    3,
    4,
    7,
    9,
    11,
    12,
    14,
    18,
    21,
    23,
    24,
    25,
    26,
    27,
    28,
    29,
    30,
    32,
    33,
    34,
    35,
    36,
    37,
    40,
    41,
    42,
    44,
    47,
    49,
    51,
    52,
    55,
    56,
    60,
    61,
    62,
    65,
    71,
    72,
    74,
    76,
    82,
    84,
    85,
    92,
    93,
    95,
    96,
    98,
    99,
    100,
    102,
    103,
    106,
    108,
    109,
    110,
    112,
    113,
    115,
    117,
    120,
    121,
    122,
    123,
    125,
    126,
    128,
    130,
    131,
    132,
    134,
    136,
    137,
    138,
    140,
    141,
    142,
    143,
    144,
    145,
    147,
    149,
    150,
    152,
    153,
    154,
    155,
    156,
    157,
    159,
    162,
    164,
    165,
    166,
    168,
    170,
    171,
    172,
    173,
    175,
    176,
    177,
    179,
    181,
    182,
    183,
    184,
    185,
    186,
    188,
    189,
    191,
    192,
    193,
    194,
    197,
    198,
    199
  ],
  "correct_rate": 60.5,
  "negative_samples_avg_ppl": 29.8103285486581,
  "positive_samples_avg_ppl": 21.810252007896974
}