{
  "correct_idxs": [
    1,
    3,
    4,
    5,
    6,
    7,
    8,
    9,
    10,
    13,
    14,
    15,
    20,
    21,
    23,
    25,
    27,
    28,
    31,
    34,
    35,
    36,
    37,
    38,
    39,
    41,
    42,
    44,
    46,
    47,
    49,
    50,
    51,
    52,
    54,
    55,
    56,
    57,
    59,
    60,
    61,
    62,
    63,
    65,
    67,
    69,
    71,
    73,
    74,
    75,
    76,
    77,
    78,
    79,
    80,
    81,
    84,
    86,
    87,
    88,
    96,
    97,
    98,
    100,
    101,
    102,
    103,
    104,
    105,
    106,
    112,
    115,
    116,
    118,
    119,
    120,
    121,
    122,
    123,
    124,
    125,
    127,
    129,
    130,
    131,
    133,
    134,
    135,
    137,
    138,
    139,
    141,
    142,
    143,
    144,
    145,
    146,
    149,
    151,
    152,
    154,
    155,
    159,
    162,
    167,
    169,
    170,
    171,
    173,
    174,
    175,
    177,
    179,
    180,
    188,
    189,
    190,
    191,
    196,
    197,
    198,
    199
  ],
  "correct_rate": 61.0,
  "negative_samples_avg_ppl": 0.4913698500236242,
  "positive_samples_avg_ppl": 0.4115320628934852
}