{
  "correct_idxs": [
    1,
    2,
    3,
    5,
    7,
    8,
    9,
    10,
    13,
    15,
    16,
    17,
    20,
    21,
    22,
    23,
    24,
    25,
    27,
    31,
    32,
    34,
    35,
    36,
    37,
    38,
    39,
    40,
    41,
    42,
    44,
    45,
    46,
    47,
    48,
    49,
    52,
    53,
    54,
    55,
    56,
    57,
    62,
    63,
    64,
    65,
    67,
    69,
    71,
    73,
    75,
    76,
    77,
    78,
    79,
    80,
    81,
    83,
    84,
    86,
    87,
    88,
    90,
    93,
    95,
    96,
    98,
    99,
    100,
    101,
    102,
    103,
    104,
    105,
    106,
    111,
    112,
    113,
    115,
    116,
    117,
    118,
    119,
    120,
    121,
    122,
    123,
    124,
    125,
    126,
    128,
    129,
    130,
    131,
    132,
    133,
    135,
    136,
    137,
    138,
    139,
    140,
    141,
    142,
    143,
    145,
    146,
    149,
    150,
    152,
    154,
    155,
    162,
    169,
    171,
    172,
    173,
    175,
    177,
    178,
    179,
    181,
    184,
    185,
    186,
    187,
    188,
    189,
    190,
    191,
    196,
    199
  ],
  "correct_rate": 66.0,
  "negative_samples_avg_ppl": 0.3207257876305839,
  "positive_samples_avg_ppl": 0.22182737299437488
}