{
  "correct_idxs": [
    0,
    3,
    5,
    6,
    7,
    8,
    10,
    11,
    13,
    14,
    15,
    16,
    17,
    18,
    19,
    20,
    22,
    23,
    25,
    26,
    27,
    28,
    30,
    31,
    32,
    33,
    34,
    35,
    38,
    39,
    40,
    43,
    44,
    45,
    46,
    51,
    52,
    53,
    55,
    56,
    57,
    59,
    60,
    62,
    64,
    66,
    67,
    68,
    69,
    70,
    71,
    72,
    74,
    75,
    76,
    78,
    80,
    81,
    83,
    84,
    85,
    86,
    88,
    90,
    91,
    93,
    94,
    95,
    102,
    105,
    106,
    108,
    109,
    111,
    113,
    114,
    115,
    117,
    119,
    120,
    124,
    125,
    126,
    127,
    129,
    130,
    131,
    132,
    133,
    134,
    136,
    138,
    141,
    142,
    144,
    146,
    147,
    148,
    149,
    151,
    152,
    153,
    155,
    156,
    157,
    160,
    161,
    162,
    163,
    164,
    165,
    166,
    169,
    170,
    171,
    172,
    173,
    174,
    175,
    176,
    177,
    179,
    183,
    184,
    186,
    187,
    188,
    190,
    193,
    194,
    195,
    196,
    198,
    199
  ],
  "correct_rate": 67.0,
  "negative_samples_avg_ppl": 0.6760433626703726,
  "positive_samples_avg_ppl": 0.47291220650902777
}