{
  "correct_idxs": [
    2,
    3,
    4,
    5,
    8,
    11,
    13,
    16,
    18,
    21,
    23,
    28,
    30,
    34,
    35,
    37,
    38,
    39,
    40,
    46,
    54,
    60,
    62,
    63,
    64,
    66,
    67,
    69,
    71,
    72,
    73,
    74,
    77,
    79,
    85,
    86,
    87,
    88,
    89,
    90,
    94,
    95,
    97,
    100,
    102,
    103,
    104,
    105,
    106,
    107,
    108,
    109,
    110,
    112,
    113,
    114,
    116,
    117,
    119,
    120,
    123,
    124,
    125,
    127,
    128,
    129,
    134,
    135,
    136,
    137,
    138,
    139,
    140,
    141,
    147,
    148,
    150,
    151,
    152,
    153,
    155,
    157,
    161,
    163,
    164,
    165,
    166,
    167,
    170,
    172,
    173,
    176,
    177,
    178,
    179,
    180,
    183,
    184,
    185,
    187,
    191,
    192,
    196,
    197
  ],
  "correct_rate": 52.0,
  "negative_samples_avg_ppl": 211.85350939780054,
  "positive_samples_avg_ppl": 187.4042898508886
}