{
  "correct_idxs": [
    0,
    1,
    2,
    3,
    5,
    6,
    7,
    8,
    10,
    11,
    12,
    14,
    16,
    17,
    18,
    19,
    24,
    25,
    26,
    27,
    28,
    29,
    30,
    31,
    34,
    35,
    36,
    37,
    38,
    39,
    41,
    44,
    46,
    47,
    48,
    49,
    50,
    51,
    52,
    53,
    55,
    59,
    60,
    61,
    62,
    63,
    64,
    65,
    66,
    67,
    70,
    72,
    73,
    74,
    75,
    76,
    77,
    79,
    80,
    84,
    85,
    87,
    88,
    89,
    93,
    94,
    95,
    97,
    98,
    100,
    101,
    102,
    103,
    104,
    105,
    106,
    108,
    112,
    113,
    114,
    115,
    116,
    117,
    119,
    121,
    122,
    123,
    124,
    125,
    126,
    127,
    128,
    129,
    131,
    132,
    133,
    134,
    135,
    137,
    139,
    140,
    141,
    142,
    143,
    144,
    145,
    146,
    147,
    149,
    150,
    151,
    152,
    153,
    154,
    156,
    157,
    158,
    159,
    161,
    162,
    163,
    164,
    165,
    166,
    167,
    168,
    169,
    171,
    172,
    175,
    176,
    177,
    178,
    180,
    181,
    182,
    183,
    184,
    185,
    186,
    187,
    188,
    189,
    190,
    192,
    194,
    196,
    197,
    198
  ],
  "correct_rate": 74.5,
  "negative_samples_avg_ppl": 90742.4924714963,
  "positive_samples_avg_ppl": 30948.454883623148
}