{
  "correct_idxs": [
    1,
    3,
    4,
    5,
    8,
    10,
    11,
    14,
    15,
    16,
    18,
    23,
    25,
    26,
    27,
    31,
    32,
    33,
    39,
    44,
    46,
    47,
    48,
    49,
    50,
    51,
    53,
    54,
    55,
    58,
    59,
    64,
    76,
    78,
    81,
    83,
    86,
    88,
    89,
    92,
    93,
    94,
    95,
    96,
    98,
    99,
    109,
    112,
    113,
    118,
    125,
    126,
    127,
    128,
    129,
    130,
    133,
    139,
    140,
    142,
    144,
    149,
    151,
    152,
    154,
    156,
    157,
    159,
    161,
    164,
    165,
    169,
    176,
    177,
    179,
    180,
    181,
    182,
    185,
    186,
    191,
    192,
    199
  ],
  "correct_rate": 41.5,
  "negative_samples_avg_ppl": 56.97877516755469,
  "positive_samples_avg_ppl": 63.92411801756465
}