{
  "correct_idxs": [
    3,
    5,
    7,
    10,
    11,
    15,
    16,
    20,
    23,
    24,
    25,
    27,
    28,
    33,
    37,
    39,
    44,
    46,
    48,
    54,
    55,
    57,
    61,
    63,
    65,
    66,
    68,
    69,
    71,
    73,
    74,
    75,
    77,
    81,
    84,
    88,
    92,
    93,
    95,
    98,
    103,
    104,
    108,
    112,
    114,
    115,
    116,
    120,
    121,
    122,
    124,
    125,
    128,
    130,
    137,
    138,
    139,
    143,
    149,
    150,
    152,
    154,
    156,
    158,
    159,
    161,
    163,
    165,
    166,
    167,
    168,
    169,
    170,
    173,
    176,
    177,
    178,
    179,
    181,
    185,
    186,
    188,
    189,
    191,
    193,
    195
  ],
  "correct_rate": 43.0,
  "negative_samples_avg_ppl": 1762.6541580096484,
  "positive_samples_avg_ppl": 2256.751332995748
}