{
  "correct_idxs": [
    1,
    3,
    5,
    6,
    7,
    8,
    9,
    10,
    11,
    15,
    17,
    18,
    19,
    20,
    21,
    22,
    23,
    25,
    26,
    27,
    28,
    29,
    30,
    32,
    33,
    35,
    36,
    37,
    38,
    40,
    41,
    43,
    44,
    45,
    46,
    47,
    48,
    49,
    50,
    53,
    54,
    55,
    59,
    60,
    61,
    62,
    63,
    64,
    66,
    67,
    68,
    70,
    71,
    72,
    74,
    75,
    76,
    77,
    79,
    81,
    82,
    83,
    86,
    87,
    89,
    90,
    92,
    94,
    95,
    97,
    99,
    100,
    103,
    104,
    106,
    107,
    108,
    110,
    111,
    112,
    113,
    114,
    115,
    116,
    117,
    119,
    121,
    122,
    123,
    124,
    126,
    129,
    130,
    131,
    132,
    133,
    135,
    136,
    137,
    138,
    139,
    141,
    143,
    144,
    145,
    146,
    148,
    149,
    150,
    152,
    154,
    155,
    158,
    159,
    160,
    161,
    162,
    163,
    164,
    165,
    166,
    167,
    169,
    170,
    171,
    172,
    173,
    174,
    176,
    181,
    182,
    183,
    184,
    185,
    187,
    188,
    189,
    192,
    193,
    194,
    195,
    198,
    199
  ],
  "correct_rate": 71.5,
  "negative_samples_avg_ppl": 7816.7605628300735,
  "positive_samples_avg_ppl": 2005.923638863554
}