{
  "correct_idxs": [
    2,
    4,
    7,
    8,
    9,
    10,
    12,
    13,
    14,
    17,
    18,
    19,
    21,
    22,
    23,
    24,
    26,
    27,
    30,
    33,
    35,
    36,
    38,
    39,
    40,
    41,
    42,
    43,
    45,
    46,
    48,
    51,
    52,
    53,
    54,
    57,
    60,
    63,
    64,
    65,
    66,
    67,
    68,
    70,
    71,
    72,
    74,
    75,
    76,
    77,
    82,
    83,
    86,
    87,
    88,
    89,
    91,
    92,
    94,
    95,
    96,
    97,
    98,
    99,
    100,
    102,
    103,
    104,
    106,
    107,
    108,
    109,
    111,
    112,
    114,
    115,
    117,
    118,
    120,
    121,
    122,
    123,
    125,
    129,
    130,
    132,
    134,
    135,
    139,
    141,
    143,
    144,
    145,
    146,
    150,
    152,
    153,
    154,
    155,
    160,
    162,
    163,
    164,
    165,
    166,
    167,
    169,
    170,
    171,
    173,
    174,
    175,
    176,
    177,
    178,
    179,
    180,
    181,
    182,
    183,
    184,
    187,
    188,
    192,
    197,
    198,
    199
  ],
  "correct_rate": 63.5,
  "negative_samples_avg_ppl": 6.987816625348792,
  "positive_samples_avg_ppl": 5.5785393302667945
}