{
  "correct_idxs": [
    0,
    2,
    4,
    7,
    11,
    12,
    13,
    14,
    16,
    18,
    19,
    21,
    22,
    23,
    24,
    26,
    27,
    30,
    33,
    34,
    35,
    36,
    38,
    39,
    40,
    41,
    42,
    43,
    46,
    48,
    53,
    54,
    57,
    60,
    62,
    63,
    65,
    66,
    67,
    68,
    70,
    71,
    72,
    73,
    74,
    76,
    78,
    79,
    82,
    86,
    89,
    91,
    92,
    95,
    96,
    97,
    98,
    99,
    100,
    102,
    103,
    108,
    109,
    110,
    111,
    112,
    114,
    115,
    117,
    120,
    121,
    122,
    123,
    129,
    130,
    131,
    132,
    134,
    135,
    139,
    141,
    143,
    144,
    145,
    146,
    148,
    150,
    154,
    155,
    157,
    160,
    162,
    163,
    164,
    165,
    169,
    170,
    171,
    174,
    176,
    177,
    178,
    179,
    180,
    181,
    182,
    183,
    184,
    186,
    187,
    192,
    197,
    198,
    199
  ],
  "correct_rate": 57.0,
  "negative_samples_avg_ppl": 7.140575116970536,
  "positive_samples_avg_ppl": 5.5785393302667945
}