{
  "correct_idxs": [
    4,
    5,
    6,
    7,
    9,
    10,
    11,
    14,
    15,
    17,
    18,
    25,
    26,
    28,
    30,
    31,
    34,
    35,
    37,
    39,
    40,
    41,
    42,
    43,
    45,
    48,
    50,
    52,
    53,
    60,
    61,
    63,
    68,
    69,
    70,
    71,
    78,
    80,
    81,
    82,
    83,
    84,
    85,
    86,
    87,
    89,
    92,
    93,
    102,
    103,
    104,
    105,
    106,
    107,
    114,
    115,
    117,
    119,
    120,
    121,
    125,
    126,
    129,
    131,
    132,
    134,
    137,
    138,
    141,
    145,
    146,
    147,
    148,
    151,
    156,
    158,
    162,
    163,
    164,
    165,
    166,
    167,
    171,
    174,
    176,
    177,
    179,
    183,
    184,
    185,
    187,
    189,
    190,
    193,
    199
  ],
  "correct_rate": 47.5,
  "negative_samples_avg_ppl": 64.07217276482001,
  "positive_samples_avg_ppl": 66.740726422078
}