{
  "correct_idxs": [
    2,
    4,
    6,
    7,
    9,
    10,
    13,
    14,
    18,
    22,
    24,
    25,
    28,
    29,
    30,
    33,
    34,
    35,
    36,
    37,
    38,
    39,
    40,
    43,
    45,
    46,
    48,
    49,
    50,
    52,
    55,
    56,
    58,
    59,
    60,
    61,
    62,
    69,
    71,
    77,
    78,
    79,
    80,
    83,
    85,
    86,
    90,
    91,
    94,
    96,
    98,
    99,
    100,
    101,
    103,
    104,
    105,
    106,
    107,
    112,
    113,
    114,
    115,
    118,
    119,
    120,
    121,
    126,
    128,
    131,
    132,
    133,
    134,
    137,
    141,
    142,
    143,
    147,
    148,
    152,
    154,
    158,
    163,
    165,
    166,
    169,
    174,
    179,
    181,
    182,
    184,
    185,
    186,
    187,
    189,
    195,
    198
  ],
  "correct_rate": 48.5,
  "negative_samples_avg_ppl": 981.8519531988815,
  "positive_samples_avg_ppl": 1048.260986685115
}