{
  "correct_idxs": [
    0,
    1,
    2,
    3,
    4,
    8,
    9,
    10,
    12,
    14,
    15,
    17,
    18,
    19,
    21,
    23,
    26,
    29,
    30,
    31,
    32,
    33,
    34,
    36,
    37,
    38,
    39,
    41,
    42,
    44,
    45,
    46,
    47,
    49,
    54,
    56,
    57,
    59,
    60,
    62,
    64,
    68,
    69,
    71,
    74,
    78,
    87,
    88,
    89,
    90,
    91,
    92,
    93,
    95,
    103,
    109,
    111,
    112,
    115,
    117,
    118,
    125,
    129,
    130,
    131,
    136,
    138,
    140,
    152,
    154,
    155,
    156,
    158,
    160,
    163,
    167,
    168,
    169,
    170,
    171,
    173,
    176,
    178,
    179,
    181,
    182,
    184,
    188,
    189,
    190,
    191,
    192,
    193,
    195,
    198,
    199
  ],
  "correct_rate": 48.0,
  "negative_samples_avg_ppl": 85.19491799999889,
  "positive_samples_avg_ppl": 88.51064214229481
}