{
  "correct_idxs": [
    1,
    4,
    7,
    9,
    12,
    19,
    23,
    26,
    33,
    35,
    36,
    38,
    45,
    57,
    60,
    63,
    68,
    71,
    73,
    74,
    81,
    83,
    84,
    87,
    91,
    94,
    112,
    113,
    117,
    125,
    129,
    133,
    138,
    144,
    160,
    163,
    164,
    176,
    178,
    181,
    185,
    186,
    190,
    191,
    193
  ],
  "correct_rate": 48.38709677419355,
  "negative_samples_avg_ppl": 119.36914241156163,
  "positive_samples_avg_ppl": 123.3861473508306
}