{
  "correct_idxs": [
    1,
    3,
    4,
    5,
    6,
    7,
    9,
    10,
    12,
    13,
    17,
    18,
    19,
    21,
    23,
    26,
    27,
    28,
    29,
    33,
    34,
    35,
    36,
    37,
    38,
    44,
    45,
    47,
    54,
    56,
    57,
    59,
    60,
    62,
    63,
    64,
    68,
    71,
    73,
    74,
    78,
    81,
    83,
    84,
    85,
    87,
    88,
    90,
    91,
    93,
    94,
    96,
    102,
    103,
    109,
    111,
    112,
    113,
    117,
    118,
    125,
    129,
    131,
    133,
    135,
    136,
    138,
    140,
    144,
    149,
    151,
    156,
    158,
    160,
    163,
    164,
    167,
    169,
    171,
    176,
    178,
    179,
    181,
    182,
    184,
    185,
    186,
    189,
    190,
    191,
    192,
    193
  ],
  "correct_rate": 48.93617021276596,
  "negative_samples_avg_ppl": 150.14950709113322,
  "positive_samples_avg_ppl": 155.01967986835618
}