{
  "correct_idxs": [
    2,
    4,
    5,
    8,
    9,
    10,
    11,
    12,
    14,
    15,
    18,
    21,
    23,
    24,
    25,
    28,
    29,
    30,
    31,
    32,
    33,
    34,
    36,
    37,
    39,
    41,
    42,
    44,
    45,
    46,
    54,
    56,
    57,
    59,
    60,
    62,
    64,
    71,
    74,
    77,
    78,
    87,
    88,
    89,
    90,
    91,
    92,
    93,
    97,
    98,
    99,
    100,
    101,
    103,
    105,
    110,
    111,
    113,
    117,
    118,
    122,
    126,
    127,
    131,
    134,
    135,
    136,
    138,
    139,
    140,
    142,
    143,
    145,
    149,
    150,
    151,
    152,
    155,
    156,
    158,
    160,
    161,
    167,
    168,
    169,
    170,
    171,
    172,
    173,
    175,
    176,
    177,
    179,
    182,
    184,
    189,
    190,
    191,
    192,
    193,
    198,
    199
  ],
  "correct_rate": 51.0,
  "negative_samples_avg_ppl": 88.27514359239018,
  "positive_samples_avg_ppl": 86.09544372958663
}