{
  "correct_idxs": [
    2,
    3,
    4,
    6,
    9,
    10,
    11,
    12,
    18,
    21,
    24,
    27,
    29,
    30,
    32,
    33,
    34,
    35,
    36,
    37,
    38,
    40,
    42,
    43,
    44,
    47,
    49,
    51,
    55,
    56,
    58,
    59,
    61,
    62,
    65,
    71,
    72,
    74,
    77,
    79,
    80,
    82,
    84,
    85,
    87,
    91,
    93,
    95,
    96,
    98,
    100,
    102,
    103,
    104,
    106,
    108,
    109,
    110,
    111,
    112,
    113,
    115,
    117,
    120,
    121,
    122,
    123,
    126,
    127,
    128,
    130,
    131,
    132,
    133,
    134,
    135,
    136,
    138,
    140,
    141,
    142,
    143,
    144,
    145,
    148,
    149,
    150,
    152,
    153,
    154,
    155,
    156,
    157,
    159,
    162,
    164,
    165,
    166,
    168,
    169,
    170,
    171,
    172,
    173,
    175,
    176,
    177,
    179,
    181,
    182,
    183,
    184,
    185,
    186,
    187,
    189,
    190,
    191,
    192,
    193,
    194,
    198,
    199
  ],
  "correct_rate": 61.5,
  "negative_samples_avg_ppl": 12.286540870539213,
  "positive_samples_avg_ppl": 9.920710547781995
}