{
  "correct_idxs": [
    0,
    2,
    3,
    4,
    5,
    6,
    8,
    10,
    11,
    12,
    13,
    14,
    15,
    16,
    17,
    18,
    19,
    21,
    22,
    23,
    24,
    26,
    28,
    29,
    31,
    32,
    33,
    34,
    35,
    37,
    39,
    40,
    43,
    44,
    45,
    47,
    48,
    49,
    50,
    51,
    52,
    53,
    54,
    55,
    57,
    58,
    59,
    60,
    61,
    62,
    63,
    64,
    66,
    67,
    68,
    70,
    71,
    72,
    73,
    74,
    75,
    76,
    77,
    78,
    79,
    81,
    83,
    84,
    85,
    87,
    91,
    92,
    94,
    95,
    96,
    97,
    98,
    100,
    101,
    102,
    104,
    108,
    110,
    112,
    113,
    115,
    116,
    118,
    119,
    121,
    122,
    126,
    127,
    130,
    131,
    132,
    133,
    134,
    135,
    136,
    138,
    139,
    140,
    141,
    142,
    143,
    144,
    145,
    146,
    147,
    148,
    149,
    150,
    153,
    154,
    156,
    157,
    160,
    161,
    162,
    163,
    164,
    165,
    167,
    168,
    169,
    170,
    172,
    173,
    174,
    175,
    177,
    178,
    179,
    182,
    184,
    185,
    187,
    188,
    189,
    190,
    191,
    192,
    193,
    196,
    197,
    198,
    199
  ],
  "correct_rate": 74.0,
  "negative_samples_avg_ppl": 0.8473784718462547,
  "positive_samples_avg_ppl": 0.7203204670935793
}