{
  "correct_idxs": [
    2,
    3,
    4,
    6,
    9,
    10,
    14,
    15,
    17,
    18,
    19,
    20,
    22,
    26,
    28,
    29,
    31,
    33,
    34,
    35,
    40,
    41,
    43,
    47,
    48,
    50,
    51,
    52,
    53,
    54,
    56,
    62,
    63,
    64,
    65,
    70,
    73,
    75,
    76,
    77,
    78,
    79,
    80,
    84,
    86,
    87,
    90,
    93,
    97,
    103,
    105,
    107,
    110,
    113,
    115,
    116,
    117,
    118,
    119,
    122,
    123,
    125,
    128,
    129,
    132,
    134,
    136,
    141,
    142,
    144,
    150,
    152,
    154,
    158,
    159,
    163,
    164,
    167,
    168,
    170,
    174,
    175,
    177,
    179,
    181,
    183,
    186,
    188,
    189,
    190,
    192,
    194,
    199
  ],
  "correct_rate": 46.5,
  "negative_samples_avg_ppl": 700.175183871327,
  "positive_samples_avg_ppl": 854.9062564006949
}