{
  "correct_idxs": [
    1,
    3,
    6,
    7,
    9,
    10,
    13,
    14,
    18,
    19,
    20,
    22,
    23,
    26,
    27,
    28,
    29,
    31,
    32,
    33,
    37,
    38,
    41,
    43,
    45,
    47,
    50,
    52,
    53,
    56,
    59,
    63,
    64,
    65,
    67,
    71,
    73,
    78,
    79,
    80,
    84,
    85,
    87,
    89,
    90,
    91,
    93,
    94,
    96,
    97,
    101,
    104,
    105,
    107,
    111,
    113,
    114,
    116,
    117,
    118,
    119,
    121,
    122,
    123,
    125,
    127,
    128,
    132,
    145,
    152,
    155,
    156,
    158,
    159,
    161,
    162,
    166,
    167,
    168,
    169,
    170,
    172,
    173,
    175,
    178,
    179,
    181,
    185,
    188,
    189,
    192,
    193,
    194,
    197
  ],
  "correct_rate": 47.0,
  "negative_samples_avg_ppl": 37.52559447270539,
  "positive_samples_avg_ppl": 37.85880386483902
}