{
  "correct_idxs": [
    1,
    3,
    4,
    5,
    6,
    7,
    8,
    9,
    10,
    15,
    16,
    17,
    19,
    22,
    23,
    24,
    26,
    27,
    31,
    35,
    37,
    39,
    42,
    43,
    45,
    47,
    49,
    50,
    51,
    52,
    54,
    56,
    57,
    58,
    59,
    61,
    62,
    64,
    66,
    68,
    69,
    73,
    76,
    79,
    83,
    84,
    85,
    86,
    87,
    89,
    90,
    93,
    96,
    97,
    100,
    103,
    104,
    106,
    107,
    110,
    114,
    115,
    116,
    120,
    121,
    126,
    128,
    129,
    130,
    133,
    134,
    135,
    136,
    137,
    138,
    139,
    141,
    143,
    144,
    147,
    148,
    149,
    150,
    151,
    153,
    155,
    156,
    157,
    161,
    162,
    163,
    166,
    168,
    170,
    171,
    173,
    176,
    178,
    179,
    180,
    183,
    184,
    186,
    187,
    191,
    195,
    196,
    197
  ],
  "correct_rate": 54.0,
  "negative_samples_avg_ppl": 1.0304966980214254,
  "positive_samples_avg_ppl": 1.0306505242061788
}