{
  "correct_idxs": [
    2,
    5,
    7,
    8,
    9,
    12,
    20,
    23,
    24,
    28,
    31,
    33,
    41,
    42,
    44,
    46,
    48,
    50,
    53,
    54,
    56,
    57,
    58,
    61,
    64,
    65,
    66,
    67,
    68,
    71,
    81,
    83,
    84,
    88,
    89,
    91,
    92,
    93,
    96,
    98,
    99,
    102,
    105,
    106,
    107,
    109,
    110,
    112,
    113,
    114,
    115,
    118,
    120,
    121,
    123,
    124,
    125,
    127,
    129,
    132,
    133,
    134,
    136,
    138,
    141,
    142,
    145,
    150,
    152,
    153,
    154,
    155,
    156,
    159,
    163,
    164,
    167,
    168,
    169,
    173,
    175,
    177,
    181,
    185,
    186,
    187,
    189,
    192,
    193,
    194,
    197
  ],
  "correct_rate": 45.5,
  "negative_samples_avg_ppl": 5451.314481875055,
  "positive_samples_avg_ppl": 6642.636568421702
}