{
  "correct_idxs": [
    0,
    1,
    2,
    5,
    7,
    8,
    9,
    11,
    12,
    15,
    16,
    20,
    23,
    24,
    25,
    28,
    30,
    34,
    35,
    36,
    38,
    40,
    41,
    42,
    47,
    48,
    49,
    50,
    53,
    57,
    60,
    62,
    64,
    65,
    66,
    67,
    68,
    69,
    71,
    73,
    76,
    78,
    79,
    83,
    84,
    85,
    88,
    89,
    91,
    96,
    97,
    98,
    99,
    100,
    102,
    106,
    108,
    110,
    115,
    118,
    120,
    121,
    123,
    124,
    127,
    128,
    129,
    131,
    132,
    133,
    134,
    135,
    136,
    138,
    141,
    142,
    143,
    144,
    145,
    149,
    152,
    153,
    154,
    156,
    162,
    163,
    165,
    167,
    168,
    173,
    175,
    176,
    177,
    178,
    180,
    182,
    183,
    185,
    186,
    187,
    189,
    192,
    194,
    195,
    196
  ],
  "correct_rate": 52.5,
  "negative_samples_avg_ppl": 2936.3234409441434,
  "positive_samples_avg_ppl": 2846.0127283050706
}