{
  "correct_idxs": [
    12,
    20,
    24,
    33,
    39,
    42,
    45,
    47,
    50,
    59,
    68,
    71,
    73,
    79,
    80,
    83,
    84,
    95,
    96,
    98,
    99,
    103,
    104,
    109,
    114,
    120,
    123,
    124,
    125,
    133,
    141,
    151,
    154,
    159,
    167,
    168,
    169,
    170,
    178,
    180,
    181,
    184,
    185,
    189,
    194,
    196
  ],
  "correct_rate": 43.80952380952381,
  "negative_samples_avg_ppl": 8803.7804775514,
  "positive_samples_avg_ppl": 10161.77986028771
}