{
  "correct_idxs": [
    0,
    2,
    5,
    8,
    9,
    11,
    15,
    20,
    23,
    26,
    28,
    31,
    33,
    39,
    40,
    42,
    46,
    47,
    50,
    53,
    54,
    55,
    56,
    57,
    61,
    63,
    64,
    66,
    67,
    68,
    74,
    77,
    79,
    80,
    83,
    84,
    85,
    92,
    93,
    95,
    96,
    98,
    99,
    101,
    102,
    103,
    104,
    105,
    106,
    107,
    109,
    110,
    113,
    114,
    115,
    118,
    119,
    120,
    121,
    123,
    124,
    125,
    129,
    133,
    138,
    140,
    141,
    149,
    150,
    151,
    152,
    153,
    154,
    155,
    157,
    159,
    161,
    163,
    167,
    168,
    169,
    170,
    177,
    178,
    180,
    181,
    182,
    184,
    185,
    189,
    194
  ],
  "correct_rate": 46.666666666666664,
  "negative_samples_avg_ppl": 15095.196141372238,
  "positive_samples_avg_ppl": 16326.88324658133
}