{
  "correct_idxs": [
    0,
    3,
    4,
    5,
    6,
    7,
    8,
    9,
    10,
    11,
    15,
    16,
    18,
    19,
    20,
    21,
    22,
    23,
    28,
    29,
    31,
    33,
    34,
    35,
    36,
    37,
    38,
    40,
    43,
    46,
    47,
    48,
    50,
    53,
    55,
    57,
    58,
    59,
    60,
    63,
    67,
    68,
    69,
    71,
    72,
    73,
    75,
    76,
    77,
    78,
    79,
    80,
    81,
    84,
    85,
    90,
    91,
    92,
    93,
    95,
    96,
    99,
    100,
    102,
    103,
    104,
    105,
    108,
    109,
    110,
    111,
    112,
    114,
    115,
    116,
    118,
    120,
    121,
    123,
    124,
    125,
    126,
    127,
    128,
    129,
    130,
    131,
    134,
    139,
    141,
    144,
    145,
    146,
    148,
    150,
    152,
    154,
    155,
    157,
    158,
    159,
    160,
    161,
    162,
    163,
    164,
    165,
    170,
    171,
    173,
    174,
    175,
    176,
    178,
    180,
    181,
    182,
    184,
    185,
    187,
    188,
    189,
    192,
    198,
    199
  ],
  "correct_rate": 62.5,
  "negative_samples_avg_ppl": 194.5517258792965,
  "positive_samples_avg_ppl": 130.803080418948
}