{
  "correct_idxs": [
    0,
    1,
    3,
    4,
    5,
    6,
    7,
    8,
    10,
    11,
    12,
    13,
    14,
    15,
    16,
    17,
    18,
    19,
    20,
    22,
    23,
    24,
    25,
    26,
    27,
    28,
    30,
    31,
    32,
    33,
    34,
    35,
    37,
    38,
    39,
    40,
    43,
    44,
    45,
    46,
    50,
    51,
    52,
    53,
    54,
    55,
    56,
    57,
    58,
    59,
    60,
    61,
    64,
    66,
    67,
    68,
    70,
    71,
    73,
    74,
    75,
    78,
    79,
    80,
    81,
    83,
    87,
    88,
    90,
    91,
    93,
    94,
    95,
    96,
    99,
    100,
    102,
    105,
    108,
    109,
    111,
    113,
    115,
    117,
    119,
    120,
    123,
    124,
    125,
    126,
    127,
    129,
    130,
    131,
    132,
    133,
    134,
    136,
    141,
    142,
    146,
    147,
    148,
    149,
    151,
    152,
    153,
    155,
    156,
    157,
    159,
    160,
    161,
    162,
    163,
    164,
    165,
    166,
    170,
    171,
    172,
    173,
    174,
    175,
    176,
    177,
    181,
    183,
    184,
    187,
    188,
    190,
    191,
    193,
    194,
    195,
    197,
    198,
    199
  ],
  "correct_rate": 69.5,
  "negative_samples_avg_ppl": 0.7983649800572423,
  "positive_samples_avg_ppl": 0.6402420928504873
}