{
  "correct_idxs": [
    0,
    2,
    4,
    5,
    6,
    7,
    10,
    13,
    14,
    16,
    17,
    19,
    20,
    22,
    24,
    25,
    26,
    27,
    28,
    29,
    30,
    31,
    33,
    34,
    36,
    37,
    38,
    39,
    40,
    42,
    43,
    44,
    46,
    48,
    49,
    52,
    53,
    54,
    55,
    58,
    59,
    60,
    61,
    64,
    65,
    66,
    68,
    70,
    72,
    73,
    75,
    76,
    77,
    78,
    79,
    81,
    82,
    84,
    85,
    86,
    87,
    88,
    90,
    91,
    92,
    93,
    95,
    99,
    100,
    101,
    102,
    103,
    104,
    105,
    108,
    110,
    111,
    112,
    113,
    114,
    115,
    116,
    118,
    120,
    121,
    122,
    124,
    125,
    126,
    127,
    128,
    129,
    130,
    131,
    134,
    135,
    137,
    138,
    140,
    141,
    142,
    143,
    144,
    145,
    146,
    147,
    148,
    151,
    152,
    153,
    154,
    157,
    158,
    159,
    163,
    164,
    168,
    169,
    170,
    174,
    175,
    176,
    177,
    178,
    180,
    181,
    182,
    183,
    184,
    186,
    187,
    189,
    193,
    194,
    196,
    197
  ],
  "correct_rate": 68.0,
  "negative_samples_avg_ppl": 202.37395427495005,
  "positive_samples_avg_ppl": 105.728033491186
}