{
  "correct_idxs": [
    0,
    2,
    3,
    6,
    8,
    10,
    11,
    13,
    14,
    15,
    16,
    17,
    18,
    19,
    20,
    21,
    25,
    27,
    30,
    31,
    35,
    39,
    40,
    41,
    43,
    44,
    47,
    48,
    50,
    52,
    53,
    55,
    59,
    60,
    61,
    62,
    63,
    65,
    68,
    70,
    76,
    77,
    78,
    80,
    84,
    85,
    87,
    88,
    92,
    93,
    97,
    98,
    100,
    104,
    106,
    108,
    109,
    112,
    117,
    118,
    119,
    120,
    121,
    124,
    126,
    130,
    131,
    132,
    134,
    136,
    137,
    138,
    139,
    140,
    141,
    148,
    150,
    153,
    154,
    156,
    157,
    158,
    163,
    164,
    168,
    170,
    172,
    174,
    175,
    176,
    178,
    180,
    182,
    183,
    186,
    187,
    188,
    189,
    191,
    194,
    195,
    196,
    198
  ],
  "correct_rate": 51.5,
  "negative_samples_avg_ppl": 17.63959823572372,
  "positive_samples_avg_ppl": 14.662489272867676
}