{
  "correct_idxs": [
    0,
    1,
    3,
    4,
    5,
    6,
    7,
    10,
    11,
    13,
    14,
    16,
    17,
    18,
    20,
    21,
    24,
    25,
    28,
    29,
    31,
    35,
    36,
    38,
    39,
    40,
    42,
    43,
    46,
    47,
    48,
    49,
    50,
    51,
    55,
    58,
    59,
    60,
    63,
    66,
    67,
    69,
    70,
    74,
    75,
    76,
    77,
    78,
    79,
    80,
    82,
    86,
    87,
    90,
    91,
    94,
    95,
    96,
    97,
    100,
    103,
    104,
    105,
    107,
    109,
    110,
    111,
    112,
    113,
    114,
    115,
    116,
    117,
    118,
    119,
    120,
    121,
    122,
    125,
    127,
    128,
    130,
    131,
    133,
    134,
    136,
    137,
    138,
    142,
    144,
    145,
    147,
    148,
    149,
    150,
    151,
    152,
    153,
    155,
    156,
    159,
    160,
    161,
    162,
    163,
    164,
    165,
    166,
    167,
    168,
    170,
    171,
    172,
    174,
    175,
    176,
    178,
    179,
    180,
    181,
    183,
    186,
    187,
    188,
    189,
    190,
    191,
    194,
    195,
    197
  ],
  "correct_rate": 65.0,
  "negative_samples_avg_ppl": 0.6743392890543906,
  "positive_samples_avg_ppl": 0.3862612540826216
}