{
  "correct_idxs": [
    3,
    4,
    5,
    7,
    8,
    12,
    16,
    17,
    18,
    19,
    20,
    27,
    28,
    30,
    31,
    33,
    38,
    39,
    44,
    46,
    48,
    49,
    50,
    53,
    58,
    62,
    66,
    68,
    69,
    73,
    74,
    75,
    76,
    77,
    79,
    82,
    83,
    86,
    88,
    92,
    93,
    95,
    100,
    101,
    102,
    106,
    107,
    109,
    110,
    119,
    120,
    123,
    124,
    125,
    127,
    128,
    129,
    130,
    132,
    139,
    143,
    144,
    148,
    151,
    152,
    154,
    155,
    157,
    161,
    163,
    164,
    169,
    170,
    174,
    176,
    177,
    181,
    184,
    185,
    186,
    188,
    189,
    190,
    196,
    199
  ],
  "correct_rate": 42.5,
  "negative_samples_avg_ppl": 9.466306766904001,
  "positive_samples_avg_ppl": 10.032308047678402
}