{
  "correct_idxs": [
    1,
    2,
    3,
    5,
    6,
    7,
    8,
    9,
    12,
    13,
    14,
    15,
    20,
    22,
    24,
    28,
    30,
    35,
    37,
    39,
    40,
    41,
    42,
    43,
    44,
    45,
    46,
    47,
    48,
    49,
    50,
    51,
    53,
    57,
    58,
    59,
    60,
    63,
    64,
    66,
    68,
    69,
    70,
    72,
    73,
    74,
    75,
    77,
    79,
    80,
    82,
    87,
    89,
    91,
    93,
    94,
    95,
    96,
    97,
    98,
    101,
    103,
    104,
    105,
    110,
    111,
    113,
    114,
    115,
    116,
    117,
    118,
    120,
    121,
    122,
    126,
    128,
    129,
    130,
    131,
    132,
    133,
    134,
    135,
    136,
    137,
    139,
    140,
    141,
    144,
    146,
    147,
    148,
    149,
    150,
    154,
    155,
    160,
    162,
    167,
    169,
    171,
    172,
    173,
    174,
    176,
    178,
    179,
    181,
    182,
    183,
    184,
    185,
    186,
    190,
    192,
    193,
    194,
    195,
    197,
    199
  ],
  "correct_rate": 60.5,
  "negative_samples_avg_ppl": 0.39483340302955,
  "positive_samples_avg_ppl": 0.3431876844250586
}