{
  "correct_idxs": [
    0,
    2,
    3,
    4,
    5,
    6,
    7,
    10,
    13,
    14,
    15,
    17,
    20,
    21,
    22,
    23,
    25,
    26,
    29,
    30,
    31,
    33,
    34,
    35,
    36,
    37,
    38,
    40,
    41,
    42,
    43,
    44,
    45,
    46,
    48,
    49,
    50,
    51,
    52,
    53,
    56,
    57,
    58,
    59,
    61,
    64,
    65,
    66,
    67,
    68,
    69,
    70,
    71,
    72,
    73,
    75,
    76,
    77,
    78,
    79,
    80,
    83,
    85,
    86,
    87,
    88,
    90,
    91,
    92,
    93,
    95,
    96,
    98,
    99,
    100,
    101,
    102,
    103,
    105,
    106,
    107,
    108,
    110,
    111,
    112,
    113,
    114,
    115,
    116,
    119,
    120,
    121,
    122,
    124,
    125,
    126,
    129,
    130,
    131,
    134,
    136,
    138,
    140,
    141,
    143,
    144,
    145,
    146,
    147,
    149,
    151,
    152,
    153,
    154,
    155,
    157,
    158,
    159,
    160,
    162,
    164,
    165,
    166,
    168,
    169,
    170,
    171,
    176,
    177,
    178,
    179,
    181,
    182,
    183,
    184,
    186,
    187,
    188,
    189,
    191,
    193,
    196,
    198
  ],
  "correct_rate": 71.5,
  "negative_samples_avg_ppl": 0.6583150928155066,
  "positive_samples_avg_ppl": 0.26404997922446055
}