{
  "correct_idxs": [
    1,
    2,
    4,
    5,
    6,
    12,
    14,
    20,
    21,
    23,
    25,
    27,
    29,
    30,
    31,
    32,
    33,
    35,
    38,
    42,
    44,
    46,
    49,
    51,
    52,
    53,
    55,
    56,
    58,
    59,
    60,
    65,
    67,
    73,
    75,
    79,
    82,
    84,
    86,
    87,
    88,
    89,
    91,
    94,
    95,
    96,
    99,
    101,
    102,
    104,
    105,
    109,
    110,
    115,
    117,
    119,
    121,
    122,
    124,
    125,
    126,
    132,
    133,
    139,
    141,
    142,
    143,
    145,
    147,
    148,
    151,
    154,
    155,
    157,
    160,
    161,
    164,
    166,
    167,
    168,
    169,
    171,
    175,
    176,
    177,
    178,
    180,
    182,
    184,
    186,
    188,
    189,
    192,
    193,
    194,
    195,
    197
  ],
  "correct_rate": 48.5,
  "negative_samples_avg_ppl": 102.01021507716995,
  "positive_samples_avg_ppl": 105.65137999305702
}