{
  "correct_idxs": [
    0,
    1,
    2,
    3,
    4,
    5,
    10,
    13,
    17,
    19,
    20,
    21,
    23,
    25,
    27,
    33,
    35,
    36,
    39,
    41,
    43,
    44,
    46,
    50,
    51,
    52,
    53,
    55,
    56,
    58,
    65,
    67,
    75,
    77,
    79,
    82,
    85,
    87,
    89,
    91,
    92,
    95,
    96,
    99,
    101,
    103,
    104,
    107,
    110,
    115,
    119,
    120,
    122,
    124,
    126,
    127,
    128,
    132,
    133,
    139,
    140,
    143,
    144,
    145,
    146,
    148,
    151,
    154,
    155,
    156,
    157,
    159,
    161,
    164,
    165,
    166,
    167,
    168,
    169,
    170,
    171,
    172,
    176,
    178,
    182,
    185,
    186,
    188,
    192,
    193,
    194,
    195,
    197,
    198
  ],
  "correct_rate": 47.0,
  "negative_samples_avg_ppl": 61.47926893308939,
  "positive_samples_avg_ppl": 60.536743032372385
}