{
  "correct_idxs": [
    1,
    3,
    4,
    5,
    6,
    9,
    10,
    11,
    15,
    16,
    17,
    18,
    19,
    21,
    23,
    25,
    30,
    31,
    33,
    34,
    36,
    38,
    39,
    40,
    46,
    48,
    49,
    50,
    51,
    52,
    53,
    54,
    56,
    57,
    58,
    59,
    60,
    61,
    62,
    64,
    69,
    70,
    72,
    73,
    74,
    75,
    76,
    77,
    78,
    79,
    81,
    83,
    85,
    88,
    89,
    91,
    92,
    93,
    95,
    98,
    100,
    101,
    103,
    107,
    108,
    109,
    110,
    117,
    118,
    125,
    126,
    127,
    128,
    129,
    130,
    131,
    132,
    134,
    135,
    136,
    137,
    138,
    139,
    140,
    142,
    144,
    145,
    148,
    149,
    150,
    152,
    153,
    154,
    157,
    158,
    159,
    162,
    163,
    169,
    170,
    171,
    172,
    173,
    174,
    177,
    179,
    182,
    184,
    185,
    186,
    187,
    188,
    190,
    191,
    193,
    194,
    195
  ],
  "correct_rate": 58.5,
  "negative_samples_avg_ppl": 0.37886694221912015,
  "positive_samples_avg_ppl": 0.24107870641747614
}