{
  "correct_idxs": [
    2,
    3,
    4,
    8,
    10,
    11,
    12,
    13,
    16,
    18,
    21,
    22,
    23,
    24,
    25,
    26,
    28,
    29,
    31,
    33,
    39,
    40,
    41,
    42,
    43,
    44,
    45,
    48,
    49,
    53,
    54,
    55,
    56,
    59,
    60,
    61,
    64,
    66,
    70,
    72,
    73,
    74,
    76,
    77,
    79,
    87,
    88,
    90,
    91,
    92,
    93,
    94,
    95,
    100,
    101,
    102,
    103,
    104,
    105,
    107,
    109,
    111,
    112,
    113,
    114,
    117,
    118,
    119,
    120,
    121,
    123,
    124,
    125,
    126,
    130,
    131,
    132,
    134,
    135,
    137,
    138,
    139,
    141,
    142,
    143,
    145,
    146,
    150,
    151,
    152,
    153,
    154,
    155,
    157,
    159,
    162,
    163,
    164,
    166,
    167,
    168,
    169,
    170,
    173,
    175,
    176,
    177,
    178,
    179,
    180,
    184,
    185,
    186,
    192,
    193,
    196,
    198,
    199
  ],
  "correct_rate": 59.0,
  "negative_samples_avg_ppl": 12.976953619288034,
  "positive_samples_avg_ppl": 11.36183354377568
}